0 verbose cli /opt/homebrew/Cellar/node/26.4.0/bin/node /opt/homebrew/bin/npm
1 info using npm@11.17.0
2 info using node@v26.4.0
3 silly config load:file:/opt/homebrew/lib/node_modules/npm/npmrc
4 silly config load:file:/Users/rajatmittal/Documents/Codex/2026-08-23/he/MSA-BIT-Jaipur-v2/.npmrc
5 silly config load:file:/Users/rajatmittal/.npmrc
6 silly config load:file:/opt/homebrew/etc/npmrc
7 verbose title npm install
8 verbose argv "install" "--cache" ".npm-cache"
9 verbose logfile logs-max:10 dir:/Users/rajatmittal/Documents/Codex/2026-08-23/he/MSA-BIT-Jaipur-v2/.npm-cache/_logs/2026-08-23T05_47_49_295Z-
10 verbose logfile /Users/rajatmittal/Documents/Codex/2026-08-23/he/MSA-BIT-Jaipur-v2/.npm-cache/_logs/2026-08-23T05_47_49_295Z-debug-0.log
11 silly logfile done cleaning log files
12 silly packumentCache heap:4395630592 maxSize:1098907648 maxEntrySize:549453824
13 silly idealTree buildDeps
14 silly fetch manifest @gsap/react@latest
15 silly packumentCache full:https://registry.npmjs.org/@gsap%2freact cache-miss
16 http fetch GET 200 https://registry.npmjs.org/npm 219ms
17 http fetch GET 200 https://registry.npmjs.org/@gsap%2freact 395ms (cache miss)
18 silly packumentCache full:https://registry.npmjs.org/@gsap%2freact set size:undefined disposed:false
19 silly fetch manifest gsap@latest
20 silly packumentCache full:https://registry.npmjs.org/gsap cache-miss
21 http fetch GET 200 https://registry.npmjs.org/gsap 45ms (cache miss)
22 silly packumentCache full:https://registry.npmjs.org/gsap set size:undefined disposed:false
23 silly fetch manifest react@latest
24 silly packumentCache full:https://registry.npmjs.org/react cache-miss
25 http fetch GET 200 https://registry.npmjs.org/react 363ms (cache miss)
26 silly packumentCache full:https://registry.npmjs.org/react set size:undefined disposed:false
27 silly fetch manifest lenis@latest
28 silly packumentCache full:https://registry.npmjs.org/lenis cache-miss
29 http fetch GET 200 https://registry.npmjs.org/lenis 56ms (cache miss)
30 silly packumentCache full:https://registry.npmjs.org/lenis set size:undefined disposed:false
31 silly fetch manifest @nuxt/kit@>=3.0.0
32 silly packumentCache full:https://registry.npmjs.org/@nuxt%2fkit cache-miss
33 http fetch GET 200 https://registry.npmjs.org/@nuxt%2fkit 287ms (cache miss)
34 silly packumentCache full:https://registry.npmjs.org/@nuxt%2fkit set size:undefined disposed:false
35 silly fetch manifest vue@>=3.0.0
36 silly packumentCache full:https://registry.npmjs.org/vue cache-miss
37 http fetch GET 200 https://registry.npmjs.org/vue 86ms (cache miss)
38 silly packumentCache full:https://registry.npmjs.org/vue set size:undefined disposed:false
39 silly fetch manifest typescript@latest
40 silly packumentCache full:https://registry.npmjs.org/typescript cache-miss
41 http fetch GET 200 https://registry.npmjs.org/typescript 650ms (cache miss)
42 silly packumentCache full:https://registry.npmjs.org/typescript set size:undefined disposed:false
43 silly fetch manifest next@latest
44 silly packumentCache full:https://registry.npmjs.org/next cache-miss
45 http fetch GET 200 https://registry.npmjs.org/next 633ms (cache miss)
46 silly packumentCache full:https://registry.npmjs.org/next set size:undefined disposed:false
47 silly fetch manifest @opentelemetry/api@^1.1.0
48 silly packumentCache full:https://registry.npmjs.org/@opentelemetry%2fapi cache-miss
49 http fetch GET 200 https://registry.npmjs.org/@opentelemetry%2fapi 67ms (cache miss)
50 silly packumentCache full:https://registry.npmjs.org/@opentelemetry%2fapi set size:undefined disposed:false
51 silly fetch manifest @playwright/test@^1.51.1
52 silly packumentCache full:https://registry.npmjs.org/@playwright%2ftest cache-miss
53 http fetch GET 200 https://registry.npmjs.org/@playwright%2ftest 540ms (cache miss)
54 silly packumentCache full:https://registry.npmjs.org/@playwright%2ftest set size:undefined disposed:false
55 silly fetch manifest babel-plugin-react-compiler@*
56 silly packumentCache full:https://registry.npmjs.org/babel-plugin-react-compiler cache-miss
57 http fetch GET 200 https://registry.npmjs.org/babel-plugin-react-compiler 87ms (cache miss)
58 silly packumentCache full:https://registry.npmjs.org/babel-plugin-react-compiler set size:undefined disposed:false
59 silly fetch manifest react-dom@latest
60 silly packumentCache full:https://registry.npmjs.org/react-dom cache-miss
61 http fetch GET 200 https://registry.npmjs.org/react-dom 431ms (cache miss)
62 silly packumentCache full:https://registry.npmjs.org/react-dom set size:undefined disposed:false
63 silly fetch manifest sass@^1.3.0
64 silly packumentCache full:https://registry.npmjs.org/sass cache-miss
65 http fetch GET 200 https://registry.npmjs.org/sass 109ms (cache miss)
66 silly packumentCache full:https://registry.npmjs.org/sass set size:undefined disposed:false
67 silly fetch manifest @types/node@latest
68 silly packumentCache full:https://registry.npmjs.org/@types%2fnode cache-miss
69 http fetch GET 200 https://registry.npmjs.org/@types%2fnode 386ms (cache miss)
70 silly packumentCache full:https://registry.npmjs.org/@types%2fnode set size:undefined disposed:false
71 silly fetch manifest @types/react@latest
72 silly packumentCache full:https://registry.npmjs.org/@types%2freact cache-miss
73 http fetch GET 200 https://registry.npmjs.org/@types%2freact 186ms (cache miss)
74 silly packumentCache full:https://registry.npmjs.org/@types%2freact set size:undefined disposed:false
75 silly fetch manifest @types/react-dom@latest
76 silly packumentCache full:https://registry.npmjs.org/@types%2freact-dom cache-miss
77 http fetch GET 200 https://registry.npmjs.org/@types%2freact-dom 57ms (cache miss)
78 silly packumentCache full:https://registry.npmjs.org/@types%2freact-dom set size:undefined disposed:false
79 silly fetch manifest eslint@latest
80 silly packumentCache full:https://registry.npmjs.org/eslint cache-miss
81 http fetch GET 200 https://registry.npmjs.org/eslint 114ms (cache miss)
82 silly packumentCache full:https://registry.npmjs.org/eslint set size:undefined disposed:false
83 silly fetch manifest jiti@*
84 silly packumentCache full:https://registry.npmjs.org/jiti cache-miss
85 http fetch GET 200 https://registry.npmjs.org/jiti 53ms (cache miss)
86 silly packumentCache full:https://registry.npmjs.org/jiti set size:undefined disposed:false
87 silly fetch manifest eslint-config-next@latest
88 silly packumentCache full:https://registry.npmjs.org/eslint-config-next cache-miss
89 http fetch GET 200 https://registry.npmjs.org/eslint-config-next 337ms (cache miss)
90 silly packumentCache full:https://registry.npmjs.org/eslint-config-next set size:undefined disposed:false
91 silly fetch manifest tailwindcss@latest
92 silly packumentCache full:https://registry.npmjs.org/tailwindcss cache-miss
93 http fetch GET 200 https://registry.npmjs.org/tailwindcss 363ms (cache miss)
94 silly packumentCache full:https://registry.npmjs.org/tailwindcss set size:undefined disposed:false
95 silly placeDep ROOT @gsap/react@2.1.2 OK for: msa-bit-jaipur-v2@0.1.0 want: latest
96 silly placeDep ROOT gsap@3.15.0 OK for: @gsap/react@2.1.2 want: ^3.12.5
97 silly placeDep ROOT react@19.2.8 OK for: @gsap/react@2.1.2 want: >=17
98 silly placeDep ROOT @types/node@26.2.0 OK for: msa-bit-jaipur-v2@0.1.0 want: latest
99 silly placeDep ROOT @types/react@19.2.18 OK for: msa-bit-jaipur-v2@0.1.0 want: latest
100 silly placeDep ROOT @types/react-dom@19.2.4 OK for: msa-bit-jaipur-v2@0.1.0 want: latest
101 silly placeDep ROOT eslint@10.9.0 OK for: msa-bit-jaipur-v2@0.1.0 want: latest
102 silly placeDep ROOT eslint-config-next@16.3.2 OK for: msa-bit-jaipur-v2@0.1.0 want: latest
103 silly placeDep ROOT lenis@1.3.26 OK for: msa-bit-jaipur-v2@0.1.0 want: latest
104 silly placeDep ROOT next@16.3.2 OK for: msa-bit-jaipur-v2@0.1.0 want: latest
105 silly placeDep ROOT react-dom@19.2.8 OK for: next@16.3.2 want: ^18.2.0 || 19.0.0-rc-de68d2f4-20241204 || ^19.0.0
106 silly placeDep ROOT tailwindcss@4.3.3 OK for: msa-bit-jaipur-v2@0.1.0 want: latest
107 silly placeDep ROOT typescript@7.0.2 OK for: msa-bit-jaipur-v2@0.1.0 want: latest
108 silly fetch manifest undici-types@~8.3.0
109 silly packumentCache full:https://registry.npmjs.org/undici-types cache-miss
110 silly fetch manifest csstype@^3.2.2
111 silly packumentCache full:https://registry.npmjs.org/csstype cache-miss
112 silly fetch manifest ajv@^6.14.0
113 silly packumentCache full:https://registry.npmjs.org/ajv cache-miss
114 silly fetch manifest debug@^4.3.2
115 silly packumentCache full:https://registry.npmjs.org/debug cache-miss
116 silly fetch manifest espree@^11.2.0
117 silly packumentCache full:https://registry.npmjs.org/espree cache-miss
118 silly fetch manifest ignore@^5.2.0
119 silly packumentCache full:https://registry.npmjs.org/ignore cache-miss
120 silly fetch manifest esquery@^1.7.0
121 silly packumentCache full:https://registry.npmjs.org/esquery cache-miss
122 silly fetch manifest esutils@^2.0.2
123 silly packumentCache full:https://registry.npmjs.org/esutils cache-miss
124 silly fetch manifest find-up@^5.0.0
125 silly packumentCache full:https://registry.npmjs.org/find-up cache-miss
126 http fetch GET 200 https://registry.npmjs.org/undici-types 49ms (cache miss)
127 silly packumentCache full:https://registry.npmjs.org/undici-types set size:undefined disposed:false
128 silly fetch manifest is-glob@^4.0.0
129 silly packumentCache full:https://registry.npmjs.org/is-glob cache-miss
130 http fetch GET 200 https://registry.npmjs.org/csstype 56ms (cache miss)
131 silly packumentCache full:https://registry.npmjs.org/csstype set size:undefined disposed:false
132 silly fetch manifest minimatch@^10.2.5
133 silly packumentCache full:https://registry.npmjs.org/minimatch cache-miss
134 http fetch GET 200 https://registry.npmjs.org/is-glob 34ms (cache miss)
135 silly packumentCache full:https://registry.npmjs.org/is-glob set size:undefined disposed:false
136 silly fetch manifest optionator@^0.9.3
137 silly packumentCache full:https://registry.npmjs.org/optionator cache-miss
138 http fetch GET 200 https://registry.npmjs.org/esutils 120ms (cache miss)
139 silly packumentCache full:https://registry.npmjs.org/esutils set size:undefined disposed:false
140 silly fetch manifest cross-spawn@^7.0.6
141 silly packumentCache full:https://registry.npmjs.org/cross-spawn cache-miss
142 http fetch GET 200 https://registry.npmjs.org/find-up 121ms (cache miss)
143 silly packumentCache full:https://registry.npmjs.org/find-up set size:undefined disposed:false
144 silly fetch manifest glob-parent@^6.0.2
145 silly packumentCache full:https://registry.npmjs.org/glob-parent cache-miss
146 http fetch GET 200 https://registry.npmjs.org/esquery 122ms (cache miss)
147 silly packumentCache full:https://registry.npmjs.org/esquery set size:undefined disposed:false
148 silly fetch manifest imurmurhash@^0.1.4
149 silly packumentCache full:https://registry.npmjs.org/imurmurhash cache-miss
150 http fetch GET 200 https://registry.npmjs.org/optionator 38ms (cache miss)
151 silly packumentCache full:https://registry.npmjs.org/optionator set size:undefined disposed:false
152 silly fetch manifest @eslint/core@^1.2.1
153 silly packumentCache full:https://registry.npmjs.org/@eslint%2fcore cache-miss
154 http fetch GET 200 https://registry.npmjs.org/minimatch 73ms (cache miss)
155 silly packumentCache full:https://registry.npmjs.org/minimatch set size:undefined disposed:false
156 silly fetch manifest eslint-scope@^9.1.2
157 silly packumentCache full:https://registry.npmjs.org/eslint-scope cache-miss
158 http fetch GET 200 https://registry.npmjs.org/debug 133ms (cache miss)
159 silly packumentCache full:https://registry.npmjs.org/debug set size:undefined disposed:false
160 silly fetch manifest @humanfs/node@^0.16.6
161 silly packumentCache full:https://registry.npmjs.org/@humanfs%2fnode cache-miss
162 http fetch GET 200 https://registry.npmjs.org/ignore 136ms (cache miss)
163 silly packumentCache full:https://registry.npmjs.org/ignore set size:undefined disposed:false
164 silly fetch manifest @types/estree@^1.0.6
165 silly packumentCache full:https://registry.npmjs.org/@types%2festree cache-miss
166 http fetch GET 200 https://registry.npmjs.org/espree 144ms (cache miss)
167 silly packumentCache full:https://registry.npmjs.org/espree set size:undefined disposed:false
168 silly fetch manifest fast-deep-equal@^3.1.3
169 silly packumentCache full:https://registry.npmjs.org/fast-deep-equal cache-miss
170 http fetch GET 200 https://registry.npmjs.org/imurmurhash 37ms (cache miss)
171 silly packumentCache full:https://registry.npmjs.org/imurmurhash set size:undefined disposed:false
172 silly fetch manifest natural-compare@^1.4.0
173 silly packumentCache full:https://registry.npmjs.org/natural-compare cache-miss
174 http fetch GET 200 https://registry.npmjs.org/glob-parent 41ms (cache miss)
175 silly packumentCache full:https://registry.npmjs.org/glob-parent set size:undefined disposed:false
176 silly fetch manifest file-entry-cache@^8.0.0
177 silly packumentCache full:https://registry.npmjs.org/file-entry-cache cache-miss
178 http fetch GET 200 https://registry.npmjs.org/cross-spawn 44ms (cache miss)
179 silly packumentCache full:https://registry.npmjs.org/cross-spawn set size:undefined disposed:false
180 silly fetch manifest @eslint/plugin-kit@^0.7.2
181 silly packumentCache full:https://registry.npmjs.org/@eslint%2fplugin-kit cache-miss
182 http fetch GET 200 https://registry.npmjs.org/eslint-scope 42ms (cache miss)
183 silly packumentCache full:https://registry.npmjs.org/eslint-scope set size:undefined disposed:false
184 silly fetch manifest eslint-visitor-keys@^5.0.1
185 silly packumentCache full:https://registry.npmjs.org/eslint-visitor-keys cache-miss
186 http fetch GET 200 https://registry.npmjs.org/ajv 179ms (cache miss)
187 silly packumentCache full:https://registry.npmjs.org/ajv set size:undefined disposed:false
188 silly fetch manifest @eslint/config-array@^0.23.5
189 silly packumentCache full:https://registry.npmjs.org/@eslint%2fconfig-array cache-miss
190 http fetch GET 200 https://registry.npmjs.org/@types%2festree 46ms (cache miss)
191 silly packumentCache full:https://registry.npmjs.org/@types%2festree set size:undefined disposed:false
192 silly fetch manifest @humanwhocodes/retry@^0.4.2
193 silly packumentCache full:https://registry.npmjs.org/@humanwhocodes%2fretry cache-miss
194 http fetch GET 200 https://registry.npmjs.org/@humanfs%2fnode 50ms (cache miss)
195 silly packumentCache full:https://registry.npmjs.org/@humanfs%2fnode set size:undefined disposed:false
196 silly fetch manifest escape-string-regexp@^4.0.0
197 silly packumentCache full:https://registry.npmjs.org/escape-string-regexp cache-miss
198 http fetch GET 200 https://registry.npmjs.org/@eslint%2fcore 64ms (cache miss)
199 silly packumentCache full:https://registry.npmjs.org/@eslint%2fcore set size:undefined disposed:false
200 silly fetch manifest @eslint/config-helpers@^0.7.0
201 silly packumentCache full:https://registry.npmjs.org/@eslint%2fconfig-helpers cache-miss
202 http fetch GET 200 https://registry.npmjs.org/natural-compare 33ms (cache miss)
203 silly packumentCache full:https://registry.npmjs.org/natural-compare set size:undefined disposed:false
204 silly fetch manifest @eslint-community/regexpp@^4.12.2
205 silly packumentCache full:https://registry.npmjs.org/@eslint-community%2fregexpp cache-miss
206 http fetch GET 200 https://registry.npmjs.org/fast-deep-equal 52ms (cache miss)
207 silly packumentCache full:https://registry.npmjs.org/fast-deep-equal set size:undefined disposed:false
208 silly fetch manifest @eslint-community/eslint-utils@^4.8.0
209 silly packumentCache full:https://registry.npmjs.org/@eslint-community%2feslint-utils cache-miss
210 http fetch GET 200 https://registry.npmjs.org/file-entry-cache 41ms (cache miss)
211 silly packumentCache full:https://registry.npmjs.org/file-entry-cache set size:undefined disposed:false
212 silly fetch manifest @humanwhocodes/module-importer@^1.0.1
213 silly packumentCache full:https://registry.npmjs.org/@humanwhocodes%2fmodule-importer cache-miss
214 http fetch GET 200 https://registry.npmjs.org/eslint-visitor-keys 39ms (cache miss)
215 silly packumentCache full:https://registry.npmjs.org/eslint-visitor-keys set size:undefined disposed:false
216 silly fetch manifest json-stable-stringify-without-jsonify@^1.0.1
217 silly packumentCache full:https://registry.npmjs.org/json-stable-stringify-without-jsonify cache-miss
218 http fetch GET 200 https://registry.npmjs.org/@eslint%2fplugin-kit 49ms (cache miss)
219 silly packumentCache full:https://registry.npmjs.org/@eslint%2fplugin-kit set size:undefined disposed:false
220 silly fetch manifest globals@16.4.0
221 silly packumentCache full:https://registry.npmjs.org/globals cache-miss
222 http fetch GET 200 https://registry.npmjs.org/@humanwhocodes%2fretry 49ms (cache miss)
223 silly packumentCache full:https://registry.npmjs.org/@humanwhocodes%2fretry set size:undefined disposed:false
224 silly fetch manifest typescript-eslint@^8.46.0
225 silly packumentCache full:https://registry.npmjs.org/typescript-eslint cache-miss
226 http fetch GET 200 https://registry.npmjs.org/escape-string-regexp 49ms (cache miss)
227 silly packumentCache full:https://registry.npmjs.org/escape-string-regexp set size:undefined disposed:false
228 silly fetch manifest eslint-plugin-react@^7.37.0
229 silly packumentCache full:https://registry.npmjs.org/eslint-plugin-react cache-miss
230 http fetch GET 200 https://registry.npmjs.org/@eslint%2fconfig-helpers 49ms (cache miss)
231 silly packumentCache full:https://registry.npmjs.org/@eslint%2fconfig-helpers set size:undefined disposed:false
232 silly fetch manifest eslint-plugin-import@^2.32.0
233 silly packumentCache full:https://registry.npmjs.org/eslint-plugin-import cache-miss
234 http fetch GET 200 https://registry.npmjs.org/@eslint-community%2fregexpp 54ms (cache miss)
235 silly packumentCache full:https://registry.npmjs.org/@eslint-community%2fregexpp set size:undefined disposed:false
236 silly fetch manifest eslint-plugin-jsx-a11y@^6.10.0
237 silly packumentCache full:https://registry.npmjs.org/eslint-plugin-jsx-a11y cache-miss
238 http fetch GET 200 https://registry.npmjs.org/@eslint%2fconfig-array 66ms (cache miss)
239 silly packumentCache full:https://registry.npmjs.org/@eslint%2fconfig-array set size:undefined disposed:false
240 silly fetch manifest @next/eslint-plugin-next@16.3.2
241 silly packumentCache full:https://registry.npmjs.org/@next%2feslint-plugin-next cache-miss
242 http fetch GET 200 https://registry.npmjs.org/@humanwhocodes%2fmodule-importer 46ms (cache miss)
243 silly packumentCache full:https://registry.npmjs.org/@humanwhocodes%2fmodule-importer set size:undefined disposed:false
244 silly fetch manifest eslint-plugin-react-hooks@^7.0.0
245 silly packumentCache full:https://registry.npmjs.org/eslint-plugin-react-hooks cache-miss
246 http fetch GET 200 https://registry.npmjs.org/@eslint-community%2feslint-utils 52ms (cache miss)
247 silly packumentCache full:https://registry.npmjs.org/@eslint-community%2feslint-utils set size:undefined disposed:false
248 silly fetch manifest eslint-import-resolver-node@^0.3.6
249 silly packumentCache full:https://registry.npmjs.org/eslint-import-resolver-node cache-miss
250 http fetch GET 200 https://registry.npmjs.org/json-stable-stringify-without-jsonify 49ms (cache miss)
251 silly packumentCache full:https://registry.npmjs.org/json-stable-stringify-without-jsonify set size:undefined disposed:false
252 silly fetch manifest eslint-import-resolver-typescript@^3.5.2
253 silly packumentCache full:https://registry.npmjs.org/eslint-import-resolver-typescript cache-miss
254 http fetch GET 200 https://registry.npmjs.org/globals 62ms (cache miss)
255 silly packumentCache full:https://registry.npmjs.org/globals set size:undefined disposed:false
256 silly fetch manifest postcss@8.5.23
257 silly packumentCache full:https://registry.npmjs.org/postcss cache-miss
258 http fetch GET 200 https://registry.npmjs.org/eslint-import-resolver-node 35ms (cache miss)
259 silly packumentCache full:https://registry.npmjs.org/eslint-import-resolver-node set size:undefined disposed:false
260 silly fetch manifest @next/env@16.3.2
261 silly packumentCache full:https://registry.npmjs.org/@next%2fenv cache-miss
262 http fetch GET 200 https://registry.npmjs.org/eslint-plugin-jsx-a11y 46ms (cache miss)
263 silly packumentCache full:https://registry.npmjs.org/eslint-plugin-jsx-a11y set size:undefined disposed:false
264 silly fetch manifest styled-jsx@5.1.6
265 silly packumentCache full:https://registry.npmjs.org/styled-jsx cache-miss
266 http fetch GET 200 https://registry.npmjs.org/eslint-plugin-react 61ms (cache miss)
267 silly packumentCache full:https://registry.npmjs.org/eslint-plugin-react set size:undefined disposed:false
268 silly fetch manifest @swc/helpers@0.5.23
269 silly packumentCache full:https://registry.npmjs.org/@swc%2fhelpers cache-miss
270 http fetch GET 200 https://registry.npmjs.org/eslint-plugin-import 72ms (cache miss)
271 silly packumentCache full:https://registry.npmjs.org/eslint-plugin-import set size:undefined disposed:false
272 silly fetch manifest caniuse-lite@^1.0.30001579
273 silly packumentCache full:https://registry.npmjs.org/caniuse-lite cache-miss
274 http fetch GET 200 https://registry.npmjs.org/eslint-import-resolver-typescript 54ms (cache miss)
275 silly packumentCache full:https://registry.npmjs.org/eslint-import-resolver-typescript set size:undefined disposed:false
276 silly fetch manifest baseline-browser-mapping@^2.9.19
277 silly packumentCache full:https://registry.npmjs.org/baseline-browser-mapping cache-miss
278 http fetch GET 200 https://registry.npmjs.org/baseline-browser-mapping 158ms (cache miss)
279 silly packumentCache full:https://registry.npmjs.org/baseline-browser-mapping set size:undefined disposed:false
280 silly fetch manifest sharp@^0.35.3
281 silly packumentCache full:https://registry.npmjs.org/sharp cache-miss
282 http fetch GET 200 https://registry.npmjs.org/@swc%2fhelpers 183ms (cache miss)
283 silly packumentCache full:https://registry.npmjs.org/@swc%2fhelpers set size:undefined disposed:false
284 silly fetch manifest @next/swc-darwin-x64@16.3.2
285 silly packumentCache full:https://registry.npmjs.org/@next%2fswc-darwin-x64 cache-miss
286 http fetch GET 200 https://registry.npmjs.org/caniuse-lite 443ms (cache miss)
287 silly packumentCache full:https://registry.npmjs.org/caniuse-lite set size:undefined disposed:false
288 silly fetch manifest @next/swc-darwin-arm64@16.3.2
289 silly packumentCache full:https://registry.npmjs.org/@next%2fswc-darwin-arm64 cache-miss
290 http fetch GET 200 https://registry.npmjs.org/@next%2fswc-darwin-x64 815ms (cache miss)
291 silly packumentCache full:https://registry.npmjs.org/@next%2fswc-darwin-x64 set size:undefined disposed:false
292 silly fetch manifest @next/swc-linux-x64-gnu@16.3.2
293 silly packumentCache full:https://registry.npmjs.org/@next%2fswc-linux-x64-gnu cache-miss
294 http fetch GET 200 https://registry.npmjs.org/sharp 861ms (cache miss)
295 silly packumentCache full:https://registry.npmjs.org/sharp set size:undefined disposed:false
296 silly fetch manifest @next/swc-linux-x64-musl@16.3.2
297 silly packumentCache full:https://registry.npmjs.org/@next%2fswc-linux-x64-musl cache-miss
298 http fetch GET 200 https://registry.npmjs.org/styled-jsx 1143ms (cache miss)
299 silly packumentCache full:https://registry.npmjs.org/styled-jsx set size:undefined disposed:false
300 silly fetch manifest @next/swc-win32-x64-msvc@16.3.2
301 silly packumentCache full:https://registry.npmjs.org/@next%2fswc-win32-x64-msvc cache-miss
302 http fetch GET 200 https://registry.npmjs.org/@next%2fswc-darwin-arm64 1299ms (cache miss)
303 silly packumentCache full:https://registry.npmjs.org/@next%2fswc-darwin-arm64 set size:undefined disposed:false
304 silly fetch manifest @next/swc-linux-arm64-gnu@16.3.2
305 silly packumentCache full:https://registry.npmjs.org/@next%2fswc-linux-arm64-gnu cache-miss
306 http fetch GET 200 https://registry.npmjs.org/typescript-eslint 1986ms (cache miss)
307 silly packumentCache full:https://registry.npmjs.org/typescript-eslint set size:undefined disposed:false
308 silly fetch manifest @next/swc-linux-arm64-musl@16.3.2
309 silly packumentCache full:https://registry.npmjs.org/@next%2fswc-linux-arm64-musl cache-miss
310 http fetch GET 200 https://registry.npmjs.org/@next%2fswc-linux-x64-musl 1112ms (cache miss)
311 silly packumentCache full:https://registry.npmjs.org/@next%2fswc-linux-x64-musl set size:undefined disposed:false
312 silly fetch manifest @next/swc-win32-arm64-msvc@16.3.2
313 silly packumentCache full:https://registry.npmjs.org/@next%2fswc-win32-arm64-msvc cache-miss
314 http fetch GET 200 https://registry.npmjs.org/@next%2fswc-linux-x64-gnu 1166ms (cache miss)
315 silly packumentCache full:https://registry.npmjs.org/@next%2fswc-linux-x64-gnu set size:undefined disposed:false
316 silly fetch manifest scheduler@^0.27.0
317 silly packumentCache full:https://registry.npmjs.org/scheduler cache-miss
318 http fetch GET 200 https://registry.npmjs.org/@next%2fswc-linux-arm64-gnu 1231ms (cache miss)
319 silly packumentCache full:https://registry.npmjs.org/@next%2fswc-linux-arm64-gnu set size:undefined disposed:false
320 silly fetch manifest @typescript/typescript-aix-ppc64@7.0.2
321 silly packumentCache full:https://registry.npmjs.org/@typescript%2ftypescript-aix-ppc64 cache-miss
322 http fetch GET 200 https://registry.npmjs.org/@next%2fswc-win32-arm64-msvc 1182ms (cache miss)
323 silly packumentCache full:https://registry.npmjs.org/@next%2fswc-win32-arm64-msvc set size:undefined disposed:false
324 silly fetch manifest @typescript/typescript-linux-arm@7.0.2
325 silly packumentCache full:https://registry.npmjs.org/@typescript%2ftypescript-linux-arm cache-miss
326 http fetch GET 200 https://registry.npmjs.org/@typescript%2ftypescript-linux-arm 54ms (cache miss)
327 silly packumentCache full:https://registry.npmjs.org/@typescript%2ftypescript-linux-arm set size:undefined disposed:false
328 silly fetch manifest @typescript/typescript-linux-x64@7.0.2
329 silly packumentCache full:https://registry.npmjs.org/@typescript%2ftypescript-linux-x64 cache-miss
330 http fetch GET 200 https://registry.npmjs.org/@typescript%2ftypescript-linux-x64 55ms (cache miss)
331 silly packumentCache full:https://registry.npmjs.org/@typescript%2ftypescript-linux-x64 set size:undefined disposed:false
332 silly fetch manifest @typescript/typescript-sunos-x64@7.0.2
333 silly packumentCache full:https://registry.npmjs.org/@typescript%2ftypescript-sunos-x64 cache-miss
334 http fetch GET 200 https://registry.npmjs.org/@typescript%2ftypescript-sunos-x64 46ms (cache miss)
335 silly packumentCache full:https://registry.npmjs.org/@typescript%2ftypescript-sunos-x64 set size:undefined disposed:false
336 silly fetch manifest @typescript/typescript-win32-x64@7.0.2
337 silly packumentCache full:https://registry.npmjs.org/@typescript%2ftypescript-win32-x64 cache-miss
338 http fetch GET 200 https://registry.npmjs.org/postcss 3572ms (cache miss)
339 silly packumentCache full:https://registry.npmjs.org/postcss set size:undefined disposed:false
340 silly fetch manifest @typescript/typescript-darwin-x64@7.0.2
341 silly packumentCache full:https://registry.npmjs.org/@typescript%2ftypescript-darwin-x64 cache-miss
342 http fetch GET 200 https://registry.npmjs.org/@typescript%2ftypescript-aix-ppc64 549ms (cache miss)
343 silly packumentCache full:https://registry.npmjs.org/@typescript%2ftypescript-aix-ppc64 set size:undefined disposed:false
344 silly fetch manifest @typescript/typescript-netbsd-x64@7.0.2
345 silly packumentCache full:https://registry.npmjs.org/@typescript%2ftypescript-netbsd-x64 cache-miss
346 http fetch GET 200 https://registry.npmjs.org/scheduler 1396ms (cache miss)
347 silly packumentCache full:https://registry.npmjs.org/scheduler set size:undefined disposed:false
348 silly fetch manifest @typescript/typescript-freebsd-x64@7.0.2
349 silly packumentCache full:https://registry.npmjs.org/@typescript%2ftypescript-freebsd-x64 cache-miss
350 http fetch GET 200 https://registry.npmjs.org/@typescript%2ftypescript-darwin-x64 62ms (cache miss)
351 silly packumentCache full:https://registry.npmjs.org/@typescript%2ftypescript-darwin-x64 set size:undefined disposed:false
352 silly fetch manifest @typescript/typescript-linux-arm64@7.0.2
353 silly packumentCache full:https://registry.npmjs.org/@typescript%2ftypescript-linux-arm64 cache-miss
354 http fetch GET 200 https://registry.npmjs.org/@typescript%2ftypescript-netbsd-x64 53ms (cache miss)
355 silly packumentCache full:https://registry.npmjs.org/@typescript%2ftypescript-netbsd-x64 set size:undefined disposed:false
356 silly fetch manifest @typescript/typescript-linux-ppc64@7.0.2
357 silly packumentCache full:https://registry.npmjs.org/@typescript%2ftypescript-linux-ppc64 cache-miss
358 http fetch GET 200 https://registry.npmjs.org/@typescript%2ftypescript-win32-x64 310ms (cache miss)
359 silly packumentCache full:https://registry.npmjs.org/@typescript%2ftypescript-win32-x64 set size:undefined disposed:false
360 silly fetch manifest @typescript/typescript-linux-s390x@7.0.2
361 silly packumentCache full:https://registry.npmjs.org/@typescript%2ftypescript-linux-s390x cache-miss
362 http fetch GET 200 https://registry.npmjs.org/@typescript%2ftypescript-linux-ppc64 245ms (cache miss)
363 silly packumentCache full:https://registry.npmjs.org/@typescript%2ftypescript-linux-ppc64 set size:undefined disposed:false
364 silly fetch manifest @typescript/typescript-openbsd-x64@7.0.2
365 silly packumentCache full:https://registry.npmjs.org/@typescript%2ftypescript-openbsd-x64 cache-miss
366 http fetch GET 200 https://registry.npmjs.org/@typescript%2ftypescript-freebsd-x64 307ms (cache miss)
367 silly packumentCache full:https://registry.npmjs.org/@typescript%2ftypescript-freebsd-x64 set size:undefined disposed:false
368 silly fetch manifest @typescript/typescript-win32-arm64@7.0.2
369 silly packumentCache full:https://registry.npmjs.org/@typescript%2ftypescript-win32-arm64 cache-miss
370 http fetch GET 200 https://registry.npmjs.org/@next%2fenv 4071ms (cache miss)
371 silly packumentCache full:https://registry.npmjs.org/@next%2fenv set size:undefined disposed:false
372 silly fetch manifest @typescript/typescript-darwin-arm64@7.0.2
373 silly packumentCache full:https://registry.npmjs.org/@typescript%2ftypescript-darwin-arm64 cache-miss
374 http fetch GET 200 https://registry.npmjs.org/@typescript%2ftypescript-openbsd-x64 312ms (cache miss)
375 silly packumentCache full:https://registry.npmjs.org/@typescript%2ftypescript-openbsd-x64 set size:undefined disposed:false
376 silly fetch manifest @typescript/typescript-netbsd-arm64@7.0.2
377 silly packumentCache full:https://registry.npmjs.org/@typescript%2ftypescript-netbsd-arm64 cache-miss
378 http fetch GET 200 https://registry.npmjs.org/@typescript%2ftypescript-linux-s390x 345ms (cache miss)
379 silly packumentCache full:https://registry.npmjs.org/@typescript%2ftypescript-linux-s390x set size:undefined disposed:false
380 silly fetch manifest @typescript/typescript-freebsd-arm64@7.0.2
381 silly packumentCache full:https://registry.npmjs.org/@typescript%2ftypescript-freebsd-arm64 cache-miss
382 http fetch GET 200 https://registry.npmjs.org/@typescript%2ftypescript-win32-arm64 278ms (cache miss)
383 silly packumentCache full:https://registry.npmjs.org/@typescript%2ftypescript-win32-arm64 set size:undefined disposed:false
384 silly fetch manifest @typescript/typescript-linux-loong64@7.0.2
385 silly packumentCache full:https://registry.npmjs.org/@typescript%2ftypescript-linux-loong64 cache-miss
386 http fetch GET 200 https://registry.npmjs.org/@typescript%2ftypescript-linux-arm64 584ms (cache miss)
387 silly packumentCache full:https://registry.npmjs.org/@typescript%2ftypescript-linux-arm64 set size:undefined disposed:false
388 silly fetch manifest @typescript/typescript-linux-riscv64@7.0.2
389 silly packumentCache full:https://registry.npmjs.org/@typescript%2ftypescript-linux-riscv64 cache-miss
390 http fetch GET 200 https://registry.npmjs.org/@next%2feslint-plugin-next 4412ms (cache miss)
391 silly packumentCache full:https://registry.npmjs.org/@next%2feslint-plugin-next set size:undefined disposed:false
392 silly fetch manifest @typescript/typescript-openbsd-arm64@7.0.2
393 silly packumentCache full:https://registry.npmjs.org/@typescript%2ftypescript-openbsd-arm64 cache-miss
394 http fetch GET 200 https://registry.npmjs.org/@next%2fswc-win32-x64-msvc 3253ms (cache miss)
395 silly packumentCache full:https://registry.npmjs.org/@next%2fswc-win32-x64-msvc set size:undefined disposed:false
396 silly fetch manifest @typescript/typescript-linux-mips64el@7.0.2
397 silly packumentCache full:https://registry.npmjs.org/@typescript%2ftypescript-linux-mips64el cache-miss
398 http fetch GET 200 https://registry.npmjs.org/@typescript%2ftypescript-freebsd-arm64 259ms (cache miss)
399 silly packumentCache full:https://registry.npmjs.org/@typescript%2ftypescript-freebsd-arm64 set size:undefined disposed:false
400 http fetch GET 200 https://registry.npmjs.org/@typescript%2ftypescript-linux-mips64el 55ms (cache miss)
401 silly packumentCache full:https://registry.npmjs.org/@typescript%2ftypescript-linux-mips64el set size:undefined disposed:false
402 http fetch GET 200 https://registry.npmjs.org/@typescript%2ftypescript-netbsd-arm64 296ms (cache miss)
403 silly packumentCache full:https://registry.npmjs.org/@typescript%2ftypescript-netbsd-arm64 set size:undefined disposed:false
404 http fetch GET 200 https://registry.npmjs.org/@typescript%2ftypescript-darwin-arm64 596ms (cache miss)
405 silly packumentCache full:https://registry.npmjs.org/@typescript%2ftypescript-darwin-arm64 set size:undefined disposed:false
406 http fetch GET 200 https://registry.npmjs.org/@typescript%2ftypescript-linux-loong64 578ms (cache miss)
407 silly packumentCache full:https://registry.npmjs.org/@typescript%2ftypescript-linux-loong64 set size:undefined disposed:false
408 http fetch GET 200 https://registry.npmjs.org/@typescript%2ftypescript-openbsd-arm64 522ms (cache miss)
409 silly packumentCache full:https://registry.npmjs.org/@typescript%2ftypescript-openbsd-arm64 set size:undefined disposed:false
410 http fetch GET 200 https://registry.npmjs.org/@typescript%2ftypescript-linux-riscv64 740ms (cache miss)
411 silly packumentCache full:https://registry.npmjs.org/@typescript%2ftypescript-linux-riscv64 set size:undefined disposed:false
412 http fetch GET 200 https://registry.npmjs.org/eslint-plugin-react-hooks 5044ms (cache miss)
413 silly packumentCache full:https://registry.npmjs.org/eslint-plugin-react-hooks set size:undefined disposed:false
414 http fetch GET 200 https://registry.npmjs.org/@next%2fswc-linux-arm64-musl 3142ms (cache miss)
415 silly packumentCache full:https://registry.npmjs.org/@next%2fswc-linux-arm64-musl set size:undefined disposed:false
416 silly placeDep ROOT undici-types@8.3.0 OK for: @types/node@26.2.0 want: ~8.3.0
417 silly placeDep ROOT csstype@3.2.3 OK for: @types/react@19.2.18 want: ^3.2.2
418 silly fetch manifest eslint@^6.0.0 || ^7.0.0 || >=8.0.0
419 silly packumentCache full:https://registry.npmjs.org/eslint cache-miss
420 http cache https://registry.npmjs.org/eslint 4ms (cache hit)
421 silly packumentCache full:https://registry.npmjs.org/eslint set size:2062456 disposed:false
422 silly placeDep ROOT @eslint-community/eslint-utils@4.10.1 OK for: eslint@10.9.0 want: ^4.8.0
423 silly placeDep ROOT @eslint-community/regexpp@4.12.2 OK for: eslint@10.9.0 want: ^4.12.2
424 silly placeDep ROOT @eslint/config-array@0.23.5 OK for: eslint@10.9.0 want: ^0.23.5
425 silly placeDep ROOT @eslint/config-helpers@0.7.0 OK for: eslint@10.9.0 want: ^0.7.0
426 silly placeDep ROOT @eslint/core@1.2.1 OK for: eslint@10.9.0 want: ^1.2.1
427 silly placeDep ROOT @eslint/plugin-kit@0.7.2 OK for: eslint@10.9.0 want: ^0.7.2
428 silly placeDep ROOT @humanfs/node@0.16.8 OK for: eslint@10.9.0 want: ^0.16.6
429 silly placeDep ROOT @humanwhocodes/module-importer@1.0.1 OK for: eslint@10.9.0 want: ^1.0.1
430 silly placeDep ROOT @humanwhocodes/retry@0.4.3 OK for: eslint@10.9.0 want: ^0.4.2
431 silly placeDep ROOT @types/estree@1.0.9 OK for: eslint@10.9.0 want: ^1.0.6
432 silly placeDep ROOT ajv@6.15.0 OK for: eslint@10.9.0 want: ^6.14.0
433 silly placeDep ROOT cross-spawn@7.0.6 OK for: eslint@10.9.0 want: ^7.0.6
434 silly placeDep ROOT debug@4.4.3 OK for: eslint@10.9.0 want: ^4.3.2
435 silly placeDep ROOT escape-string-regexp@4.0.0 OK for: eslint@10.9.0 want: ^4.0.0
436 silly placeDep ROOT eslint-scope@9.1.2 OK for: eslint@10.9.0 want: ^9.1.2
437 silly placeDep ROOT eslint-visitor-keys@5.0.1 OK for: eslint@10.9.0 want: ^5.0.1
438 silly placeDep ROOT espree@11.2.0 OK for: eslint@10.9.0 want: ^11.2.0
439 silly placeDep ROOT esquery@1.7.0 OK for: eslint@10.9.0 want: ^1.7.0
440 silly placeDep ROOT esutils@2.0.3 OK for: eslint@10.9.0 want: ^2.0.2
441 silly placeDep ROOT fast-deep-equal@3.1.3 OK for: eslint@10.9.0 want: ^3.1.3
442 silly placeDep ROOT file-entry-cache@8.0.0 OK for: eslint@10.9.0 want: ^8.0.0
443 silly placeDep ROOT find-up@5.0.0 OK for: eslint@10.9.0 want: ^5.0.0
444 silly placeDep ROOT glob-parent@6.0.2 OK for: eslint@10.9.0 want: ^6.0.2
445 silly placeDep ROOT ignore@5.3.2 OK for: eslint@10.9.0 want: ^5.2.0
446 silly placeDep ROOT imurmurhash@0.1.4 OK for: eslint@10.9.0 want: ^0.1.4
447 silly placeDep ROOT is-glob@4.0.3 OK for: eslint@10.9.0 want: ^4.0.0
448 silly placeDep ROOT json-stable-stringify-without-jsonify@1.0.1 OK for: eslint@10.9.0 want: ^1.0.1
449 silly placeDep ROOT minimatch@10.2.6 OK for: eslint@10.9.0 want: ^10.2.5
450 silly placeDep ROOT natural-compare@1.4.0 OK for: eslint@10.9.0 want: ^1.4.0
451 silly placeDep ROOT optionator@0.9.4 OK for: eslint@10.9.0 want: ^0.9.3
452 silly fetch manifest eslint-visitor-keys@^3.4.3
453 silly packumentCache full:https://registry.npmjs.org/eslint-visitor-keys cache-miss
454 silly fetch manifest @eslint/object-schema@^3.0.5
455 silly packumentCache full:https://registry.npmjs.org/@eslint%2fobject-schema cache-miss
456 silly fetch manifest debug@^4.3.1
457 silly packumentCache full:https://registry.npmjs.org/debug cache-miss
458 silly fetch manifest minimatch@^10.2.4
459 silly packumentCache full:https://registry.npmjs.org/minimatch cache-miss
460 silly fetch manifest @types/json-schema@^7.0.15
461 silly packumentCache full:https://registry.npmjs.org/@types%2fjson-schema cache-miss
462 silly fetch manifest levn@^0.4.1
463 silly packumentCache full:https://registry.npmjs.org/levn cache-miss
464 silly fetch manifest @humanwhocodes/retry@^0.4.0
465 silly packumentCache full:https://registry.npmjs.org/@humanwhocodes%2fretry cache-miss
466 silly fetch manifest @humanfs/core@^0.19.2
467 silly packumentCache full:https://registry.npmjs.org/@humanfs%2fcore cache-miss
468 silly fetch manifest @humanfs/types@^0.15.0
469 silly packumentCache full:https://registry.npmjs.org/@humanfs%2ftypes cache-miss
470 http cache https://registry.npmjs.org/debug 5ms (cache hit)
471 silly packumentCache full:https://registry.npmjs.org/debug set size:195840 disposed:false
472 silly fetch manifest uri-js@^4.2.2
473 silly packumentCache full:https://registry.npmjs.org/uri-js cache-miss
474 http cache https://registry.npmjs.org/eslint-visitor-keys 7ms (cache hit)
475 silly packumentCache full:https://registry.npmjs.org/eslint-visitor-keys set size:69949 disposed:false
476 silly fetch manifest fast-deep-equal@^3.1.1
477 silly packumentCache full:https://registry.npmjs.org/fast-deep-equal cache-miss
478 http cache https://registry.npmjs.org/@humanwhocodes%2fretry 7ms (cache hit)
479 silly packumentCache full:https://registry.npmjs.org/@humanwhocodes%2fretry set size:42348 disposed:false
480 silly fetch manifest json-schema-traverse@^0.4.1
481 silly packumentCache full:https://registry.npmjs.org/json-schema-traverse cache-miss
482 http cache https://registry.npmjs.org/minimatch 8ms (cache hit)
483 silly packumentCache full:https://registry.npmjs.org/minimatch set size:377924 disposed:false
484 silly fetch manifest fast-json-stable-stringify@^2.0.0
485 silly packumentCache full:https://registry.npmjs.org/fast-json-stable-stringify cache-miss
486 http cache https://registry.npmjs.org/fast-deep-equal 3ms (cache hit)
487 silly packumentCache full:https://registry.npmjs.org/fast-deep-equal set size:48634 disposed:false
488 silly fetch manifest which@^2.0.1
489 silly packumentCache full:https://registry.npmjs.org/which cache-miss
490 http fetch GET 200 https://registry.npmjs.org/levn 37ms (cache miss)
491 silly packumentCache full:https://registry.npmjs.org/levn set size:undefined disposed:false
492 silly fetch manifest path-key@^3.1.0
493 silly packumentCache full:https://registry.npmjs.org/path-key cache-miss
494 http fetch GET 200 https://registry.npmjs.org/uri-js 42ms (cache miss)
495 silly packumentCache full:https://registry.npmjs.org/uri-js set size:undefined disposed:false
496 silly fetch manifest shebang-command@^2.0.0
497 silly packumentCache full:https://registry.npmjs.org/shebang-command cache-miss
498 http fetch GET 200 https://registry.npmjs.org/@humanfs%2ftypes 54ms (cache miss)
499 silly packumentCache full:https://registry.npmjs.org/@humanfs%2ftypes set size:undefined disposed:false
500 silly fetch manifest ms@^2.1.3
501 silly packumentCache full:https://registry.npmjs.org/ms cache-miss
502 http fetch GET 200 https://registry.npmjs.org/@eslint%2fobject-schema 55ms (cache miss)
503 silly packumentCache full:https://registry.npmjs.org/@eslint%2fobject-schema set size:undefined disposed:false
504 silly fetch manifest @types/esrecurse@^4.3.1
505 silly packumentCache full:https://registry.npmjs.org/@types%2fesrecurse cache-miss
506 http fetch GET 200 https://registry.npmjs.org/fast-json-stable-stringify 46ms (cache miss)
507 silly packumentCache full:https://registry.npmjs.org/fast-json-stable-stringify set size:undefined disposed:false
508 silly fetch manifest esrecurse@^4.3.0
509 silly packumentCache full:https://registry.npmjs.org/esrecurse cache-miss
510 http fetch GET 200 https://registry.npmjs.org/@types%2fjson-schema 59ms (cache miss)
511 silly packumentCache full:https://registry.npmjs.org/@types%2fjson-schema set size:undefined disposed:false
512 silly fetch manifest estraverse@^5.2.0
513 silly packumentCache full:https://registry.npmjs.org/estraverse cache-miss
514 http fetch GET 200 https://registry.npmjs.org/json-schema-traverse 52ms (cache miss)
515 silly packumentCache full:https://registry.npmjs.org/json-schema-traverse set size:undefined disposed:false
516 silly fetch manifest acorn@^8.16.0
517 silly packumentCache full:https://registry.npmjs.org/acorn cache-miss
518 http fetch GET 200 https://registry.npmjs.org/which 53ms (cache miss)
519 silly packumentCache full:https://registry.npmjs.org/which set size:undefined disposed:false
520 silly fetch manifest acorn-jsx@^5.3.2
521 silly packumentCache full:https://registry.npmjs.org/acorn-jsx cache-miss
522 http fetch GET 200 https://registry.npmjs.org/@humanfs%2fcore 75ms (cache miss)
523 silly packumentCache full:https://registry.npmjs.org/@humanfs%2fcore set size:undefined disposed:false
524 silly fetch manifest estraverse@^5.1.0
525 silly packumentCache full:https://registry.npmjs.org/estraverse cache-miss
526 http fetch GET 200 https://registry.npmjs.org/path-key 45ms (cache miss)
527 silly packumentCache full:https://registry.npmjs.org/path-key set size:undefined disposed:false
528 silly fetch manifest flat-cache@^4.0.0
529 silly packumentCache full:https://registry.npmjs.org/flat-cache cache-miss
530 http fetch GET 200 https://registry.npmjs.org/esrecurse 39ms (cache miss)
531 silly packumentCache full:https://registry.npmjs.org/esrecurse set size:undefined disposed:false
532 silly fetch manifest locate-path@^6.0.0
533 silly packumentCache full:https://registry.npmjs.org/locate-path cache-miss
534 http fetch GET 200 https://registry.npmjs.org/shebang-command 48ms (cache miss)
535 silly packumentCache full:https://registry.npmjs.org/shebang-command set size:undefined disposed:false
536 silly fetch manifest path-exists@^4.0.0
537 silly packumentCache full:https://registry.npmjs.org/path-exists cache-miss
538 http fetch GET 200 https://registry.npmjs.org/@types%2fesrecurse 59ms (cache miss)
539 silly packumentCache full:https://registry.npmjs.org/@types%2fesrecurse set size:undefined disposed:false
540 silly fetch manifest is-glob@^4.0.3
541 silly packumentCache full:https://registry.npmjs.org/is-glob cache-miss
542 http fetch GET 200 https://registry.npmjs.org/ms 60ms (cache miss)
543 silly packumentCache full:https://registry.npmjs.org/ms set size:undefined disposed:false
544 silly fetch manifest is-extglob@^2.1.1
545 silly packumentCache full:https://registry.npmjs.org/is-extglob cache-miss
546 http fetch GET 200 https://registry.npmjs.org/acorn-jsx 51ms (cache miss)
547 silly packumentCache full:https://registry.npmjs.org/acorn-jsx set size:undefined disposed:false
548 silly fetch manifest brace-expansion@^5.0.8
549 silly packumentCache full:https://registry.npmjs.org/brace-expansion cache-miss
550 http fetch GET 200 https://registry.npmjs.org/estraverse 57ms (cache miss)
551 silly packumentCache full:https://registry.npmjs.org/estraverse set size:undefined disposed:false
552 silly fetch manifest prelude-ls@^1.2.1
553 silly packumentCache full:https://registry.npmjs.org/prelude-ls cache-miss
554 http cache https://registry.npmjs.org/is-glob 3ms (cache hit)
555 silly packumentCache full:https://registry.npmjs.org/is-glob set size:40530 disposed:false
556 silly fetch manifest deep-is@^0.1.3
557 silly packumentCache full:https://registry.npmjs.org/deep-is cache-miss
558 http fetch GET 200 https://registry.npmjs.org/path-exists 36ms (cache miss)
559 silly packumentCache full:https://registry.npmjs.org/path-exists set size:undefined disposed:false
560 silly fetch manifest word-wrap@^1.2.5
561 silly packumentCache full:https://registry.npmjs.org/word-wrap cache-miss
562 http fetch GET 200 https://registry.npmjs.org/locate-path 39ms (cache miss)
563 silly packumentCache full:https://registry.npmjs.org/locate-path set size:undefined disposed:false
564 silly fetch manifest type-check@^0.4.0
565 silly packumentCache full:https://registry.npmjs.org/type-check cache-miss
566 http fetch GET 200 https://registry.npmjs.org/flat-cache 53ms (cache miss)
567 silly packumentCache full:https://registry.npmjs.org/flat-cache set size:undefined disposed:false
568 silly fetch manifest fast-levenshtein@^2.0.6
569 silly packumentCache full:https://registry.npmjs.org/fast-levenshtein cache-miss
570 http fetch GET 200 https://registry.npmjs.org/is-extglob 33ms (cache miss)
571 silly packumentCache full:https://registry.npmjs.org/is-extglob set size:undefined disposed:false
572 http fetch GET 200 https://registry.npmjs.org/acorn 90ms (cache miss)
573 silly packumentCache full:https://registry.npmjs.org/acorn set size:undefined disposed:false
574 http fetch GET 200 https://registry.npmjs.org/estraverse 89ms (cache miss)
575 silly packumentCache full:https://registry.npmjs.org/estraverse set size:undefined disposed:false
576 http fetch GET 200 https://registry.npmjs.org/word-wrap 36ms (cache miss)
577 silly packumentCache full:https://registry.npmjs.org/word-wrap set size:undefined disposed:false
578 http fetch GET 200 https://registry.npmjs.org/brace-expansion 55ms (cache miss)
579 silly packumentCache full:https://registry.npmjs.org/brace-expansion set size:undefined disposed:false
580 http fetch GET 200 https://registry.npmjs.org/type-check 37ms (cache miss)
581 silly packumentCache full:https://registry.npmjs.org/type-check set size:undefined disposed:false
582 http fetch GET 200 https://registry.npmjs.org/fast-levenshtein 36ms (cache miss)
583 silly packumentCache full:https://registry.npmjs.org/fast-levenshtein set size:undefined disposed:false
584 http fetch GET 200 https://registry.npmjs.org/prelude-ls 61ms (cache miss)
585 silly packumentCache full:https://registry.npmjs.org/prelude-ls set size:undefined disposed:false
586 http fetch GET 200 https://registry.npmjs.org/deep-is 60ms (cache miss)
587 silly packumentCache full:https://registry.npmjs.org/deep-is set size:undefined disposed:false
588 silly placeDep node_modules/@eslint-community/eslint-utils eslint-visitor-keys@3.4.3 OK for: @eslint-community/eslint-utils@4.10.1 want: ^3.4.3
589 silly placeDep ROOT @eslint/object-schema@3.0.5 OK for: @eslint/config-array@0.23.5 want: ^3.0.5
590 silly placeDep ROOT @types/json-schema@7.0.15 OK for: @eslint/core@1.2.1 want: ^7.0.15
591 silly placeDep ROOT levn@0.4.1 OK for: @eslint/plugin-kit@0.7.2 want: ^0.4.1
592 silly fetch manifest type-check@~0.4.0
593 silly packumentCache full:https://registry.npmjs.org/type-check cache-miss
594 http cache https://registry.npmjs.org/type-check 1ms (cache hit)
595 silly packumentCache full:https://registry.npmjs.org/type-check set size:21221 disposed:false
596 silly placeDep ROOT @humanfs/core@0.19.2 OK for: @humanfs/node@0.16.8 want: ^0.19.2
597 silly placeDep ROOT @humanfs/types@0.15.0 OK for: @humanfs/node@0.16.8 want: ^0.15.0
598 silly placeDep ROOT fast-json-stable-stringify@2.1.0 OK for: ajv@6.15.0 want: ^2.0.0
599 silly placeDep ROOT json-schema-traverse@0.4.1 OK for: ajv@6.15.0 want: ^0.4.1
600 silly placeDep ROOT uri-js@4.4.1 OK for: ajv@6.15.0 want: ^4.2.2
601 silly fetch manifest punycode@^2.1.0
602 silly packumentCache full:https://registry.npmjs.org/punycode cache-miss
603 http fetch GET 200 https://registry.npmjs.org/punycode 41ms (cache miss)
604 silly packumentCache full:https://registry.npmjs.org/punycode set size:undefined disposed:false
605 silly placeDep ROOT path-key@3.1.1 OK for: cross-spawn@7.0.6 want: ^3.1.0
606 silly placeDep ROOT shebang-command@2.0.0 OK for: cross-spawn@7.0.6 want: ^2.0.0
607 silly placeDep ROOT which@2.0.2 OK for: cross-spawn@7.0.6 want: ^2.0.1
608 silly fetch manifest shebang-regex@^3.0.0
609 silly packumentCache full:https://registry.npmjs.org/shebang-regex cache-miss
610 silly fetch manifest isexe@^2.0.0
611 silly packumentCache full:https://registry.npmjs.org/isexe cache-miss
612 http fetch GET 200 https://registry.npmjs.org/shebang-regex 53ms (cache miss)
613 silly packumentCache full:https://registry.npmjs.org/shebang-regex set size:undefined disposed:false
614 http fetch GET 200 https://registry.npmjs.org/isexe 56ms (cache miss)
615 silly packumentCache full:https://registry.npmjs.org/isexe set size:undefined disposed:false
616 silly placeDep ROOT ms@2.1.3 OK for: debug@4.4.3 want: ^2.1.3
617 silly fetch manifest eslint@>=9.0.0
618 silly packumentCache full:https://registry.npmjs.org/eslint cache-miss
619 http cache https://registry.npmjs.org/eslint 3ms (cache hit)
620 silly packumentCache full:https://registry.npmjs.org/eslint set size:2062456 disposed:false
621 silly fetch manifest typescript@>=3.3.1
622 silly packumentCache full:https://registry.npmjs.org/typescript cache-miss
623 http cache https://registry.npmjs.org/typescript 18ms (cache hit)
624 silly packumentCache full:https://registry.npmjs.org/typescript set size:15580933 disposed:false
625 silly fetch manifest typescript@>=4.8.4 <6.1.0
626 silly packumentCache full:https://registry.npmjs.org/typescript cache-miss
627 http cache https://registry.npmjs.org/typescript 11ms (cache hit)
628 silly packumentCache full:https://registry.npmjs.org/typescript set size:15580933 disposed:false
629 silly fetch manifest eslint@^3 || ^4 || ^5 || ^6 || ^7 || ^8 || ^9.7
630 silly packumentCache full:https://registry.npmjs.org/eslint cache-miss
631 http cache https://registry.npmjs.org/eslint 5ms (cache hit)
632 silly packumentCache full:https://registry.npmjs.org/eslint set size:2062456 disposed:false
633 silly fetch manifest eslint@^2 || ^3 || ^4 || ^5 || ^6 || ^7.2.0 || ^8 || ^9
634 silly packumentCache full:https://registry.npmjs.org/eslint cache-miss
635 http cache https://registry.npmjs.org/eslint 2ms (cache hit)
636 silly packumentCache full:https://registry.npmjs.org/eslint set size:2062456 disposed:false
637 silly fetch manifest eslint@^3 || ^4 || ^5 || ^6 || ^7 || ^8 || ^9
638 silly packumentCache full:https://registry.npmjs.org/eslint cache-miss
639 http cache https://registry.npmjs.org/eslint 3ms (cache hit)
640 silly packumentCache full:https://registry.npmjs.org/eslint set size:2062456 disposed:false
641 silly fetch manifest eslint-plugin-import-x@*
642 silly packumentCache full:https://registry.npmjs.org/eslint-plugin-import-x cache-miss
643 http fetch GET 200 https://registry.npmjs.org/eslint-plugin-import-x 53ms (cache miss)
644 silly packumentCache full:https://registry.npmjs.org/eslint-plugin-import-x set size:undefined disposed:false
645 silly fetch manifest @typescript-eslint/utils@^8.56.0
646 silly packumentCache full:https://registry.npmjs.org/@typescript-eslint%2futils cache-miss
647 http fetch GET 200 https://registry.npmjs.org/@typescript-eslint%2futils 1308ms (cache miss)
648 silly packumentCache full:https://registry.npmjs.org/@typescript-eslint%2futils set size:undefined disposed:false
649 silly placeDep ROOT @next/eslint-plugin-next@16.3.2 OK for: eslint-config-next@16.3.2 want: 16.3.2
650 silly placeDep ROOT eslint-import-resolver-node@0.3.10 OK for: eslint-config-next@16.3.2 want: ^0.3.6
651 silly placeDep ROOT eslint-import-resolver-typescript@3.10.1 OK for: eslint-config-next@16.3.2 want: ^3.5.2
652 silly placeDep ROOT eslint-plugin-import@2.32.0 OK for: eslint-config-next@16.3.2 want: ^2.32.0
653 silly placeDep ROOT eslint@9.39.5 REPLACE for: eslint-plugin-import@2.32.0 want: ^2 || ^3 || ^4 || ^5 || ^6 || ^7.2.0 || ^8 || ^9
654 silly placeDep ROOT eslint-plugin-jsx-a11y@6.10.2 OK for: eslint-config-next@16.3.2 want: ^6.10.0
655 silly placeDep ROOT eslint-plugin-react@7.37.5 OK for: eslint-config-next@16.3.2 want: ^7.37.0
656 silly placeDep ROOT eslint-plugin-react-hooks@7.1.1 OK for: eslint-config-next@16.3.2 want: ^7.0.0
657 silly placeDep ROOT globals@16.4.0 OK for: eslint-config-next@16.3.2 want: 16.4.0
658 silly placeDep ROOT typescript-eslint@8.67.0 OK for: eslint-config-next@16.3.2 want: ^8.46.0
659 silly placeDep ROOT typescript@6.0.3 REPLACE for: typescript-eslint@8.67.0 want: >=4.8.4 <6.1.0
660 silly fetch manifest fast-glob@3.3.1
661 silly packumentCache full:https://registry.npmjs.org/fast-glob cache-miss
662 silly fetch manifest @eslint-community/eslint-utils@4.9.1
663 silly packumentCache full:https://registry.npmjs.org/@eslint-community%2feslint-utils cache-miss
664 silly fetch manifest debug@^3.2.7
665 silly packumentCache full:https://registry.npmjs.org/debug cache-hit
666 silly fetch manifest resolve@^2.0.0-next.6
667 silly packumentCache full:https://registry.npmjs.org/resolve cache-miss
668 silly fetch manifest is-core-module@^2.16.1
669 silly packumentCache full:https://registry.npmjs.org/is-core-module cache-miss
670 silly fetch manifest tinyglobby@^0.2.13
671 silly packumentCache full:https://registry.npmjs.org/tinyglobby cache-miss
672 silly fetch manifest stable-hash@^0.0.5
673 silly packumentCache full:https://registry.npmjs.org/stable-hash cache-miss
674 silly fetch manifest get-tsconfig@^4.10.0
675 silly packumentCache full:https://registry.npmjs.org/get-tsconfig cache-miss
676 silly fetch manifest is-bun-module@^2.0.0
677 silly packumentCache full:https://registry.npmjs.org/is-bun-module cache-miss
678 silly fetch manifest unrs-resolver@^1.6.2
679 silly packumentCache full:https://registry.npmjs.org/unrs-resolver cache-miss
680 http cache https://registry.npmjs.org/@eslint-community%2feslint-utils 4ms (cache hit)
681 silly packumentCache full:https://registry.npmjs.org/@eslint-community%2feslint-utils set size:108339 disposed:false
682 silly fetch manifest @nolyfill/is-core-module@1.0.39
683 silly packumentCache full:https://registry.npmjs.org/@nolyfill%2fis-core-module cache-miss
684 http fetch GET 200 https://registry.npmjs.org/stable-hash 43ms (cache miss)
685 silly packumentCache full:https://registry.npmjs.org/stable-hash set size:undefined disposed:false
686 silly fetch manifest @rtsao/scc@^1.1.0
687 silly packumentCache full:https://registry.npmjs.org/@rtsao%2fscc cache-miss
688 http fetch GET 200 https://registry.npmjs.org/@nolyfill%2fis-core-module 47ms (cache miss)
689 silly packumentCache full:https://registry.npmjs.org/@nolyfill%2fis-core-module set size:undefined disposed:false
690 silly fetch manifest array-includes@^3.1.9
691 silly packumentCache full:https://registry.npmjs.org/array-includes cache-miss
692 http fetch GET 200 https://registry.npmjs.org/is-bun-module 54ms (cache miss)
693 silly packumentCache full:https://registry.npmjs.org/is-bun-module set size:undefined disposed:false
694 silly fetch manifest array.prototype.findlastindex@^1.2.6
695 silly packumentCache full:https://registry.npmjs.org/array.prototype.findlastindex cache-miss
696 http fetch GET 200 https://registry.npmjs.org/is-core-module 58ms (cache miss)
697 silly packumentCache full:https://registry.npmjs.org/is-core-module set size:undefined disposed:false
698 silly fetch manifest array.prototype.flat@^1.3.3
699 silly packumentCache full:https://registry.npmjs.org/array.prototype.flat cache-miss
700 http fetch GET 200 https://registry.npmjs.org/fast-glob 59ms (cache miss)
701 silly packumentCache full:https://registry.npmjs.org/fast-glob set size:undefined disposed:false
702 silly fetch manifest array.prototype.flatmap@^1.3.3
703 silly packumentCache full:https://registry.npmjs.org/array.prototype.flatmap cache-miss
704 http fetch GET 200 https://registry.npmjs.org/get-tsconfig 60ms (cache miss)
705 silly packumentCache full:https://registry.npmjs.org/get-tsconfig set size:undefined disposed:false
706 silly fetch manifest doctrine@^2.1.0
707 silly packumentCache full:https://registry.npmjs.org/doctrine cache-miss
708 http fetch GET 200 https://registry.npmjs.org/resolve 66ms (cache miss)
709 silly packumentCache full:https://registry.npmjs.org/resolve set size:undefined disposed:false
710 silly fetch manifest eslint-module-utils@^2.12.1
711 silly packumentCache full:https://registry.npmjs.org/eslint-module-utils cache-miss
712 http fetch GET 200 https://registry.npmjs.org/unrs-resolver 90ms (cache miss)
713 silly packumentCache full:https://registry.npmjs.org/unrs-resolver set size:undefined disposed:false
714 silly fetch manifest hasown@^2.0.2
715 silly packumentCache full:https://registry.npmjs.org/hasown cache-miss
716 http fetch GET 200 https://registry.npmjs.org/@rtsao%2fscc 48ms (cache miss)
717 silly packumentCache full:https://registry.npmjs.org/@rtsao%2fscc set size:undefined disposed:false
718 silly fetch manifest minimatch@^3.1.2
719 silly packumentCache full:https://registry.npmjs.org/minimatch cache-hit
720 silly fetch manifest object.fromentries@^2.0.8
721 silly packumentCache full:https://registry.npmjs.org/object.fromentries cache-miss
722 http fetch GET 200 https://registry.npmjs.org/array-includes 41ms (cache miss)
723 silly packumentCache full:https://registry.npmjs.org/array-includes set size:undefined disposed:false
724 silly fetch manifest object.groupby@^1.0.3
725 silly packumentCache full:https://registry.npmjs.org/object.groupby cache-miss
726 http fetch GET 200 https://registry.npmjs.org/array.prototype.flatmap 36ms (cache miss)
727 silly packumentCache full:https://registry.npmjs.org/array.prototype.flatmap set size:undefined disposed:false
728 silly fetch manifest object.values@^1.2.1
729 silly packumentCache full:https://registry.npmjs.org/object.values cache-miss
730 http fetch GET 200 https://registry.npmjs.org/array.prototype.flat 42ms (cache miss)
731 silly packumentCache full:https://registry.npmjs.org/array.prototype.flat set size:undefined disposed:false
732 silly fetch manifest semver@^6.3.1
733 silly packumentCache full:https://registry.npmjs.org/semver cache-miss
734 http fetch GET 200 https://registry.npmjs.org/doctrine 41ms (cache miss)
735 silly packumentCache full:https://registry.npmjs.org/doctrine set size:undefined disposed:false
736 silly fetch manifest string.prototype.trimend@^1.0.9
737 silly packumentCache full:https://registry.npmjs.org/string.prototype.trimend cache-miss
738 http fetch GET 200 https://registry.npmjs.org/eslint-module-utils 42ms (cache miss)
739 silly packumentCache full:https://registry.npmjs.org/eslint-module-utils set size:undefined disposed:false
740 silly fetch manifest tsconfig-paths@^3.15.0
741 silly packumentCache full:https://registry.npmjs.org/tsconfig-paths cache-miss
742 http fetch GET 200 https://registry.npmjs.org/array.prototype.findlastindex 65ms (cache miss)
743 silly packumentCache full:https://registry.npmjs.org/array.prototype.findlastindex set size:undefined disposed:false
744 silly fetch manifest chalk@^4.0.0
745 silly packumentCache full:https://registry.npmjs.org/chalk cache-miss
746 http fetch GET 200 https://registry.npmjs.org/tinyglobby 122ms (cache miss)
747 silly packumentCache full:https://registry.npmjs.org/tinyglobby set size:undefined disposed:false
748 silly fetch manifest espree@^10.4.0
749 silly packumentCache full:https://registry.npmjs.org/espree cache-miss
750 http cache https://registry.npmjs.org/espree 1ms (cache hit)
751 silly packumentCache full:https://registry.npmjs.org/espree set size:326080 disposed:false
752 silly fetch manifest minimatch@^3.1.5
753 silly packumentCache full:https://registry.npmjs.org/minimatch cache-hit
754 silly fetch manifest @eslint/js@9.39.5
755 silly packumentCache full:https://registry.npmjs.org/@eslint%2fjs cache-miss
756 http fetch GET 200 https://registry.npmjs.org/object.fromentries 45ms (cache miss)
757 silly packumentCache full:https://registry.npmjs.org/object.fromentries set size:undefined disposed:false
758 silly fetch manifest @eslint/core@^0.17.0
759 silly packumentCache full:https://registry.npmjs.org/@eslint%2fcore cache-miss
760 http fetch GET 200 https://registry.npmjs.org/object.values 42ms (cache miss)
761 silly packumentCache full:https://registry.npmjs.org/object.values set size:undefined disposed:false
762 silly fetch manifest eslint-scope@^8.4.0
763 silly packumentCache full:https://registry.npmjs.org/eslint-scope cache-miss
764 http cache https://registry.npmjs.org/@eslint%2fcore 2ms (cache hit)
765 silly packumentCache full:https://registry.npmjs.org/@eslint%2fcore set size:58023 disposed:false
766 silly fetch manifest lodash.merge@^4.6.2
767 silly packumentCache full:https://registry.npmjs.org/lodash.merge cache-miss
768 http cache https://registry.npmjs.org/eslint-scope 3ms (cache hit)
769 silly packumentCache full:https://registry.npmjs.org/eslint-scope set size:98867 disposed:false
770 silly fetch manifest @eslint/eslintrc@^3.3.6
771 silly packumentCache full:https://registry.npmjs.org/@eslint%2feslintrc cache-miss
772 http fetch GET 200 https://registry.npmjs.org/string.prototype.trimend 39ms (cache miss)
773 silly packumentCache full:https://registry.npmjs.org/string.prototype.trimend set size:undefined disposed:false
774 silly fetch manifest @eslint/plugin-kit@^0.4.1
775 silly packumentCache full:https://registry.npmjs.org/@eslint%2fplugin-kit cache-miss
776 http fetch GET 200 https://registry.npmjs.org/hasown 52ms (cache miss)
777 silly packumentCache full:https://registry.npmjs.org/hasown set size:undefined disposed:false
778 silly fetch manifest eslint-visitor-keys@^4.2.1
779 silly packumentCache full:https://registry.npmjs.org/eslint-visitor-keys cache-hit
780 silly fetch manifest @eslint/config-array@^0.21.2
781 silly packumentCache full:https://registry.npmjs.org/@eslint%2fconfig-array cache-miss
782 http cache https://registry.npmjs.org/@eslint%2fplugin-kit 3ms (cache hit)
783 silly packumentCache full:https://registry.npmjs.org/@eslint%2fplugin-kit set size:76057 disposed:false
784 silly fetch manifest @eslint/config-helpers@^0.4.2
785 silly packumentCache full:https://registry.npmjs.org/@eslint%2fconfig-helpers cache-miss
786 http cache https://registry.npmjs.org/@eslint%2fconfig-array 3ms (cache hit)
787 silly packumentCache full:https://registry.npmjs.org/@eslint%2fconfig-array set size:74140 disposed:false
788 silly fetch manifest aria-query@^5.3.2
789 silly packumentCache full:https://registry.npmjs.org/aria-query cache-miss
790 http cache https://registry.npmjs.org/@eslint%2fconfig-helpers 2ms (cache hit)
791 silly packumentCache full:https://registry.npmjs.org/@eslint%2fconfig-helpers set size:55216 disposed:false
792 silly fetch manifest array-includes@^3.1.8
793 silly packumentCache full:https://registry.npmjs.org/array-includes cache-miss
794 http cache https://registry.npmjs.org/array-includes 1ms (cache hit)
795 silly packumentCache full:https://registry.npmjs.org/array-includes set size:77143 disposed:false
796 silly fetch manifest array.prototype.flatmap@^1.3.2
797 silly packumentCache full:https://registry.npmjs.org/array.prototype.flatmap cache-miss
798 http cache https://registry.npmjs.org/array.prototype.flatmap 1ms (cache hit)
799 silly packumentCache full:https://registry.npmjs.org/array.prototype.flatmap set size:51458 disposed:false
800 silly fetch manifest ast-types-flow@^0.0.8
801 silly packumentCache full:https://registry.npmjs.org/ast-types-flow cache-miss
802 http fetch GET 200 https://registry.npmjs.org/object.groupby 56ms (cache miss)
803 silly packumentCache full:https://registry.npmjs.org/object.groupby set size:undefined disposed:false
804 silly fetch manifest axe-core@^4.10.0
805 silly packumentCache full:https://registry.npmjs.org/axe-core cache-miss
806 http fetch GET 200 https://registry.npmjs.org/tsconfig-paths 54ms (cache miss)
807 silly packumentCache full:https://registry.npmjs.org/tsconfig-paths set size:undefined disposed:false
808 silly fetch manifest axobject-query@^4.1.0
809 silly packumentCache full:https://registry.npmjs.org/axobject-query cache-miss
810 http fetch GET 200 https://registry.npmjs.org/lodash.merge 45ms (cache miss)
811 silly packumentCache full:https://registry.npmjs.org/lodash.merge set size:undefined disposed:false
812 silly fetch manifest damerau-levenshtein@^1.0.8
813 silly packumentCache full:https://registry.npmjs.org/damerau-levenshtein cache-miss
814 http fetch GET 200 https://registry.npmjs.org/aria-query 47ms (cache miss)
815 silly packumentCache full:https://registry.npmjs.org/aria-query set size:undefined disposed:false
816 silly fetch manifest emoji-regex@^9.2.2
817 silly packumentCache full:https://registry.npmjs.org/emoji-regex cache-miss
818 http fetch GET 200 https://registry.npmjs.org/semver 101ms (cache miss)
819 silly packumentCache full:https://registry.npmjs.org/semver set size:undefined disposed:false
820 silly fetch manifest jsx-ast-utils@^3.3.5
821 silly packumentCache full:https://registry.npmjs.org/jsx-ast-utils cache-miss
822 http fetch GET 200 https://registry.npmjs.org/axobject-query 43ms (cache miss)
823 silly packumentCache full:https://registry.npmjs.org/axobject-query set size:undefined disposed:false
824 silly fetch manifest language-tags@^1.0.9
825 silly packumentCache full:https://registry.npmjs.org/language-tags cache-miss
826 http fetch GET 200 https://registry.npmjs.org/@eslint%2feslintrc 69ms (cache miss)
827 silly packumentCache full:https://registry.npmjs.org/@eslint%2feslintrc set size:undefined disposed:false
828 silly fetch manifest safe-regex-test@^1.0.3
829 silly packumentCache full:https://registry.npmjs.org/safe-regex-test cache-miss
830 http fetch GET 200 https://registry.npmjs.org/damerau-levenshtein 43ms (cache miss)
831 silly packumentCache full:https://registry.npmjs.org/damerau-levenshtein set size:undefined disposed:false
832 silly fetch manifest string.prototype.includes@^2.0.1
833 silly packumentCache full:https://registry.npmjs.org/string.prototype.includes cache-miss
834 http fetch GET 200 https://registry.npmjs.org/emoji-regex 48ms (cache miss)
835 silly packumentCache full:https://registry.npmjs.org/emoji-regex set size:undefined disposed:false
836 silly fetch manifest array.prototype.findlast@^1.2.5
837 silly packumentCache full:https://registry.npmjs.org/array.prototype.findlast cache-miss
838 http fetch GET 200 https://registry.npmjs.org/safe-regex-test 37ms (cache miss)
839 silly packumentCache full:https://registry.npmjs.org/safe-regex-test set size:undefined disposed:false
840 silly fetch manifest array.prototype.tosorted@^1.1.4
841 silly packumentCache full:https://registry.npmjs.org/array.prototype.tosorted cache-miss
842 http fetch GET 200 https://registry.npmjs.org/language-tags 40ms (cache miss)
843 silly packumentCache full:https://registry.npmjs.org/language-tags set size:undefined disposed:false
844 silly fetch manifest es-iterator-helpers@^1.2.1
845 silly packumentCache full:https://registry.npmjs.org/es-iterator-helpers cache-miss
846 http fetch GET 200 https://registry.npmjs.org/array.prototype.findlast 79ms (cache miss)
847 silly packumentCache full:https://registry.npmjs.org/array.prototype.findlast set size:undefined disposed:false
848 silly fetch manifest estraverse@^5.3.0
849 silly packumentCache full:https://registry.npmjs.org/estraverse cache-miss
850 http cache https://registry.npmjs.org/estraverse 1ms (cache hit)
851 silly packumentCache full:https://registry.npmjs.org/estraverse set size:62412 disposed:false
852 silly fetch manifest jsx-ast-utils@^2.4.1 || ^3.0.0
853 silly packumentCache full:https://registry.npmjs.org/jsx-ast-utils cache-miss
854 http fetch GET 200 https://registry.npmjs.org/es-iterator-helpers 103ms (cache miss)
855 silly packumentCache full:https://registry.npmjs.org/es-iterator-helpers set size:undefined disposed:false
856 silly fetch manifest object.entries@^1.1.9
857 silly packumentCache full:https://registry.npmjs.org/object.entries cache-miss
858 http fetch GET 200 https://registry.npmjs.org/jsx-ast-utils 148ms (cache miss)
859 silly packumentCache full:https://registry.npmjs.org/jsx-ast-utils set size:undefined disposed:false
860 silly fetch manifest prop-types@^15.8.1
861 silly packumentCache full:https://registry.npmjs.org/prop-types cache-miss
862 http fetch GET 200 https://registry.npmjs.org/array.prototype.tosorted 110ms (cache miss)
863 silly packumentCache full:https://registry.npmjs.org/array.prototype.tosorted set size:undefined disposed:false
864 silly fetch manifest resolve@^2.0.0-next.5
865 silly packumentCache full:https://registry.npmjs.org/resolve cache-miss
866 http cache https://registry.npmjs.org/resolve 1ms (cache hit)
867 silly packumentCache full:https://registry.npmjs.org/resolve set size:244568 disposed:false
868 silly fetch manifest string.prototype.matchall@^4.0.12
869 silly packumentCache full:https://registry.npmjs.org/string.prototype.matchall cache-miss
870 http fetch GET 200 https://registry.npmjs.org/string.prototype.matchall 55ms (cache miss)
871 silly packumentCache full:https://registry.npmjs.org/string.prototype.matchall set size:undefined disposed:false
872 silly fetch manifest string.prototype.repeat@^1.0.0
873 silly packumentCache full:https://registry.npmjs.org/string.prototype.repeat cache-miss
874 http fetch GET 200 https://registry.npmjs.org/ast-types-flow 302ms (cache miss)
875 silly packumentCache full:https://registry.npmjs.org/ast-types-flow set size:undefined disposed:false
876 silly fetch manifest zod@^3.25.0 || ^4.0.0
877 silly packumentCache full:https://registry.npmjs.org/zod cache-miss
878 http fetch GET 200 https://registry.npmjs.org/prop-types 122ms (cache miss)
879 silly packumentCache full:https://registry.npmjs.org/prop-types set size:undefined disposed:false
880 silly fetch manifest @babel/core@^7.24.4
881 silly packumentCache full:https://registry.npmjs.org/@babel%2fcore cache-miss
882 http fetch GET 200 https://registry.npmjs.org/string.prototype.repeat 75ms (cache miss)
883 silly packumentCache full:https://registry.npmjs.org/string.prototype.repeat set size:undefined disposed:false
884 silly fetch manifest @babel/parser@^7.24.4
885 silly packumentCache full:https://registry.npmjs.org/@babel%2fparser cache-miss
886 http fetch GET 200 https://registry.npmjs.org/object.entries 234ms (cache miss)
887 silly packumentCache full:https://registry.npmjs.org/object.entries set size:undefined disposed:false
888 silly fetch manifest hermes-parser@^0.25.1
889 silly packumentCache full:https://registry.npmjs.org/hermes-parser cache-miss
890 http fetch GET 200 https://registry.npmjs.org/jsx-ast-utils 295ms (cache miss)
891 silly packumentCache full:https://registry.npmjs.org/jsx-ast-utils set size:undefined disposed:false
892 silly fetch manifest zod-validation-error@^3.5.0 || ^4.0.0
893 silly packumentCache full:https://registry.npmjs.org/zod-validation-error cache-miss
894 http fetch GET 200 https://registry.npmjs.org/@eslint%2fjs 569ms (cache miss)
895 silly packumentCache full:https://registry.npmjs.org/@eslint%2fjs set size:undefined disposed:false
896 silly fetch manifest @typescript-eslint/utils@8.67.0
897 silly packumentCache full:https://registry.npmjs.org/@typescript-eslint%2futils cache-miss
898 http cache https://registry.npmjs.org/@typescript-eslint%2futils 15ms (cache hit)
899 silly packumentCache full:https://registry.npmjs.org/@typescript-eslint%2futils set size:10761579 disposed:false
900 silly fetch manifest @typescript-eslint/parser@8.67.0
901 silly packumentCache full:https://registry.npmjs.org/@typescript-eslint%2fparser cache-miss
902 http fetch GET 200 https://registry.npmjs.org/hermes-parser 347ms (cache miss)
903 silly packumentCache full:https://registry.npmjs.org/hermes-parser set size:undefined disposed:false
904 silly fetch manifest @typescript-eslint/eslint-plugin@8.67.0
905 silly packumentCache full:https://registry.npmjs.org/@typescript-eslint%2feslint-plugin cache-miss
906 http fetch GET 200 https://registry.npmjs.org/zod-validation-error 360ms (cache miss)
907 silly packumentCache full:https://registry.npmjs.org/zod-validation-error set size:undefined disposed:false
908 silly fetch manifest @typescript-eslint/typescript-estree@8.67.0
909 silly packumentCache full:https://registry.npmjs.org/@typescript-eslint%2ftypescript-estree cache-miss
910 http fetch GET 200 https://registry.npmjs.org/string.prototype.includes 1113ms (cache miss)
911 silly packumentCache full:https://registry.npmjs.org/string.prototype.includes set size:undefined disposed:false
912 http fetch GET 200 https://registry.npmjs.org/@babel%2fparser 854ms (cache miss)
913 silly packumentCache full:https://registry.npmjs.org/@babel%2fparser set size:undefined disposed:false
914 http fetch GET 200 https://registry.npmjs.org/@babel%2fcore 928ms (cache miss)
915 silly packumentCache full:https://registry.npmjs.org/@babel%2fcore set size:undefined disposed:false
916 http fetch GET 200 https://registry.npmjs.org/axe-core 2045ms (cache miss)
917 silly packumentCache full:https://registry.npmjs.org/axe-core set size:undefined disposed:false
918 http fetch GET 200 https://registry.npmjs.org/zod 2508ms (cache miss)
919 silly packumentCache full:https://registry.npmjs.org/zod set size:undefined disposed:false
920 http fetch GET 200 https://registry.npmjs.org/@typescript-eslint%2ftypescript-estree 2448ms (cache miss)
921 silly packumentCache full:https://registry.npmjs.org/@typescript-eslint%2ftypescript-estree set size:undefined disposed:false
922 http fetch GET 200 https://registry.npmjs.org/chalk 3549ms (cache miss)
923 silly packumentCache full:https://registry.npmjs.org/chalk set size:undefined disposed:false
924 http fetch GET 200 https://registry.npmjs.org/@typescript-eslint%2feslint-plugin 3199ms (cache miss)
925 silly packumentCache full:https://registry.npmjs.org/@typescript-eslint%2feslint-plugin set size:undefined disposed:false
926 http fetch GET 200 https://registry.npmjs.org/@typescript-eslint%2fparser 4460ms (cache miss)
927 silly packumentCache full:https://registry.npmjs.org/@typescript-eslint%2fparser set size:undefined disposed:false
928 silly placeDep node_modules/@next/eslint-plugin-next @eslint-community/eslint-utils@4.9.1 OK for: @next/eslint-plugin-next@16.3.2 want: 4.9.1
929 silly placeDep ROOT fast-glob@3.3.1 OK for: @next/eslint-plugin-next@16.3.2 want: 3.3.1
930 silly fetch manifest merge2@^1.3.0
931 silly packumentCache full:https://registry.npmjs.org/merge2 cache-miss
932 silly fetch manifest micromatch@^4.0.4
933 silly packumentCache full:https://registry.npmjs.org/micromatch cache-miss
934 silly fetch manifest glob-parent@^5.1.2
935 silly packumentCache full:https://registry.npmjs.org/glob-parent cache-miss
936 silly fetch manifest @nodelib/fs.stat@^2.0.2
937 silly packumentCache full:https://registry.npmjs.org/@nodelib%2ffs.stat cache-miss
938 silly fetch manifest @nodelib/fs.walk@^1.2.3
939 silly packumentCache full:https://registry.npmjs.org/@nodelib%2ffs.walk cache-miss
940 http cache https://registry.npmjs.org/glob-parent 2ms (cache hit)
941 silly packumentCache full:https://registry.npmjs.org/glob-parent set size:42445 disposed:false
942 http fetch GET 200 https://registry.npmjs.org/@nodelib%2ffs.walk 61ms (cache miss)
943 silly packumentCache full:https://registry.npmjs.org/@nodelib%2ffs.walk set size:undefined disposed:false
944 http fetch GET 200 https://registry.npmjs.org/@nodelib%2ffs.stat 97ms (cache miss)
945 silly packumentCache full:https://registry.npmjs.org/@nodelib%2ffs.stat set size:undefined disposed:false
946 http fetch GET 200 https://registry.npmjs.org/micromatch 182ms (cache miss)
947 silly packumentCache full:https://registry.npmjs.org/micromatch set size:undefined disposed:false
948 http fetch GET 200 https://registry.npmjs.org/merge2 258ms (cache miss)
949 silly packumentCache full:https://registry.npmjs.org/merge2 set size:undefined disposed:false
950 silly placeDep ROOT @eslint/config-array@0.21.2 OK for: eslint@9.39.5 want: ^0.21.2
951 silly placeDep ROOT @eslint/config-helpers@0.4.2 OK for: eslint@9.39.5 want: ^0.4.2
952 silly placeDep ROOT @eslint/core@0.17.0 OK for: eslint@9.39.5 want: ^0.17.0
953 silly placeDep ROOT @eslint/eslintrc@3.3.6 OK for: eslint@9.39.5 want: ^3.3.6
954 silly placeDep ROOT @eslint/js@9.39.5 OK for: eslint@9.39.5 want: 9.39.5
955 silly placeDep ROOT @eslint/plugin-kit@0.4.1 OK for: eslint@9.39.5 want: ^0.4.1
956 silly placeDep ROOT @types/estree@1.0.9 OK for: eslint@9.39.5 want: ^1.0.6
957 silly placeDep ROOT chalk@4.1.2 OK for: eslint@9.39.5 want: ^4.0.0
958 silly placeDep ROOT eslint-scope@8.4.0 OK for: eslint@9.39.5 want: ^8.4.0
959 silly placeDep ROOT eslint-visitor-keys@4.2.1 OK for: eslint@9.39.5 want: ^4.2.1
960 silly placeDep ROOT espree@10.4.0 OK for: eslint@9.39.5 want: ^10.4.0
961 silly placeDep ROOT lodash.merge@4.6.2 OK for: eslint@9.39.5 want: ^4.6.2
962 silly placeDep ROOT minimatch@3.1.5 OK for: eslint@9.39.5 want: ^3.1.5
963 silly fetch manifest @eslint/object-schema@^2.1.7
964 silly packumentCache full:https://registry.npmjs.org/@eslint%2fobject-schema cache-miss
965 silly fetch manifest espree@^10.0.1
966 silly packumentCache full:https://registry.npmjs.org/espree cache-hit
967 silly fetch manifest globals@^14.0.0
968 silly packumentCache full:https://registry.npmjs.org/globals cache-miss
969 silly fetch manifest import-fresh@^3.2.1
970 silly packumentCache full:https://registry.npmjs.org/import-fresh cache-miss
971 silly fetch manifest js-yaml@^4.3.0
972 silly packumentCache full:https://registry.npmjs.org/js-yaml cache-miss
973 silly fetch manifest strip-json-comments@^3.1.1
974 silly packumentCache full:https://registry.npmjs.org/strip-json-comments cache-miss
975 silly fetch manifest ansi-styles@^4.1.0
976 silly packumentCache full:https://registry.npmjs.org/ansi-styles cache-miss
977 silly fetch manifest supports-color@^7.1.0
978 silly packumentCache full:https://registry.npmjs.org/supports-color cache-miss
979 silly fetch manifest acorn@^8.15.0
980 silly packumentCache full:https://registry.npmjs.org/acorn cache-miss
981 silly fetch manifest brace-expansion@^1.1.7
982 silly packumentCache full:https://registry.npmjs.org/brace-expansion cache-miss
983 http cache https://registry.npmjs.org/@eslint%2fobject-schema 6ms (cache hit)
984 silly packumentCache full:https://registry.npmjs.org/@eslint%2fobject-schema set size:38535 disposed:false
985 http cache https://registry.npmjs.org/brace-expansion 4ms (cache hit)
986 silly packumentCache full:https://registry.npmjs.org/brace-expansion set size:101024 disposed:false
987 http cache https://registry.npmjs.org/acorn 9ms (cache hit)
988 silly packumentCache full:https://registry.npmjs.org/acorn set size:383439 disposed:false
989 http cache https://registry.npmjs.org/globals 13ms (cache hit)
990 silly packumentCache full:https://registry.npmjs.org/globals set size:335107 disposed:false
991 http fetch GET 200 https://registry.npmjs.org/ansi-styles 43ms (cache miss)
992 silly packumentCache full:https://registry.npmjs.org/ansi-styles set size:undefined disposed:false
993 http fetch GET 200 https://registry.npmjs.org/supports-color 44ms (cache miss)
994 silly packumentCache full:https://registry.npmjs.org/supports-color set size:undefined disposed:false
995 http fetch GET 200 https://registry.npmjs.org/import-fresh 53ms (cache miss)
996 silly packumentCache full:https://registry.npmjs.org/import-fresh set size:undefined disposed:false
997 http fetch GET 200 https://registry.npmjs.org/strip-json-comments 73ms (cache miss)
998 silly packumentCache full:https://registry.npmjs.org/strip-json-comments set size:undefined disposed:false
999 http fetch GET 200 https://registry.npmjs.org/js-yaml 173ms (cache miss)
1000 silly packumentCache full:https://registry.npmjs.org/js-yaml set size:undefined disposed:false
1001 silly placeDep ROOT @eslint/object-schema@2.1.7 OK for: @eslint/config-array@0.21.2 want: ^2.1.7
1002 silly placeDep ROOT @types/json-schema@7.0.15 OK for: @eslint/core@0.17.0 want: ^7.0.15
1003 silly placeDep node_modules/@eslint/eslintrc globals@14.0.0 OK for: @eslint/eslintrc@3.3.6 want: ^14.0.0
1004 silly placeDep ROOT import-fresh@3.3.1 OK for: @eslint/eslintrc@3.3.6 want: ^3.2.1
1005 silly placeDep ROOT js-yaml@4.3.1 OK for: @eslint/eslintrc@3.3.6 want: ^4.3.0
1006 silly placeDep ROOT strip-json-comments@3.1.1 OK for: @eslint/eslintrc@3.3.6 want: ^3.1.1
1007 silly fetch manifest resolve-from@^4.0.0
1008 silly packumentCache full:https://registry.npmjs.org/resolve-from cache-miss
1009 silly fetch manifest parent-module@^1.0.0
1010 silly packumentCache full:https://registry.npmjs.org/parent-module cache-miss
1011 silly fetch manifest argparse@^2.0.1
1012 silly packumentCache full:https://registry.npmjs.org/argparse cache-miss
1013 http fetch GET 200 https://registry.npmjs.org/resolve-from 46ms (cache miss)
1014 silly packumentCache full:https://registry.npmjs.org/resolve-from set size:undefined disposed:false
1015 http fetch GET 200 https://registry.npmjs.org/parent-module 66ms (cache miss)
1016 silly packumentCache full:https://registry.npmjs.org/parent-module set size:undefined disposed:false
1017 http fetch GET 200 https://registry.npmjs.org/argparse 85ms (cache miss)
1018 silly packumentCache full:https://registry.npmjs.org/argparse set size:undefined disposed:false
1019 silly placeDep ROOT ansi-styles@4.3.0 OK for: chalk@4.1.2 want: ^4.1.0
1020 silly placeDep ROOT supports-color@7.2.0 OK for: chalk@4.1.2 want: ^7.1.0
1021 silly fetch manifest color-convert@^2.0.1
1022 silly packumentCache full:https://registry.npmjs.org/color-convert cache-miss
1023 silly fetch manifest has-flag@^4.0.0
1024 silly packumentCache full:https://registry.npmjs.org/has-flag cache-miss
1025 http fetch GET 200 https://registry.npmjs.org/has-flag 37ms (cache miss)
1026 silly packumentCache full:https://registry.npmjs.org/has-flag set size:undefined disposed:false
1027 http fetch GET 200 https://registry.npmjs.org/color-convert 177ms (cache miss)
1028 silly packumentCache full:https://registry.npmjs.org/color-convert set size:undefined disposed:false
1029 silly placeDep ROOT color-convert@2.0.1 OK for: ansi-styles@4.3.0 want: ^2.0.1
1030 silly fetch manifest color-name@~1.1.4
1031 silly packumentCache full:https://registry.npmjs.org/color-name cache-miss
1032 http fetch GET 200 https://registry.npmjs.org/color-name 56ms (cache miss)
1033 silly packumentCache full:https://registry.npmjs.org/color-name set size:undefined disposed:false
1034 silly placeDep ROOT color-name@1.1.4 OK for: color-convert@2.0.1 want: ~1.1.4
1035 silly placeDep node_modules/eslint-import-resolver-node debug@3.2.7 OK for: eslint-import-resolver-node@0.3.10 want: ^3.2.7
1036 silly placeDep ROOT is-core-module@2.16.2 OK for: eslint-import-resolver-node@0.3.10 want: ^2.16.1
1037 silly placeDep ROOT resolve@2.0.0-next.7 OK for: eslint-import-resolver-node@0.3.10 want: ^2.0.0-next.6
1038 silly fetch manifest hasown@^2.0.3
1039 silly packumentCache full:https://registry.npmjs.org/hasown cache-miss
1040 silly fetch manifest es-errors@^1.3.0
1041 silly packumentCache full:https://registry.npmjs.org/es-errors cache-miss
1042 silly fetch manifest node-exports-info@^1.6.0
1043 silly packumentCache full:https://registry.npmjs.org/node-exports-info cache-miss
1044 silly fetch manifest object-keys@^1.1.1
1045 silly packumentCache full:https://registry.npmjs.org/object-keys cache-miss
1046 silly fetch manifest path-parse@^1.0.7
1047 silly packumentCache full:https://registry.npmjs.org/path-parse cache-miss
1048 silly fetch manifest supports-preserve-symlinks-flag@^1.0.0
1049 silly packumentCache full:https://registry.npmjs.org/supports-preserve-symlinks-flag cache-miss
1050 http cache https://registry.npmjs.org/hasown 6ms (cache hit)
1051 silly packumentCache full:https://registry.npmjs.org/hasown set size:18361 disposed:false
1052 http fetch GET 200 https://registry.npmjs.org/es-errors 37ms (cache miss)
1053 silly packumentCache full:https://registry.npmjs.org/es-errors set size:undefined disposed:false
1054 http fetch GET 200 https://registry.npmjs.org/path-parse 44ms (cache miss)
1055 silly packumentCache full:https://registry.npmjs.org/path-parse set size:undefined disposed:false
1056 http fetch GET 200 https://registry.npmjs.org/supports-preserve-symlinks-flag 58ms (cache miss)
1057 silly packumentCache full:https://registry.npmjs.org/supports-preserve-symlinks-flag set size:undefined disposed:false
1058 http fetch GET 200 https://registry.npmjs.org/node-exports-info 73ms (cache miss)
1059 silly packumentCache full:https://registry.npmjs.org/node-exports-info set size:undefined disposed:false
1060 http fetch GET 200 https://registry.npmjs.org/object-keys 88ms (cache miss)
1061 silly packumentCache full:https://registry.npmjs.org/object-keys set size:undefined disposed:false
1062 silly placeDep ROOT @nolyfill/is-core-module@1.0.39 OK for: eslint-import-resolver-typescript@3.10.1 want: 1.0.39
1063 silly placeDep ROOT get-tsconfig@4.14.3 OK for: eslint-import-resolver-typescript@3.10.1 want: ^4.10.0
1064 silly placeDep ROOT is-bun-module@2.0.0 OK for: eslint-import-resolver-typescript@3.10.1 want: ^2.0.0
1065 silly placeDep ROOT stable-hash@0.0.5 OK for: eslint-import-resolver-typescript@3.10.1 want: ^0.0.5
1066 silly placeDep ROOT tinyglobby@0.2.17 OK for: eslint-import-resolver-typescript@3.10.1 want: ^0.2.13
1067 silly placeDep ROOT unrs-resolver@1.12.2 OK for: eslint-import-resolver-typescript@3.10.1 want: ^1.6.2
1068 silly fetch manifest resolve-pkg-maps@^1.0.0
1069 silly packumentCache full:https://registry.npmjs.org/resolve-pkg-maps cache-miss
1070 silly fetch manifest semver@^7.7.1
1071 silly packumentCache full:https://registry.npmjs.org/semver cache-miss
1072 silly fetch manifest fdir@^6.5.0
1073 silly packumentCache full:https://registry.npmjs.org/fdir cache-miss
1074 silly fetch manifest picomatch@^4.0.4
1075 silly packumentCache full:https://registry.npmjs.org/picomatch cache-miss
1076 silly fetch manifest napi-postinstall@^0.3.4
1077 silly packumentCache full:https://registry.npmjs.org/napi-postinstall cache-miss
1078 silly fetch manifest @unrs/resolver-binding-darwin-arm64@1.12.2
1079 silly packumentCache full:https://registry.npmjs.org/@unrs%2fresolver-binding-darwin-arm64 cache-miss
1080 silly fetch manifest @unrs/resolver-binding-android-arm64@1.12.2
1081 silly packumentCache full:https://registry.npmjs.org/@unrs%2fresolver-binding-android-arm64 cache-miss
1082 silly fetch manifest @unrs/resolver-binding-win32-arm64-msvc@1.12.2
1083 silly packumentCache full:https://registry.npmjs.org/@unrs%2fresolver-binding-win32-arm64-msvc cache-miss
1084 silly fetch manifest @unrs/resolver-binding-linux-arm64-gnu@1.12.2
1085 silly packumentCache full:https://registry.npmjs.org/@unrs%2fresolver-binding-linux-arm64-gnu cache-miss
1086 http cache https://registry.npmjs.org/semver 6ms (cache hit)
1087 silly packumentCache full:https://registry.npmjs.org/semver set size:246069 disposed:false
1088 silly fetch manifest @unrs/resolver-binding-linux-arm64-musl@1.12.2
1089 silly packumentCache full:https://registry.npmjs.org/@unrs%2fresolver-binding-linux-arm64-musl cache-miss
1090 http fetch GET 200 https://registry.npmjs.org/napi-postinstall 38ms (cache miss)
1091 silly packumentCache full:https://registry.npmjs.org/napi-postinstall set size:undefined disposed:false
1092 silly fetch manifest @unrs/resolver-binding-openharmony-arm64@1.12.2
1093 silly packumentCache full:https://registry.npmjs.org/@unrs%2fresolver-binding-openharmony-arm64 cache-miss
1094 http fetch GET 200 https://registry.npmjs.org/resolve-pkg-maps 51ms (cache miss)
1095 silly packumentCache full:https://registry.npmjs.org/resolve-pkg-maps set size:undefined disposed:false
1096 silly fetch manifest @unrs/resolver-binding-android-arm-eabi@1.12.2
1097 silly packumentCache full:https://registry.npmjs.org/@unrs%2fresolver-binding-android-arm-eabi cache-miss
1098 http fetch GET 200 https://registry.npmjs.org/fdir 55ms (cache miss)
1099 silly packumentCache full:https://registry.npmjs.org/fdir set size:undefined disposed:false
1100 silly fetch manifest @unrs/resolver-binding-linux-arm-gnueabihf@1.12.2
1101 silly packumentCache full:https://registry.npmjs.org/@unrs%2fresolver-binding-linux-arm-gnueabihf cache-miss
1102 http fetch GET 200 https://registry.npmjs.org/@unrs%2fresolver-binding-android-arm64 67ms (cache miss)
1103 silly packumentCache full:https://registry.npmjs.org/@unrs%2fresolver-binding-android-arm64 set size:undefined disposed:false
1104 silly fetch manifest @unrs/resolver-binding-linux-arm-musleabihf@1.12.2
1105 silly packumentCache full:https://registry.npmjs.org/@unrs%2fresolver-binding-linux-arm-musleabihf cache-miss
1106 http fetch GET 200 https://registry.npmjs.org/@unrs%2fresolver-binding-darwin-arm64 75ms (cache miss)
1107 silly packumentCache full:https://registry.npmjs.org/@unrs%2fresolver-binding-darwin-arm64 set size:undefined disposed:false
1108 silly fetch manifest @unrs/resolver-binding-win32-ia32-msvc@1.12.2
1109 silly packumentCache full:https://registry.npmjs.org/@unrs%2fresolver-binding-win32-ia32-msvc cache-miss
1110 http fetch GET 200 https://registry.npmjs.org/@unrs%2fresolver-binding-openharmony-arm64 50ms (cache miss)
1111 silly packumentCache full:https://registry.npmjs.org/@unrs%2fresolver-binding-openharmony-arm64 set size:undefined disposed:false
1112 silly fetch manifest @unrs/resolver-binding-linux-loong64-gnu@1.12.2
1113 silly packumentCache full:https://registry.npmjs.org/@unrs%2fresolver-binding-linux-loong64-gnu cache-miss
1114 http fetch GET 200 https://registry.npmjs.org/@unrs%2fresolver-binding-linux-arm64-gnu 91ms (cache miss)
1115 silly packumentCache full:https://registry.npmjs.org/@unrs%2fresolver-binding-linux-arm64-gnu set size:undefined disposed:false
1116 silly fetch manifest @unrs/resolver-binding-linux-loong64-musl@1.12.2
1117 silly packumentCache full:https://registry.npmjs.org/@unrs%2fresolver-binding-linux-loong64-musl cache-miss
1118 http fetch GET 200 https://registry.npmjs.org/@unrs%2fresolver-binding-linux-arm64-musl 92ms (cache miss)
1119 silly packumentCache full:https://registry.npmjs.org/@unrs%2fresolver-binding-linux-arm64-musl set size:undefined disposed:false
1120 silly fetch manifest @unrs/resolver-binding-linux-ppc64-gnu@1.12.2
1121 silly packumentCache full:https://registry.npmjs.org/@unrs%2fresolver-binding-linux-ppc64-gnu cache-miss
1122 http fetch GET 200 https://registry.npmjs.org/@unrs%2fresolver-binding-win32-arm64-msvc 105ms (cache miss)
1123 silly packumentCache full:https://registry.npmjs.org/@unrs%2fresolver-binding-win32-arm64-msvc set size:undefined disposed:false
1124 silly fetch manifest @unrs/resolver-binding-linux-riscv64-gnu@1.12.2
1125 silly packumentCache full:https://registry.npmjs.org/@unrs%2fresolver-binding-linux-riscv64-gnu cache-miss
1126 http fetch GET 200 https://registry.npmjs.org/@unrs%2fresolver-binding-linux-arm-musleabihf 60ms (cache miss)
1127 silly packumentCache full:https://registry.npmjs.org/@unrs%2fresolver-binding-linux-arm-musleabihf set size:undefined disposed:false
1128 silly fetch manifest @unrs/resolver-binding-linux-riscv64-musl@1.12.2
1129 silly packumentCache full:https://registry.npmjs.org/@unrs%2fresolver-binding-linux-riscv64-musl cache-miss
1130 http fetch GET 200 https://registry.npmjs.org/@unrs%2fresolver-binding-linux-loong64-gnu 44ms (cache miss)
1131 silly packumentCache full:https://registry.npmjs.org/@unrs%2fresolver-binding-linux-loong64-gnu set size:undefined disposed:false
1132 silly fetch manifest @unrs/resolver-binding-linux-s390x-gnu@1.12.2
1133 silly packumentCache full:https://registry.npmjs.org/@unrs%2fresolver-binding-linux-s390x-gnu cache-miss
1134 http fetch GET 200 https://registry.npmjs.org/@unrs%2fresolver-binding-linux-loong64-musl 61ms (cache miss)
1135 silly packumentCache full:https://registry.npmjs.org/@unrs%2fresolver-binding-linux-loong64-musl set size:undefined disposed:false
1136 silly fetch manifest @unrs/resolver-binding-wasm32-wasi@1.12.2
1137 silly packumentCache full:https://registry.npmjs.org/@unrs%2fresolver-binding-wasm32-wasi cache-miss
1138 http fetch GET 200 https://registry.npmjs.org/@unrs%2fresolver-binding-linux-s390x-gnu 46ms (cache miss)
1139 silly packumentCache full:https://registry.npmjs.org/@unrs%2fresolver-binding-linux-s390x-gnu set size:undefined disposed:false
1140 silly fetch manifest @unrs/resolver-binding-darwin-x64@1.12.2
1141 silly packumentCache full:https://registry.npmjs.org/@unrs%2fresolver-binding-darwin-x64 cache-miss
1142 http fetch GET 200 https://registry.npmjs.org/@unrs%2fresolver-binding-linux-riscv64-musl 53ms (cache miss)
1143 silly packumentCache full:https://registry.npmjs.org/@unrs%2fresolver-binding-linux-riscv64-musl set size:undefined disposed:false
1144 silly fetch manifest @unrs/resolver-binding-win32-x64-msvc@1.12.2
1145 silly packumentCache full:https://registry.npmjs.org/@unrs%2fresolver-binding-win32-x64-msvc cache-miss
1146 http fetch GET 200 https://registry.npmjs.org/picomatch 189ms (cache miss)
1147 silly packumentCache full:https://registry.npmjs.org/picomatch set size:undefined disposed:false
1148 silly fetch manifest @unrs/resolver-binding-freebsd-x64@1.12.2
1149 silly packumentCache full:https://registry.npmjs.org/@unrs%2fresolver-binding-freebsd-x64 cache-miss
1150 http fetch GET 200 https://registry.npmjs.org/@unrs%2fresolver-binding-linux-riscv64-gnu 83ms (cache miss)
1151 silly packumentCache full:https://registry.npmjs.org/@unrs%2fresolver-binding-linux-riscv64-gnu set size:undefined disposed:false
1152 silly fetch manifest @unrs/resolver-binding-linux-x64-gnu@1.12.2
1153 silly packumentCache full:https://registry.npmjs.org/@unrs%2fresolver-binding-linux-x64-gnu cache-miss
1154 http fetch GET 200 https://registry.npmjs.org/@unrs%2fresolver-binding-darwin-x64 53ms (cache miss)
1155 silly packumentCache full:https://registry.npmjs.org/@unrs%2fresolver-binding-darwin-x64 set size:undefined disposed:false
1156 silly fetch manifest @unrs/resolver-binding-linux-x64-musl@1.12.2
1157 silly packumentCache full:https://registry.npmjs.org/@unrs%2fresolver-binding-linux-x64-musl cache-miss
1158 http fetch GET 200 https://registry.npmjs.org/@unrs%2fresolver-binding-wasm32-wasi 83ms (cache miss)
1159 silly packumentCache full:https://registry.npmjs.org/@unrs%2fresolver-binding-wasm32-wasi set size:undefined disposed:false
1160 http fetch GET 200 https://registry.npmjs.org/@unrs%2fresolver-binding-win32-x64-msvc 66ms (cache miss)
1161 silly packumentCache full:https://registry.npmjs.org/@unrs%2fresolver-binding-win32-x64-msvc set size:undefined disposed:false
1162 http fetch GET 200 https://registry.npmjs.org/@unrs%2fresolver-binding-linux-x64-musl 49ms (cache miss)
1163 silly packumentCache full:https://registry.npmjs.org/@unrs%2fresolver-binding-linux-x64-musl set size:undefined disposed:false
1164 http fetch GET 200 https://registry.npmjs.org/@unrs%2fresolver-binding-freebsd-x64 95ms (cache miss)
1165 silly packumentCache full:https://registry.npmjs.org/@unrs%2fresolver-binding-freebsd-x64 set size:undefined disposed:false
1166 http fetch GET 200 https://registry.npmjs.org/@unrs%2fresolver-binding-linux-x64-gnu 102ms (cache miss)
1167 silly packumentCache full:https://registry.npmjs.org/@unrs%2fresolver-binding-linux-x64-gnu set size:undefined disposed:false
1168 http fetch GET 200 https://registry.npmjs.org/@unrs%2fresolver-binding-android-arm-eabi 318ms (cache miss)
1169 silly packumentCache full:https://registry.npmjs.org/@unrs%2fresolver-binding-android-arm-eabi set size:undefined disposed:false
1170 http fetch GET 200 https://registry.npmjs.org/@unrs%2fresolver-binding-win32-ia32-msvc 296ms (cache miss)
1171 silly packumentCache full:https://registry.npmjs.org/@unrs%2fresolver-binding-win32-ia32-msvc set size:undefined disposed:false
1172 http fetch GET 200 https://registry.npmjs.org/@unrs%2fresolver-binding-linux-arm-gnueabihf 318ms (cache miss)
1173 silly packumentCache full:https://registry.npmjs.org/@unrs%2fresolver-binding-linux-arm-gnueabihf set size:undefined disposed:false
1174 http fetch GET 200 https://registry.npmjs.org/@unrs%2fresolver-binding-linux-ppc64-gnu 361ms (cache miss)
1175 silly packumentCache full:https://registry.npmjs.org/@unrs%2fresolver-binding-linux-ppc64-gnu set size:undefined disposed:false
1176 silly placeDep ROOT @rtsao/scc@1.1.0 OK for: eslint-plugin-import@2.32.0 want: ^1.1.0
1177 silly placeDep ROOT array-includes@3.1.9 OK for: eslint-plugin-import@2.32.0 want: ^3.1.9
1178 silly placeDep ROOT array.prototype.findlastindex@1.2.6 OK for: eslint-plugin-import@2.32.0 want: ^1.2.6
1179 silly placeDep ROOT array.prototype.flat@1.3.3 OK for: eslint-plugin-import@2.32.0 want: ^1.3.3
1180 silly placeDep ROOT array.prototype.flatmap@1.3.3 OK for: eslint-plugin-import@2.32.0 want: ^1.3.3
1181 silly placeDep node_modules/eslint-plugin-import debug@3.2.7 OK for: eslint-plugin-import@2.32.0 want: ^3.2.7
1182 silly placeDep ROOT doctrine@2.1.0 OK for: eslint-plugin-import@2.32.0 want: ^2.1.0
1183 silly placeDep ROOT eslint-module-utils@2.14.0 OK for: eslint-plugin-import@2.32.0 want: ^2.12.1
1184 silly placeDep ROOT hasown@2.0.4 OK for: eslint-plugin-import@2.32.0 want: ^2.0.2
1185 silly placeDep ROOT object.fromentries@2.0.8 OK for: eslint-plugin-import@2.32.0 want: ^2.0.8
1186 silly placeDep ROOT object.groupby@1.0.3 OK for: eslint-plugin-import@2.32.0 want: ^1.0.3
1187 silly placeDep ROOT object.values@1.2.1 OK for: eslint-plugin-import@2.32.0 want: ^1.2.1
1188 silly placeDep ROOT semver@6.3.1 OK for: eslint-plugin-import@2.32.0 want: ^6.3.1
1189 silly placeDep ROOT string.prototype.trimend@1.0.10 OK for: eslint-plugin-import@2.32.0 want: ^1.0.9
1190 silly placeDep ROOT tsconfig-paths@3.15.0 OK for: eslint-plugin-import@2.32.0 want: ^3.15.0
1191 silly fetch manifest call-bind@^1.0.8
1192 silly packumentCache full:https://registry.npmjs.org/call-bind cache-miss
1193 silly fetch manifest call-bound@^1.0.4
1194 silly packumentCache full:https://registry.npmjs.org/call-bound cache-miss
1195 silly fetch manifest define-properties@^1.2.1
1196 silly packumentCache full:https://registry.npmjs.org/define-properties cache-miss
1197 silly fetch manifest es-abstract@^1.24.0
1198 silly packumentCache full:https://registry.npmjs.org/es-abstract cache-miss
1199 silly fetch manifest es-object-atoms@^1.1.1
1200 silly packumentCache full:https://registry.npmjs.org/es-object-atoms cache-miss
1201 silly fetch manifest get-intrinsic@^1.3.0
1202 silly packumentCache full:https://registry.npmjs.org/get-intrinsic cache-miss
1203 silly fetch manifest is-string@^1.1.1
1204 silly packumentCache full:https://registry.npmjs.org/is-string cache-miss
1205 silly fetch manifest math-intrinsics@^1.1.0
1206 silly packumentCache full:https://registry.npmjs.org/math-intrinsics cache-miss
1207 silly fetch manifest call-bind@^1.0.8
1208 silly packumentCache full:https://registry.npmjs.org/call-bind cache-miss
1209 http fetch GET 200 https://registry.npmjs.org/define-properties 44ms (cache miss)
1210 silly packumentCache full:https://registry.npmjs.org/define-properties set size:undefined disposed:false
1211 silly fetch manifest call-bound@^1.0.4
1212 silly packumentCache full:https://registry.npmjs.org/call-bound cache-miss
1213 http fetch GET 200 https://registry.npmjs.org/is-string 45ms (cache miss)
1214 silly packumentCache full:https://registry.npmjs.org/is-string set size:undefined disposed:false
1215 silly fetch manifest es-abstract@^1.23.9
1216 silly packumentCache full:https://registry.npmjs.org/es-abstract cache-miss
1217 http fetch GET 200 https://registry.npmjs.org/call-bound 56ms (cache miss)
1218 silly packumentCache full:https://registry.npmjs.org/call-bound set size:undefined disposed:false
1219 silly fetch manifest es-object-atoms@^1.1.1
1220 silly packumentCache full:https://registry.npmjs.org/es-object-atoms cache-miss
1221 http fetch GET 200 https://registry.npmjs.org/math-intrinsics 56ms (cache miss)
1222 silly packumentCache full:https://registry.npmjs.org/math-intrinsics set size:undefined disposed:false
1223 silly fetch manifest es-shim-unscopables@^1.1.0
1224 silly packumentCache full:https://registry.npmjs.org/es-shim-unscopables cache-miss
1225 http fetch GET 200 https://registry.npmjs.org/es-object-atoms 61ms (cache miss)
1226 silly packumentCache full:https://registry.npmjs.org/es-object-atoms set size:undefined disposed:false
1227 silly fetch manifest call-bind@^1.0.8
1228 silly packumentCache full:https://registry.npmjs.org/call-bind cache-miss
1229 http fetch GET 200 https://registry.npmjs.org/call-bind 63ms (cache miss)
1230 silly packumentCache full:https://registry.npmjs.org/call-bind set size:undefined disposed:false
1231 silly fetch manifest es-abstract@^1.23.5
1232 silly packumentCache full:https://registry.npmjs.org/es-abstract cache-miss
1233 http cache https://registry.npmjs.org/call-bind 2ms (cache hit)
1234 silly packumentCache full:https://registry.npmjs.org/call-bind set size:32985 disposed:false
1235 silly fetch manifest es-shim-unscopables@^1.0.2
1236 silly packumentCache full:https://registry.npmjs.org/es-shim-unscopables cache-miss
1237 http fetch GET 200 https://registry.npmjs.org/call-bind 69ms (cache miss)
1238 silly packumentCache full:https://registry.npmjs.org/call-bind set size:undefined disposed:false
1239 silly packumentCache full:https://registry.npmjs.org/call-bind dispose
1240 silly fetch manifest es-abstract@^1.23.5
1241 silly packumentCache full:https://registry.npmjs.org/es-abstract cache-miss
1242 http fetch GET 200 https://registry.npmjs.org/call-bound 30ms (cache miss)
1243 silly packumentCache full:https://registry.npmjs.org/call-bound set size:undefined disposed:false
1244 silly fetch manifest es-shim-unscopables@^1.0.2
1245 silly packumentCache full:https://registry.npmjs.org/es-shim-unscopables cache-miss
1246 http fetch GET 200 https://registry.npmjs.org/es-shim-unscopables 32ms (cache miss)
1247 silly packumentCache full:https://registry.npmjs.org/es-shim-unscopables set size:undefined disposed:false
1248 silly fetch manifest function-bind@^1.1.2
1249 silly packumentCache full:https://registry.npmjs.org/function-bind cache-miss
1250 http fetch GET 200 https://registry.npmjs.org/get-intrinsic 91ms (cache miss)
1251 silly packumentCache full:https://registry.npmjs.org/get-intrinsic set size:undefined disposed:false
1252 silly fetch manifest call-bind@^1.0.7
1253 silly packumentCache full:https://registry.npmjs.org/call-bind cache-miss
1254 http cache https://registry.npmjs.org/call-bind 1ms (cache hit)
1255 silly packumentCache full:https://registry.npmjs.org/call-bind set size:32985 disposed:true
1256 silly fetch manifest es-abstract@^1.23.2
1257 silly packumentCache full:https://registry.npmjs.org/es-abstract cache-miss
1258 http fetch GET 200 https://registry.npmjs.org/es-abstract 52ms (cache miss)
1259 silly packumentCache full:https://registry.npmjs.org/es-abstract set size:undefined disposed:false
1260 silly fetch manifest es-object-atoms@^1.0.0
1261 silly packumentCache full:https://registry.npmjs.org/es-object-atoms cache-miss
1262 http cache https://registry.npmjs.org/es-object-atoms 1ms (cache hit)
1263 silly packumentCache full:https://registry.npmjs.org/es-object-atoms set size:18278 disposed:false
1264 silly fetch manifest es-abstract@^1.23.2
1265 silly packumentCache full:https://registry.npmjs.org/es-abstract cache-miss
1266 http cache https://registry.npmjs.org/es-abstract 2ms (cache hit)
1267 silly packumentCache full:https://registry.npmjs.org/es-abstract set size:384124 disposed:false
1268 silly fetch manifest call-bound@^1.0.3
1269 silly packumentCache full:https://registry.npmjs.org/call-bound cache-miss
1270 http fetch GET 200 https://registry.npmjs.org/es-object-atoms 49ms (cache miss)
1271 silly packumentCache full:https://registry.npmjs.org/es-object-atoms set size:undefined disposed:false
1272 silly packumentCache full:https://registry.npmjs.org/es-object-atoms dispose
1273 silly fetch manifest call-bind@^1.0.9
1274 silly packumentCache full:https://registry.npmjs.org/call-bind cache-hit
1275 silly fetch manifest es-object-atoms@^1.1.2
1276 silly packumentCache full:https://registry.npmjs.org/es-object-atoms cache-miss
1277 http fetch GET 200 https://registry.npmjs.org/es-shim-unscopables 31ms (cache miss)
1278 silly packumentCache full:https://registry.npmjs.org/es-shim-unscopables set size:undefined disposed:false
1279 silly fetch manifest json5@^1.0.2
1280 silly packumentCache full:https://registry.npmjs.org/json5 cache-miss
1281 http cache https://registry.npmjs.org/call-bound 2ms (cache hit)
1282 silly packumentCache full:https://registry.npmjs.org/call-bound set size:15317 disposed:false
1283 silly fetch manifest minimist@^1.2.6
1284 silly packumentCache full:https://registry.npmjs.org/minimist cache-miss
1285 http cache https://registry.npmjs.org/es-object-atoms 2ms (cache hit)
1286 silly packumentCache full:https://registry.npmjs.org/es-object-atoms set size:18278 disposed:true
1287 silly fetch manifest strip-bom@^3.0.0
1288 silly packumentCache full:https://registry.npmjs.org/strip-bom cache-miss
1289 http fetch GET 200 https://registry.npmjs.org/es-shim-unscopables 48ms (cache miss)
1290 silly packumentCache full:https://registry.npmjs.org/es-shim-unscopables set size:undefined disposed:false
1291 silly fetch manifest @types/json5@^0.0.29
1292 silly packumentCache full:https://registry.npmjs.org/@types%2fjson5 cache-miss
1293 http fetch GET 200 https://registry.npmjs.org/function-bind 33ms (cache miss)
1294 silly packumentCache full:https://registry.npmjs.org/function-bind set size:undefined disposed:false
1295 http fetch GET 200 https://registry.npmjs.org/strip-bom 32ms (cache miss)
1296 silly packumentCache full:https://registry.npmjs.org/strip-bom set size:undefined disposed:false
1297 http fetch GET 200 https://registry.npmjs.org/json5 37ms (cache miss)
1298 silly packumentCache full:https://registry.npmjs.org/json5 set size:undefined disposed:false
1299 http fetch GET 200 https://registry.npmjs.org/@types%2fjson5 67ms (cache miss)
1300 silly packumentCache full:https://registry.npmjs.org/@types%2fjson5 set size:undefined disposed:false
1301 http fetch GET 200 https://registry.npmjs.org/minimist 105ms (cache miss)
1302 silly packumentCache full:https://registry.npmjs.org/minimist set size:undefined disposed:false
1303 http fetch GET 200 https://registry.npmjs.org/es-abstract 220ms (cache miss)
1304 silly packumentCache full:https://registry.npmjs.org/es-abstract set size:undefined disposed:false
1305 silly packumentCache full:https://registry.npmjs.org/es-abstract dispose
1306 http fetch GET 200 https://registry.npmjs.org/es-abstract 195ms (cache miss)
1307 silly packumentCache full:https://registry.npmjs.org/es-abstract set size:undefined disposed:true
1308 http fetch GET 200 https://registry.npmjs.org/es-abstract 301ms (cache miss)
1309 silly packumentCache full:https://registry.npmjs.org/es-abstract set size:undefined disposed:false
1310 http fetch GET 200 https://registry.npmjs.org/es-abstract 283ms (cache miss)
1311 silly packumentCache full:https://registry.npmjs.org/es-abstract set size:undefined disposed:false
1312 silly placeDep ROOT call-bind@1.0.9 OK for: array-includes@3.1.9 want: ^1.0.8
1313 silly placeDep ROOT call-bound@1.0.4 OK for: array-includes@3.1.9 want: ^1.0.4
1314 silly placeDep ROOT define-properties@1.2.1 OK for: array-includes@3.1.9 want: ^1.2.1
1315 silly placeDep ROOT es-abstract@1.24.2 OK for: array-includes@3.1.9 want: ^1.24.0
1316 silly placeDep ROOT es-object-atoms@1.1.2 OK for: array-includes@3.1.9 want: ^1.1.1
1317 silly placeDep ROOT get-intrinsic@1.3.0 OK for: array-includes@3.1.9 want: ^1.3.0
1318 silly placeDep ROOT is-string@1.1.1 OK for: array-includes@3.1.9 want: ^1.1.1
1319 silly placeDep ROOT math-intrinsics@1.1.0 OK for: array-includes@3.1.9 want: ^1.1.0
1320 silly fetch manifest call-bind-apply-helpers@^1.0.2
1321 silly packumentCache full:https://registry.npmjs.org/call-bind-apply-helpers cache-miss
1322 silly fetch manifest es-define-property@^1.0.1
1323 silly packumentCache full:https://registry.npmjs.org/es-define-property cache-miss
1324 silly fetch manifest set-function-length@^1.2.2
1325 silly packumentCache full:https://registry.npmjs.org/set-function-length cache-miss
1326 silly fetch manifest call-bind-apply-helpers@^1.0.2
1327 silly packumentCache full:https://registry.npmjs.org/call-bind-apply-helpers cache-miss
1328 silly fetch manifest define-data-property@^1.0.1
1329 silly packumentCache full:https://registry.npmjs.org/define-data-property cache-miss
1330 silly fetch manifest has-property-descriptors@^1.0.0
1331 silly packumentCache full:https://registry.npmjs.org/has-property-descriptors cache-miss
1332 silly fetch manifest array-buffer-byte-length@^1.0.2
1333 silly packumentCache full:https://registry.npmjs.org/array-buffer-byte-length cache-miss
1334 silly fetch manifest arraybuffer.prototype.slice@^1.0.4
1335 silly packumentCache full:https://registry.npmjs.org/arraybuffer.prototype.slice cache-miss
1336 silly fetch manifest available-typed-arrays@^1.0.7
1337 silly packumentCache full:https://registry.npmjs.org/available-typed-arrays cache-miss
1338 http fetch GET 200 https://registry.npmjs.org/es-define-property 47ms (cache miss)
1339 silly packumentCache full:https://registry.npmjs.org/es-define-property set size:undefined disposed:false
1340 silly fetch manifest data-view-buffer@^1.0.2
1341 silly packumentCache full:https://registry.npmjs.org/data-view-buffer cache-miss
1342 http fetch GET 200 https://registry.npmjs.org/set-function-length 49ms (cache miss)
1343 silly packumentCache full:https://registry.npmjs.org/set-function-length set size:undefined disposed:false
1344 silly fetch manifest data-view-byte-length@^1.0.2
1345 silly packumentCache full:https://registry.npmjs.org/data-view-byte-length cache-miss
1346 http fetch GET 200 https://registry.npmjs.org/has-property-descriptors 49ms (cache miss)
1347 silly packumentCache full:https://registry.npmjs.org/has-property-descriptors set size:undefined disposed:false
1348 silly fetch manifest data-view-byte-offset@^1.0.1
1349 silly packumentCache full:https://registry.npmjs.org/data-view-byte-offset cache-miss
1350 http fetch GET 200 https://registry.npmjs.org/array-buffer-byte-length 52ms (cache miss)
1351 silly packumentCache full:https://registry.npmjs.org/array-buffer-byte-length set size:undefined disposed:false
1352 silly fetch manifest es-set-tostringtag@^2.1.0
1353 silly packumentCache full:https://registry.npmjs.org/es-set-tostringtag cache-miss
1354 http fetch GET 200 https://registry.npmjs.org/define-data-property 55ms (cache miss)
1355 silly packumentCache full:https://registry.npmjs.org/define-data-property set size:undefined disposed:false
1356 silly fetch manifest es-to-primitive@^1.3.0
1357 silly packumentCache full:https://registry.npmjs.org/es-to-primitive cache-miss
1358 http fetch GET 200 https://registry.npmjs.org/call-bind-apply-helpers 58ms (cache miss)
1359 silly packumentCache full:https://registry.npmjs.org/call-bind-apply-helpers set size:undefined disposed:false
1360 silly fetch manifest function.prototype.name@^1.1.8
1361 silly packumentCache full:https://registry.npmjs.org/function.prototype.name cache-miss
1362 http fetch GET 200 https://registry.npmjs.org/arraybuffer.prototype.slice 57ms (cache miss)
1363 silly packumentCache full:https://registry.npmjs.org/arraybuffer.prototype.slice set size:undefined disposed:false
1364 silly fetch manifest get-proto@^1.0.1
1365 silly packumentCache full:https://registry.npmjs.org/get-proto cache-miss
1366 http fetch GET 200 https://registry.npmjs.org/call-bind-apply-helpers 61ms (cache miss)
1367 silly packumentCache full:https://registry.npmjs.org/call-bind-apply-helpers set size:undefined disposed:false
1368 silly fetch manifest get-symbol-description@^1.1.0
1369 silly packumentCache full:https://registry.npmjs.org/get-symbol-description cache-miss
1370 http fetch GET 200 https://registry.npmjs.org/available-typed-arrays 73ms (cache miss)
1371 silly packumentCache full:https://registry.npmjs.org/available-typed-arrays set size:undefined disposed:false
1372 silly fetch manifest globalthis@^1.0.4
1373 silly packumentCache full:https://registry.npmjs.org/globalthis cache-miss
1374 http fetch GET 200 https://registry.npmjs.org/data-view-buffer 31ms (cache miss)
1375 silly packumentCache full:https://registry.npmjs.org/data-view-buffer set size:undefined disposed:false
1376 silly fetch manifest gopd@^1.2.0
1377 silly packumentCache full:https://registry.npmjs.org/gopd cache-miss
1378 http fetch GET 200 https://registry.npmjs.org/data-view-byte-length 35ms (cache miss)
1379 silly packumentCache full:https://registry.npmjs.org/data-view-byte-length set size:undefined disposed:false
1380 silly fetch manifest has-property-descriptors@^1.0.2
1381 silly packumentCache full:https://registry.npmjs.org/has-property-descriptors cache-miss
1382 http cache https://registry.npmjs.org/has-property-descriptors 1ms (cache hit)
1383 silly packumentCache full:https://registry.npmjs.org/has-property-descriptors set size:12452 disposed:false
1384 silly fetch manifest has-proto@^1.2.0
1385 silly packumentCache full:https://registry.npmjs.org/has-proto cache-miss
1386 http fetch GET 200 https://registry.npmjs.org/get-proto 38ms (cache miss)
1387 silly packumentCache full:https://registry.npmjs.org/get-proto set size:undefined disposed:false
1388 silly fetch manifest has-symbols@^1.1.0
1389 silly packumentCache full:https://registry.npmjs.org/has-symbols cache-miss
1390 http fetch GET 200 https://registry.npmjs.org/data-view-byte-offset 50ms (cache miss)
1391 silly packumentCache full:https://registry.npmjs.org/data-view-byte-offset set size:undefined disposed:false
1392 silly fetch manifest internal-slot@^1.1.0
1393 silly packumentCache full:https://registry.npmjs.org/internal-slot cache-miss
1394 http fetch GET 200 https://registry.npmjs.org/es-to-primitive 54ms (cache miss)
1395 silly packumentCache full:https://registry.npmjs.org/es-to-primitive set size:undefined disposed:false
1396 silly fetch manifest is-array-buffer@^3.0.5
1397 silly packumentCache full:https://registry.npmjs.org/is-array-buffer cache-miss
1398 http fetch GET 200 https://registry.npmjs.org/es-set-tostringtag 59ms (cache miss)
1399 silly packumentCache full:https://registry.npmjs.org/es-set-tostringtag set size:undefined disposed:false
1400 silly fetch manifest is-callable@^1.2.7
1401 silly packumentCache full:https://registry.npmjs.org/is-callable cache-miss
1402 http fetch GET 200 https://registry.npmjs.org/get-symbol-description 58ms (cache miss)
1403 silly packumentCache full:https://registry.npmjs.org/get-symbol-description set size:undefined disposed:false
1404 silly fetch manifest is-data-view@^1.0.2
1405 silly packumentCache full:https://registry.npmjs.org/is-data-view cache-miss
1406 http fetch GET 200 https://registry.npmjs.org/has-proto 43ms (cache miss)
1407 silly packumentCache full:https://registry.npmjs.org/has-proto set size:undefined disposed:false
1408 silly fetch manifest is-negative-zero@^2.0.3
1409 silly packumentCache full:https://registry.npmjs.org/is-negative-zero cache-miss
1410 http fetch GET 200 https://registry.npmjs.org/gopd 53ms (cache miss)
1411 silly packumentCache full:https://registry.npmjs.org/gopd set size:undefined disposed:false
1412 silly fetch manifest is-regex@^1.2.1
1413 silly packumentCache full:https://registry.npmjs.org/is-regex cache-miss
1414 http fetch GET 200 https://registry.npmjs.org/globalthis 62ms (cache miss)
1415 silly packumentCache full:https://registry.npmjs.org/globalthis set size:undefined disposed:false
1416 silly fetch manifest is-set@^2.0.3
1417 silly packumentCache full:https://registry.npmjs.org/is-set cache-miss
1418 http fetch GET 200 https://registry.npmjs.org/internal-slot 55ms (cache miss)
1419 silly packumentCache full:https://registry.npmjs.org/internal-slot set size:undefined disposed:false
1420 silly fetch manifest is-shared-array-buffer@^1.0.4
1421 silly packumentCache full:https://registry.npmjs.org/is-shared-array-buffer cache-miss
1422 http fetch GET 200 https://registry.npmjs.org/has-symbols 69ms (cache miss)
1423 silly packumentCache full:https://registry.npmjs.org/has-symbols set size:undefined disposed:false
1424 silly fetch manifest is-typed-array@^1.1.15
1425 silly packumentCache full:https://registry.npmjs.org/is-typed-array cache-miss
1426 http fetch GET 200 https://registry.npmjs.org/is-data-view 51ms (cache miss)
1427 silly packumentCache full:https://registry.npmjs.org/is-data-view set size:undefined disposed:false
1428 silly fetch manifest is-weakref@^1.1.1
1429 silly packumentCache full:https://registry.npmjs.org/is-weakref cache-miss
1430 http fetch GET 200 https://registry.npmjs.org/is-regex 38ms (cache miss)
1431 silly packumentCache full:https://registry.npmjs.org/is-regex set size:undefined disposed:false
1432 silly fetch manifest object-inspect@^1.13.4
1433 silly packumentCache full:https://registry.npmjs.org/object-inspect cache-miss
1434 http fetch GET 200 https://registry.npmjs.org/is-negative-zero 50ms (cache miss)
1435 silly packumentCache full:https://registry.npmjs.org/is-negative-zero set size:undefined disposed:false
1436 silly fetch manifest object.assign@^4.1.7
1437 silly packumentCache full:https://registry.npmjs.org/object.assign cache-miss
1438 http fetch GET 200 https://registry.npmjs.org/is-set 65ms (cache miss)
1439 silly packumentCache full:https://registry.npmjs.org/is-set set size:undefined disposed:false
1440 silly fetch manifest own-keys@^1.0.1
1441 silly packumentCache full:https://registry.npmjs.org/own-keys cache-miss
1442 http fetch GET 200 https://registry.npmjs.org/function.prototype.name 145ms (cache miss)
1443 silly packumentCache full:https://registry.npmjs.org/function.prototype.name set size:undefined disposed:false
1444 silly fetch manifest regexp.prototype.flags@^1.5.4
1445 silly packumentCache full:https://registry.npmjs.org/regexp.prototype.flags cache-miss
1446 http fetch GET 200 https://registry.npmjs.org/is-weakref 32ms (cache miss)
1447 silly packumentCache full:https://registry.npmjs.org/is-weakref set size:undefined disposed:false
1448 silly fetch manifest safe-array-concat@^1.1.3
1449 silly packumentCache full:https://registry.npmjs.org/safe-array-concat cache-miss
1450 http fetch GET 200 https://registry.npmjs.org/is-shared-array-buffer 56ms (cache miss)
1451 silly packumentCache full:https://registry.npmjs.org/is-shared-array-buffer set size:undefined disposed:false
1452 silly fetch manifest safe-push-apply@^1.0.0
1453 silly packumentCache full:https://registry.npmjs.org/safe-push-apply cache-miss
1454 http fetch GET 200 https://registry.npmjs.org/own-keys 36ms (cache miss)
1455 silly packumentCache full:https://registry.npmjs.org/own-keys set size:undefined disposed:false
1456 silly fetch manifest safe-regex-test@^1.1.0
1457 silly packumentCache full:https://registry.npmjs.org/safe-regex-test cache-miss
1458 http cache https://registry.npmjs.org/safe-regex-test 1ms (cache hit)
1459 silly packumentCache full:https://registry.npmjs.org/safe-regex-test set size:17412 disposed:false
1460 silly fetch manifest set-proto@^1.0.0
1461 silly packumentCache full:https://registry.npmjs.org/set-proto cache-miss
1462 http fetch GET 200 https://registry.npmjs.org/is-typed-array 93ms (cache miss)
1463 silly packumentCache full:https://registry.npmjs.org/is-typed-array set size:undefined disposed:false
1464 silly fetch manifest stop-iteration-iterator@^1.1.0
1465 silly packumentCache full:https://registry.npmjs.org/stop-iteration-iterator cache-miss
1466 http fetch GET 200 https://registry.npmjs.org/safe-push-apply 53ms (cache miss)
1467 silly packumentCache full:https://registry.npmjs.org/safe-push-apply set size:undefined disposed:false
1468 silly fetch manifest string.prototype.trim@^1.2.10
1469 silly packumentCache full:https://registry.npmjs.org/string.prototype.trim cache-miss
1470 http fetch GET 200 https://registry.npmjs.org/set-proto 36ms (cache miss)
1471 silly packumentCache full:https://registry.npmjs.org/set-proto set size:undefined disposed:false
1472 silly fetch manifest string.prototype.trimstart@^1.0.8
1473 silly packumentCache full:https://registry.npmjs.org/string.prototype.trimstart cache-miss
1474 http fetch GET 200 https://registry.npmjs.org/safe-array-concat 84ms (cache miss)
1475 silly packumentCache full:https://registry.npmjs.org/safe-array-concat set size:undefined disposed:false
1476 silly fetch manifest typed-array-buffer@^1.0.3
1477 silly packumentCache full:https://registry.npmjs.org/typed-array-buffer cache-miss
1478 http fetch GET 200 https://registry.npmjs.org/object-inspect 136ms (cache miss)
1479 silly packumentCache full:https://registry.npmjs.org/object-inspect set size:undefined disposed:false
1480 silly fetch manifest typed-array-byte-length@^1.0.3
1481 silly packumentCache full:https://registry.npmjs.org/typed-array-byte-length cache-miss
1482 http fetch GET 200 https://registry.npmjs.org/stop-iteration-iterator 53ms (cache miss)
1483 silly packumentCache full:https://registry.npmjs.org/stop-iteration-iterator set size:undefined disposed:false
1484 silly fetch manifest typed-array-byte-offset@^1.0.4
1485 silly packumentCache full:https://registry.npmjs.org/typed-array-byte-offset cache-miss
1486 http fetch GET 200 https://registry.npmjs.org/string.prototype.trim 57ms (cache miss)
1487 silly packumentCache full:https://registry.npmjs.org/string.prototype.trim set size:undefined disposed:false
1488 silly fetch manifest typed-array-length@^1.0.7
1489 silly packumentCache full:https://registry.npmjs.org/typed-array-length cache-miss
1490 http fetch GET 200 https://registry.npmjs.org/string.prototype.trimstart 72ms (cache miss)
1491 silly packumentCache full:https://registry.npmjs.org/string.prototype.trimstart set size:undefined disposed:false
1492 silly fetch manifest unbox-primitive@^1.1.0
1493 silly packumentCache full:https://registry.npmjs.org/unbox-primitive cache-miss
1494 http fetch GET 200 https://registry.npmjs.org/regexp.prototype.flags 144ms (cache miss)
1495 silly packumentCache full:https://registry.npmjs.org/regexp.prototype.flags set size:undefined disposed:false
1496 silly fetch manifest which-typed-array@^1.1.19
1497 silly packumentCache full:https://registry.npmjs.org/which-typed-array cache-miss
1498 http fetch GET 200 https://registry.npmjs.org/typed-array-byte-offset 44ms (cache miss)
1499 silly packumentCache full:https://registry.npmjs.org/typed-array-byte-offset set size:undefined disposed:false
1500 silly fetch manifest has-tostringtag@^1.0.2
1501 silly packumentCache full:https://registry.npmjs.org/has-tostringtag cache-miss
1502 http fetch GET 200 https://registry.npmjs.org/typed-array-byte-length 52ms (cache miss)
1503 silly packumentCache full:https://registry.npmjs.org/typed-array-byte-length set size:undefined disposed:false
1504 http fetch GET 200 https://registry.npmjs.org/typed-array-length 47ms (cache miss)
1505 silly packumentCache full:https://registry.npmjs.org/typed-array-length set size:undefined disposed:false
1506 http fetch GET 200 https://registry.npmjs.org/typed-array-buffer 80ms (cache miss)
1507 silly packumentCache full:https://registry.npmjs.org/typed-array-buffer set size:undefined disposed:false
1508 http fetch GET 200 https://registry.npmjs.org/object.assign 193ms (cache miss)
1509 silly packumentCache full:https://registry.npmjs.org/object.assign set size:undefined disposed:false
1510 http fetch GET 200 https://registry.npmjs.org/has-tostringtag 39ms (cache miss)
1511 silly packumentCache full:https://registry.npmjs.org/has-tostringtag set size:undefined disposed:false
1512 http fetch GET 200 https://registry.npmjs.org/unbox-primitive 67ms (cache miss)
1513 silly packumentCache full:https://registry.npmjs.org/unbox-primitive set size:undefined disposed:false
1514 http fetch GET 200 https://registry.npmjs.org/is-callable 303ms (cache miss)
1515 silly packumentCache full:https://registry.npmjs.org/is-callable set size:undefined disposed:false
1516 http fetch GET 200 https://registry.npmjs.org/is-array-buffer 316ms (cache miss)
1517 silly packumentCache full:https://registry.npmjs.org/is-array-buffer set size:undefined disposed:false
1518 http fetch GET 200 https://registry.npmjs.org/which-typed-array 130ms (cache miss)
1519 silly packumentCache full:https://registry.npmjs.org/which-typed-array set size:undefined disposed:false
1520 silly placeDep ROOT es-errors@1.3.0 OK for: array.prototype.findlastindex@1.2.6 want: ^1.3.0
1521 silly placeDep ROOT es-shim-unscopables@1.1.0 OK for: array.prototype.findlastindex@1.2.6 want: ^1.1.0
1522 silly placeDep ROOT call-bind-apply-helpers@1.0.2 OK for: call-bind@1.0.9 want: ^1.0.2
1523 silly placeDep ROOT es-define-property@1.0.1 OK for: call-bind@1.0.9 want: ^1.0.1
1524 silly placeDep ROOT set-function-length@1.2.2 OK for: call-bind@1.0.9 want: ^1.2.2
1525 silly fetch manifest define-data-property@^1.1.4
1526 silly packumentCache full:https://registry.npmjs.org/define-data-property cache-miss
1527 silly fetch manifest gopd@^1.0.1
1528 silly packumentCache full:https://registry.npmjs.org/gopd cache-miss
1529 http cache https://registry.npmjs.org/gopd 3ms (cache hit)
1530 silly packumentCache full:https://registry.npmjs.org/gopd set size:11483 disposed:false
1531 http cache https://registry.npmjs.org/define-data-property 3ms (cache hit)
1532 silly packumentCache full:https://registry.npmjs.org/define-data-property set size:28048 disposed:false
1533 silly placeDep ROOT function-bind@1.1.2 OK for: call-bind-apply-helpers@1.0.2 want: ^1.1.2
1534 silly placeDep ROOT define-data-property@1.1.4 OK for: define-properties@1.2.1 want: ^1.0.1
1535 silly placeDep ROOT has-property-descriptors@1.0.2 OK for: define-properties@1.2.1 want: ^1.0.0
1536 silly placeDep ROOT object-keys@1.1.1 OK for: define-properties@1.2.1 want: ^1.1.1
1537 silly placeDep ROOT gopd@1.2.0 OK for: define-data-property@1.1.4 want: ^1.0.1
1538 silly placeDep ROOT array-buffer-byte-length@1.0.2 OK for: es-abstract@1.24.2 want: ^1.0.2
1539 silly placeDep ROOT arraybuffer.prototype.slice@1.0.4 OK for: es-abstract@1.24.2 want: ^1.0.4
1540 silly placeDep ROOT available-typed-arrays@1.0.7 OK for: es-abstract@1.24.2 want: ^1.0.7
1541 silly placeDep ROOT data-view-buffer@1.0.2 OK for: es-abstract@1.24.2 want: ^1.0.2
1542 silly placeDep ROOT data-view-byte-length@1.0.2 OK for: es-abstract@1.24.2 want: ^1.0.2
1543 silly placeDep ROOT data-view-byte-offset@1.0.1 OK for: es-abstract@1.24.2 want: ^1.0.1
1544 silly placeDep ROOT es-set-tostringtag@2.1.0 OK for: es-abstract@1.24.2 want: ^2.1.0
1545 silly placeDep ROOT es-to-primitive@1.3.4 OK for: es-abstract@1.24.2 want: ^1.3.0
1546 silly placeDep ROOT function.prototype.name@1.2.0 OK for: es-abstract@1.24.2 want: ^1.1.8
1547 silly placeDep ROOT get-proto@1.0.1 OK for: es-abstract@1.24.2 want: ^1.0.1
1548 silly placeDep ROOT get-symbol-description@1.1.0 OK for: es-abstract@1.24.2 want: ^1.1.0
1549 silly placeDep ROOT globalthis@1.0.4 OK for: es-abstract@1.24.2 want: ^1.0.4
1550 silly placeDep ROOT has-proto@1.2.0 OK for: es-abstract@1.24.2 want: ^1.2.0
1551 silly placeDep ROOT has-symbols@1.1.0 OK for: es-abstract@1.24.2 want: ^1.1.0
1552 silly placeDep ROOT internal-slot@1.1.0 OK for: es-abstract@1.24.2 want: ^1.1.0
1553 silly placeDep ROOT is-array-buffer@3.0.5 OK for: es-abstract@1.24.2 want: ^3.0.5
1554 silly placeDep ROOT is-callable@1.2.7 OK for: es-abstract@1.24.2 want: ^1.2.7
1555 silly placeDep ROOT is-data-view@1.0.2 OK for: es-abstract@1.24.2 want: ^1.0.2
1556 silly placeDep ROOT is-negative-zero@2.0.3 OK for: es-abstract@1.24.2 want: ^2.0.3
1557 silly placeDep ROOT is-regex@1.2.1 OK for: es-abstract@1.24.2 want: ^1.2.1
1558 silly placeDep ROOT is-set@2.0.3 OK for: es-abstract@1.24.2 want: ^2.0.3
1559 silly placeDep ROOT is-shared-array-buffer@1.0.4 OK for: es-abstract@1.24.2 want: ^1.0.4
1560 silly placeDep ROOT is-typed-array@1.1.15 OK for: es-abstract@1.24.2 want: ^1.1.15
1561 silly placeDep ROOT is-weakref@1.1.1 OK for: es-abstract@1.24.2 want: ^1.1.1
1562 silly placeDep ROOT object-inspect@1.13.4 OK for: es-abstract@1.24.2 want: ^1.13.4
1563 silly placeDep ROOT object.assign@4.1.7 OK for: es-abstract@1.24.2 want: ^4.1.7
1564 silly placeDep ROOT own-keys@1.0.2 OK for: es-abstract@1.24.2 want: ^1.0.1
1565 silly placeDep ROOT regexp.prototype.flags@1.5.4 OK for: es-abstract@1.24.2 want: ^1.5.4
1566 silly placeDep ROOT safe-array-concat@1.1.4 OK for: es-abstract@1.24.2 want: ^1.1.3
1567 silly placeDep ROOT safe-push-apply@1.0.0 OK for: es-abstract@1.24.2 want: ^1.0.0
1568 silly placeDep ROOT safe-regex-test@1.1.0 OK for: es-abstract@1.24.2 want: ^1.1.0
1569 silly placeDep ROOT set-proto@1.0.0 OK for: es-abstract@1.24.2 want: ^1.0.0
1570 silly placeDep ROOT stop-iteration-iterator@1.1.0 OK for: es-abstract@1.24.2 want: ^1.1.0
1571 silly placeDep ROOT string.prototype.trim@1.2.11 OK for: es-abstract@1.24.2 want: ^1.2.10
1572 silly placeDep ROOT string.prototype.trimstart@1.0.8 OK for: es-abstract@1.24.2 want: ^1.0.8
1573 silly placeDep ROOT typed-array-buffer@1.0.3 OK for: es-abstract@1.24.2 want: ^1.0.3
1574 silly placeDep ROOT typed-array-byte-length@1.0.3 OK for: es-abstract@1.24.2 want: ^1.0.3
1575 silly placeDep ROOT typed-array-byte-offset@1.0.4 OK for: es-abstract@1.24.2 want: ^1.0.4
1576 silly placeDep ROOT typed-array-length@1.0.8 OK for: es-abstract@1.24.2 want: ^1.0.7
1577 silly placeDep ROOT unbox-primitive@1.1.0 OK for: es-abstract@1.24.2 want: ^1.1.0
1578 silly placeDep ROOT which-typed-array@1.1.22 OK for: es-abstract@1.24.2 want: ^1.1.19
1579 silly fetch manifest is-array-buffer@^3.0.4
1580 silly packumentCache full:https://registry.npmjs.org/is-array-buffer cache-miss
1581 silly fetch manifest possible-typed-array-names@^1.0.0
1582 silly packumentCache full:https://registry.npmjs.org/possible-typed-array-names cache-miss
1583 silly fetch manifest is-data-view@^1.0.1
1584 silly packumentCache full:https://registry.npmjs.org/is-data-view cache-miss
1585 silly fetch manifest is-symbol@^1.1.1
1586 silly packumentCache full:https://registry.npmjs.org/is-symbol cache-miss
1587 silly fetch manifest is-date-object@^1.1.0
1588 silly packumentCache full:https://registry.npmjs.org/is-date-object cache-miss
1589 silly fetch manifest es-abstract-get@^1.0.0
1590 silly packumentCache full:https://registry.npmjs.org/es-abstract-get cache-miss
1591 silly fetch manifest is-document.all@^1.0.0
1592 silly packumentCache full:https://registry.npmjs.org/is-document.all cache-miss
1593 silly fetch manifest functions-have-names@^1.2.3
1594 silly packumentCache full:https://registry.npmjs.org/functions-have-names cache-miss
1595 silly fetch manifest dunder-proto@^1.0.1
1596 silly packumentCache full:https://registry.npmjs.org/dunder-proto cache-miss
1597 http cache https://registry.npmjs.org/is-data-view 4ms (cache hit)
1598 silly packumentCache full:https://registry.npmjs.org/is-data-view set size:13756 disposed:false
1599 silly fetch manifest dunder-proto@^1.0.0
1600 silly packumentCache full:https://registry.npmjs.org/dunder-proto cache-miss
1601 http cache https://registry.npmjs.org/is-array-buffer 5ms (cache hit)
1602 silly packumentCache full:https://registry.npmjs.org/is-array-buffer set size:33562 disposed:false
1603 silly fetch manifest side-channel@^1.1.0
1604 silly packumentCache full:https://registry.npmjs.org/side-channel cache-miss
1605 http fetch GET 200 https://registry.npmjs.org/dunder-proto 42ms (cache miss)
1606 silly packumentCache full:https://registry.npmjs.org/dunder-proto set size:undefined disposed:false
1607 silly fetch manifest is-typed-array@^1.1.13
1608 silly packumentCache full:https://registry.npmjs.org/is-typed-array cache-miss
1609 http cache https://registry.npmjs.org/is-typed-array 1ms (cache hit)
1610 silly packumentCache full:https://registry.npmjs.org/is-typed-array set size:79965 disposed:false
1611 silly fetch manifest which-typed-array@^1.1.16
1612 silly packumentCache full:https://registry.npmjs.org/which-typed-array cache-miss
1613 http cache https://registry.npmjs.org/which-typed-array 0ms (cache hit)
1614 silly packumentCache full:https://registry.npmjs.org/which-typed-array set size:101551 disposed:false
1615 silly fetch manifest set-function-name@^2.0.2
1616 silly packumentCache full:https://registry.npmjs.org/set-function-name cache-miss
1617 http fetch GET 200 https://registry.npmjs.org/dunder-proto 42ms (cache miss)
1618 silly packumentCache full:https://registry.npmjs.org/dunder-proto set size:undefined disposed:false
1619 silly fetch manifest isarray@^2.0.5
1620 silly packumentCache full:https://registry.npmjs.org/isarray cache-miss
1621 http fetch GET 200 https://registry.npmjs.org/possible-typed-array-names 48ms (cache miss)
1622 silly packumentCache full:https://registry.npmjs.org/possible-typed-array-names set size:undefined disposed:false
1623 silly fetch manifest isarray@^2.0.5
1624 silly packumentCache full:https://registry.npmjs.org/isarray cache-miss
1625 http fetch GET 200 https://registry.npmjs.org/is-date-object 54ms (cache miss)
1626 silly packumentCache full:https://registry.npmjs.org/is-date-object set size:undefined disposed:false
1627 silly fetch manifest for-each@^0.3.3
1628 silly packumentCache full:https://registry.npmjs.org/for-each cache-miss
1629 http fetch GET 200 https://registry.npmjs.org/is-document.all 64ms (cache miss)
1630 silly packumentCache full:https://registry.npmjs.org/is-document.all set size:undefined disposed:false
1631 silly fetch manifest for-each@^0.3.3
1632 silly packumentCache full:https://registry.npmjs.org/for-each cache-miss
1633 http fetch GET 200 https://registry.npmjs.org/functions-have-names 69ms (cache miss)
1634 silly packumentCache full:https://registry.npmjs.org/functions-have-names set size:undefined disposed:false
1635 silly fetch manifest reflect.getprototypeof@^1.0.9
1636 silly packumentCache full:https://registry.npmjs.org/reflect.getprototypeof cache-miss
1637 http fetch GET 200 https://registry.npmjs.org/es-abstract-get 70ms (cache miss)
1638 silly packumentCache full:https://registry.npmjs.org/es-abstract-get set size:undefined disposed:false
1639 silly fetch manifest for-each@^0.3.5
1640 silly packumentCache full:https://registry.npmjs.org/for-each cache-miss
1641 http fetch GET 200 https://registry.npmjs.org/side-channel 74ms (cache miss)
1642 silly packumentCache full:https://registry.npmjs.org/side-channel set size:undefined disposed:false
1643 silly fetch manifest possible-typed-array-names@^1.1.0
1644 silly packumentCache full:https://registry.npmjs.org/possible-typed-array-names cache-miss
1645 http cache https://registry.npmjs.org/possible-typed-array-names 1ms (cache hit)
1646 silly packumentCache full:https://registry.npmjs.org/possible-typed-array-names set size:9167 disposed:false
1647 silly fetch manifest reflect.getprototypeof@^1.0.10
1648 silly packumentCache full:https://registry.npmjs.org/reflect.getprototypeof cache-miss
1649 http fetch GET 200 https://registry.npmjs.org/for-each 37ms (cache miss)
1650 silly packumentCache full:https://registry.npmjs.org/for-each set size:undefined disposed:false
1651 silly fetch manifest has-bigints@^1.0.2
1652 silly packumentCache full:https://registry.npmjs.org/has-bigints cache-miss
1653 http fetch GET 200 https://registry.npmjs.org/isarray 47ms (cache miss)
1654 silly packumentCache full:https://registry.npmjs.org/isarray set size:undefined disposed:false
1655 silly fetch manifest which-boxed-primitive@^1.1.1
1656 silly packumentCache full:https://registry.npmjs.org/which-boxed-primitive cache-miss
1657 http fetch GET 200 https://registry.npmjs.org/set-function-name 54ms (cache miss)
1658 silly packumentCache full:https://registry.npmjs.org/set-function-name set size:undefined disposed:false
1659 silly fetch manifest for-each@^0.3.5
1660 silly packumentCache full:https://registry.npmjs.org/for-each cache-miss
1661 http cache https://registry.npmjs.org/for-each 1ms (cache hit)
1662 silly packumentCache full:https://registry.npmjs.org/for-each set size:14327 disposed:false
1663 http fetch GET 200 https://registry.npmjs.org/isarray 64ms (cache miss)
1664 silly packumentCache full:https://registry.npmjs.org/isarray set size:undefined disposed:false
1665 http fetch GET 200 https://registry.npmjs.org/for-each 52ms (cache miss)
1666 silly packumentCache full:https://registry.npmjs.org/for-each set size:undefined disposed:false
1667 silly packumentCache full:https://registry.npmjs.org/for-each dispose
1668 http fetch GET 200 https://registry.npmjs.org/for-each 47ms (cache miss)
1669 silly packumentCache full:https://registry.npmjs.org/for-each set size:undefined disposed:true
1670 http fetch GET 200 https://registry.npmjs.org/is-symbol 120ms (cache miss)
1671 silly packumentCache full:https://registry.npmjs.org/is-symbol set size:undefined disposed:false
1672 http fetch GET 200 https://registry.npmjs.org/has-bigints 57ms (cache miss)
1673 silly packumentCache full:https://registry.npmjs.org/has-bigints set size:undefined disposed:false
1674 http fetch GET 200 https://registry.npmjs.org/reflect.getprototypeof 72ms (cache miss)
1675 silly packumentCache full:https://registry.npmjs.org/reflect.getprototypeof set size:undefined disposed:false
1676 http fetch GET 200 https://registry.npmjs.org/which-boxed-primitive 62ms (cache miss)
1677 silly packumentCache full:https://registry.npmjs.org/which-boxed-primitive set size:undefined disposed:false
1678 http fetch GET 200 https://registry.npmjs.org/reflect.getprototypeof 107ms (cache miss)
1679 silly packumentCache full:https://registry.npmjs.org/reflect.getprototypeof set size:undefined disposed:false
1680 silly placeDep ROOT possible-typed-array-names@1.1.0 OK for: available-typed-arrays@1.0.7 want: ^1.0.0
1681 silly placeDep ROOT has-tostringtag@1.0.2 OK for: es-set-tostringtag@2.1.0 want: ^1.0.2
1682 silly placeDep ROOT es-abstract-get@1.0.0 OK for: es-to-primitive@1.3.4 want: ^1.0.0
1683 silly placeDep ROOT is-date-object@1.1.0 OK for: es-to-primitive@1.3.4 want: ^1.1.0
1684 silly placeDep ROOT is-symbol@1.1.1 OK for: es-to-primitive@1.3.4 want: ^1.1.1
1685 silly placeDep node_modules/eslint-module-utils debug@3.2.7 OK for: eslint-module-utils@2.14.0 want: ^3.2.7
1686 silly placeDep ROOT aria-query@5.3.2 OK for: eslint-plugin-jsx-a11y@6.10.2 want: ^5.3.2
1687 silly placeDep ROOT ast-types-flow@0.0.8 OK for: eslint-plugin-jsx-a11y@6.10.2 want: ^0.0.8
1688 silly placeDep ROOT axe-core@4.13.0 OK for: eslint-plugin-jsx-a11y@6.10.2 want: ^4.10.0
1689 silly placeDep ROOT axobject-query@4.1.0 OK for: eslint-plugin-jsx-a11y@6.10.2 want: ^4.1.0
1690 silly placeDep ROOT damerau-levenshtein@1.0.8 OK for: eslint-plugin-jsx-a11y@6.10.2 want: ^1.0.8
1691 silly placeDep ROOT emoji-regex@9.2.2 OK for: eslint-plugin-jsx-a11y@6.10.2 want: ^9.2.2
1692 silly placeDep ROOT jsx-ast-utils@3.3.5 OK for: eslint-plugin-jsx-a11y@6.10.2 want: ^3.3.5
1693 silly placeDep ROOT language-tags@1.0.9 OK for: eslint-plugin-jsx-a11y@6.10.2 want: ^1.0.9
1694 silly placeDep ROOT string.prototype.includes@2.0.1 OK for: eslint-plugin-jsx-a11y@6.10.2 want: ^2.0.1
1695 silly fetch manifest language-subtag-registry@^0.3.20
1696 silly packumentCache full:https://registry.npmjs.org/language-subtag-registry cache-miss
1697 http fetch GET 200 https://registry.npmjs.org/language-subtag-registry 57ms (cache miss)
1698 silly packumentCache full:https://registry.npmjs.org/language-subtag-registry set size:undefined disposed:false
1699 silly placeDep ROOT array.prototype.findlast@1.2.5 OK for: eslint-plugin-react@7.37.5 want: ^1.2.5
1700 silly placeDep ROOT array.prototype.tosorted@1.1.4 OK for: eslint-plugin-react@7.37.5 want: ^1.1.4
1701 silly placeDep ROOT es-iterator-helpers@1.4.0 OK for: eslint-plugin-react@7.37.5 want: ^1.2.1
1702 silly placeDep ROOT estraverse@5.3.0 OK for: eslint-plugin-react@7.37.5 want: ^5.3.0
1703 silly placeDep ROOT object.entries@1.1.9 OK for: eslint-plugin-react@7.37.5 want: ^1.1.9
1704 silly placeDep ROOT prop-types@15.8.1 OK for: eslint-plugin-react@7.37.5 want: ^15.8.1
1705 silly placeDep ROOT string.prototype.matchall@4.0.12 OK for: eslint-plugin-react@7.37.5 want: ^4.0.12
1706 silly placeDep ROOT string.prototype.repeat@1.0.0 OK for: eslint-plugin-react@7.37.5 want: ^1.0.0
1707 silly fetch manifest iterator.prototype@^1.1.5
1708 silly packumentCache full:https://registry.npmjs.org/iterator.prototype cache-miss
1709 silly fetch manifest loose-envify@^1.4.0
1710 silly packumentCache full:https://registry.npmjs.org/loose-envify cache-miss
1711 silly fetch manifest object-assign@^4.1.1
1712 silly packumentCache full:https://registry.npmjs.org/object-assign cache-miss
1713 silly fetch manifest react-is@^16.13.1
1714 silly packumentCache full:https://registry.npmjs.org/react-is cache-miss
1715 http fetch GET 200 https://registry.npmjs.org/loose-envify 39ms (cache miss)
1716 silly packumentCache full:https://registry.npmjs.org/loose-envify set size:undefined disposed:false
1717 http fetch GET 200 https://registry.npmjs.org/object-assign 57ms (cache miss)
1718 silly packumentCache full:https://registry.npmjs.org/object-assign set size:undefined disposed:false
1719 http fetch GET 200 https://registry.npmjs.org/iterator.prototype 62ms (cache miss)
1720 silly packumentCache full:https://registry.npmjs.org/iterator.prototype set size:undefined disposed:false
1721 http fetch GET 200 https://registry.npmjs.org/react-is 1249ms (cache miss)
1722 silly packumentCache full:https://registry.npmjs.org/react-is set size:undefined disposed:false
1723 silly placeDep ROOT iterator.prototype@1.1.5 OK for: es-iterator-helpers@1.4.0 want: ^1.1.5
1724 silly placeDep ROOT @babel/core@7.29.7 OK for: eslint-plugin-react-hooks@7.1.1 want: ^7.24.4
1725 silly placeDep ROOT @babel/parser@7.29.8 OK for: eslint-plugin-react-hooks@7.1.1 want: ^7.24.4
1726 silly placeDep ROOT hermes-parser@0.25.1 OK for: eslint-plugin-react-hooks@7.1.1 want: ^0.25.1
1727 silly placeDep ROOT zod@4.4.3 OK for: eslint-plugin-react-hooks@7.1.1 want: ^3.25.0 || ^4.0.0
1728 silly placeDep ROOT zod-validation-error@4.0.2 OK for: eslint-plugin-react-hooks@7.1.1 want: ^3.5.0 || ^4.0.0
1729 silly fetch manifest json5@^2.2.3
1730 silly packumentCache full:https://registry.npmjs.org/json5 cache-miss
1731 silly fetch manifest gensync@^1.0.0-beta.2
1732 silly packumentCache full:https://registry.npmjs.org/gensync cache-miss
1733 silly fetch manifest @babel/types@^7.29.7
1734 silly packumentCache full:https://registry.npmjs.org/@babel%2ftypes cache-miss
1735 silly fetch manifest @babel/parser@^7.29.7
1736 silly packumentCache full:https://registry.npmjs.org/@babel%2fparser cache-miss
1737 silly fetch manifest @babel/helpers@^7.29.7
1738 silly packumentCache full:https://registry.npmjs.org/@babel%2fhelpers cache-miss
1739 silly fetch manifest @babel/template@^7.29.7
1740 silly packumentCache full:https://registry.npmjs.org/@babel%2ftemplate cache-miss
1741 silly fetch manifest @babel/traverse@^7.29.7
1742 silly packumentCache full:https://registry.npmjs.org/@babel%2ftraverse cache-miss
1743 silly fetch manifest @babel/generator@^7.29.7
1744 silly packumentCache full:https://registry.npmjs.org/@babel%2fgenerator cache-miss
1745 silly fetch manifest @babel/code-frame@^7.29.7
1746 silly packumentCache full:https://registry.npmjs.org/@babel%2fcode-frame cache-miss
1747 http cache https://registry.npmjs.org/json5 7ms (cache hit)
1748 silly packumentCache full:https://registry.npmjs.org/json5 set size:86136 disposed:false
1749 silly fetch manifest convert-source-map@^2.0.0
1750 silly packumentCache full:https://registry.npmjs.org/convert-source-map cache-miss
1751 http cache https://registry.npmjs.org/@babel%2fparser 8ms (cache hit)
1752 silly packumentCache full:https://registry.npmjs.org/@babel%2fparser set size:737961 disposed:false
1753 silly fetch manifest @jridgewell/remapping@^2.3.5
1754 silly packumentCache full:https://registry.npmjs.org/@jridgewell%2fremapping cache-miss
1755 http fetch GET 200 https://registry.npmjs.org/@jridgewell%2fremapping 47ms (cache miss)
1756 silly packumentCache full:https://registry.npmjs.org/@jridgewell%2fremapping set size:undefined disposed:false
1757 silly fetch manifest @babel/helper-module-transforms@^7.29.7
1758 silly packumentCache full:https://registry.npmjs.org/@babel%2fhelper-module-transforms cache-miss
1759 http fetch GET 200 https://registry.npmjs.org/gensync 99ms (cache miss)
1760 silly packumentCache full:https://registry.npmjs.org/gensync set size:undefined disposed:false
1761 silly fetch manifest @babel/helper-compilation-targets@^7.29.7
1762 silly packumentCache full:https://registry.npmjs.org/@babel%2fhelper-compilation-targets cache-miss
1763 http fetch GET 200 https://registry.npmjs.org/convert-source-map 109ms (cache miss)
1764 silly packumentCache full:https://registry.npmjs.org/convert-source-map set size:undefined disposed:false
1765 silly fetch manifest @babel/types@^7.29.8
1766 silly packumentCache full:https://registry.npmjs.org/@babel%2ftypes cache-miss
1767 http fetch GET 200 https://registry.npmjs.org/@babel%2fhelper-module-transforms 70ms (cache miss)
1768 silly packumentCache full:https://registry.npmjs.org/@babel%2fhelper-module-transforms set size:undefined disposed:false
1769 silly fetch manifest hermes-estree@0.25.1
1770 silly packumentCache full:https://registry.npmjs.org/hermes-estree cache-miss
1771 http fetch GET 200 https://registry.npmjs.org/hermes-estree 40ms (cache miss)
1772 silly packumentCache full:https://registry.npmjs.org/hermes-estree set size:undefined disposed:false
1773 http fetch GET 200 https://registry.npmjs.org/@babel%2fcode-frame 225ms (cache miss)
1774 silly packumentCache full:https://registry.npmjs.org/@babel%2fcode-frame set size:undefined disposed:false
1775 http fetch GET 200 https://registry.npmjs.org/@babel%2ftraverse 230ms (cache miss)
1776 silly packumentCache full:https://registry.npmjs.org/@babel%2ftraverse set size:undefined disposed:false
1777 http fetch GET 200 https://registry.npmjs.org/@babel%2ftemplate 275ms (cache miss)
1778 silly packumentCache full:https://registry.npmjs.org/@babel%2ftemplate set size:undefined disposed:false
1779 http fetch GET 200 https://registry.npmjs.org/@babel%2fhelpers 277ms (cache miss)
1780 silly packumentCache full:https://registry.npmjs.org/@babel%2fhelpers set size:undefined disposed:false
1781 http fetch GET 200 https://registry.npmjs.org/@babel%2fgenerator 349ms (cache miss)
1782 silly packumentCache full:https://registry.npmjs.org/@babel%2fgenerator set size:undefined disposed:false
1783 http fetch GET 200 https://registry.npmjs.org/@babel%2ftypes 354ms (cache miss)
1784 silly packumentCache full:https://registry.npmjs.org/@babel%2ftypes set size:undefined disposed:false
1785 http fetch GET 200 https://registry.npmjs.org/@babel%2fhelper-compilation-targets 336ms (cache miss)
1786 silly packumentCache full:https://registry.npmjs.org/@babel%2fhelper-compilation-targets set size:undefined disposed:false
1787 http fetch GET 200 https://registry.npmjs.org/@babel%2ftypes 438ms (cache miss)
1788 silly packumentCache full:https://registry.npmjs.org/@babel%2ftypes set size:undefined disposed:false
1789 silly fetch manifest @babel/core@^7.0.0
1790 silly packumentCache full:https://registry.npmjs.org/@babel%2fcore cache-miss
1791 http cache https://registry.npmjs.org/@babel%2fcore 4ms (cache hit)
1792 silly packumentCache full:https://registry.npmjs.org/@babel%2fcore set size:788273 disposed:false
1793 silly placeDep ROOT @babel/code-frame@7.29.7 OK for: @babel/core@7.29.7 want: ^7.29.7
1794 silly placeDep ROOT @babel/generator@7.29.8 OK for: @babel/core@7.29.7 want: ^7.29.7
1795 silly placeDep ROOT @babel/helper-compilation-targets@7.29.7 OK for: @babel/core@7.29.7 want: ^7.29.7
1796 silly placeDep ROOT @babel/helper-module-transforms@7.29.7 OK for: @babel/core@7.29.7 want: ^7.29.7
1797 silly placeDep ROOT @babel/helpers@7.29.7 OK for: @babel/core@7.29.7 want: ^7.29.7
1798 silly placeDep ROOT @babel/template@7.29.7 OK for: @babel/core@7.29.7 want: ^7.29.7
1799 silly placeDep ROOT @babel/traverse@7.29.8 OK for: @babel/core@7.29.7 want: ^7.29.7
1800 silly placeDep ROOT @babel/types@7.29.8 OK for: @babel/core@7.29.7 want: ^7.29.7
1801 silly placeDep ROOT @jridgewell/remapping@2.3.5 OK for: @babel/core@7.29.7 want: ^2.3.5
1802 silly placeDep ROOT convert-source-map@2.0.0 OK for: @babel/core@7.29.7 want: ^2.0.0
1803 silly placeDep ROOT gensync@1.0.0-beta.2 OK for: @babel/core@7.29.7 want: ^1.0.0-beta.2
1804 silly placeDep ROOT json5@2.2.3 OK for: @babel/core@7.29.7 want: ^2.2.3
1805 silly fetch manifest js-tokens@^4.0.0
1806 silly packumentCache full:https://registry.npmjs.org/js-tokens cache-miss
1807 silly fetch manifest picocolors@^1.1.1
1808 silly packumentCache full:https://registry.npmjs.org/picocolors cache-miss
1809 silly fetch manifest @babel/helper-validator-identifier@^7.29.7
1810 silly packumentCache full:https://registry.npmjs.org/@babel%2fhelper-validator-identifier cache-miss
1811 silly fetch manifest jsesc@^3.0.2
1812 silly packumentCache full:https://registry.npmjs.org/jsesc cache-miss
1813 silly fetch manifest @jridgewell/gen-mapping@^0.3.12
1814 silly packumentCache full:https://registry.npmjs.org/@jridgewell%2fgen-mapping cache-miss
1815 silly fetch manifest @jridgewell/trace-mapping@^0.3.28
1816 silly packumentCache full:https://registry.npmjs.org/@jridgewell%2ftrace-mapping cache-miss
1817 silly fetch manifest lru-cache@^5.1.1
1818 silly packumentCache full:https://registry.npmjs.org/lru-cache cache-miss
1819 silly fetch manifest browserslist@^4.24.0
1820 silly packumentCache full:https://registry.npmjs.org/browserslist cache-miss
1821 silly fetch manifest @babel/compat-data@^7.29.7
1822 silly packumentCache full:https://registry.npmjs.org/@babel%2fcompat-data cache-miss
1823 http fetch GET 200 https://registry.npmjs.org/js-tokens 39ms (cache miss)
1824 silly packumentCache full:https://registry.npmjs.org/js-tokens set size:undefined disposed:false
1825 silly fetch manifest @babel/helper-validator-option@^7.29.7
1826 silly packumentCache full:https://registry.npmjs.org/@babel%2fhelper-validator-option cache-miss
1827 http fetch GET 200 https://registry.npmjs.org/picocolors 51ms (cache miss)
1828 silly packumentCache full:https://registry.npmjs.org/picocolors set size:undefined disposed:false
1829 silly fetch manifest @babel/helper-module-imports@^7.29.7
1830 silly packumentCache full:https://registry.npmjs.org/@babel%2fhelper-module-imports cache-miss
1831 http fetch GET 200 https://registry.npmjs.org/@jridgewell%2fgen-mapping 69ms (cache miss)
1832 silly packumentCache full:https://registry.npmjs.org/@jridgewell%2fgen-mapping set size:undefined disposed:false
1833 silly fetch manifest @babel/helper-validator-identifier@^7.29.7
1834 silly packumentCache full:https://registry.npmjs.org/@babel%2fhelper-validator-identifier cache-miss
1835 http fetch GET 200 https://registry.npmjs.org/@babel%2fhelper-validator-identifier 76ms (cache miss)
1836 silly packumentCache full:https://registry.npmjs.org/@babel%2fhelper-validator-identifier set size:undefined disposed:false
1837 silly fetch manifest @babel/helper-globals@^7.29.7
1838 silly packumentCache full:https://registry.npmjs.org/@babel%2fhelper-globals cache-miss
1839 http fetch GET 200 https://registry.npmjs.org/jsesc 81ms (cache miss)
1840 silly packumentCache full:https://registry.npmjs.org/jsesc set size:undefined disposed:false
1841 silly fetch manifest @babel/helper-string-parser@^7.29.7
1842 silly packumentCache full:https://registry.npmjs.org/@babel%2fhelper-string-parser cache-miss
1843 http fetch GET 200 https://registry.npmjs.org/@babel%2fhelper-validator-option 50ms (cache miss)
1844 silly packumentCache full:https://registry.npmjs.org/@babel%2fhelper-validator-option set size:undefined disposed:false
1845 silly fetch manifest @jridgewell/gen-mapping@^0.3.5
1846 silly packumentCache full:https://registry.npmjs.org/@jridgewell%2fgen-mapping cache-miss
1847 http cache https://registry.npmjs.org/@jridgewell%2fgen-mapping 2ms (cache hit)
1848 silly packumentCache full:https://registry.npmjs.org/@jridgewell%2fgen-mapping set size:75941 disposed:false
1849 silly fetch manifest @jridgewell/trace-mapping@^0.3.24
1850 silly packumentCache full:https://registry.npmjs.org/@jridgewell%2ftrace-mapping cache-miss
1851 http fetch GET 200 https://registry.npmjs.org/@jridgewell%2ftrace-mapping 97ms (cache miss)
1852 silly packumentCache full:https://registry.npmjs.org/@jridgewell%2ftrace-mapping set size:undefined disposed:false
1853 http fetch GET 200 https://registry.npmjs.org/@babel%2fhelper-globals 60ms (cache miss)
1854 silly packumentCache full:https://registry.npmjs.org/@babel%2fhelper-globals set size:undefined disposed:false
1855 http fetch GET 200 https://registry.npmjs.org/@jridgewell%2ftrace-mapping 53ms (cache miss)
1856 silly packumentCache full:https://registry.npmjs.org/@jridgewell%2ftrace-mapping set size:undefined disposed:false
1857 http fetch GET 200 https://registry.npmjs.org/@babel%2fhelper-validator-identifier 81ms (cache miss)
1858 silly packumentCache full:https://registry.npmjs.org/@babel%2fhelper-validator-identifier set size:undefined disposed:false
1859 http fetch GET 200 https://registry.npmjs.org/@babel%2fcompat-data 157ms (cache miss)
1860 silly packumentCache full:https://registry.npmjs.org/@babel%2fcompat-data set size:undefined disposed:false
1861 http fetch GET 200 https://registry.npmjs.org/@babel%2fhelper-string-parser 83ms (cache miss)
1862 silly packumentCache full:https://registry.npmjs.org/@babel%2fhelper-string-parser set size:undefined disposed:false
1863 http fetch GET 200 https://registry.npmjs.org/lru-cache 171ms (cache miss)
1864 silly packumentCache full:https://registry.npmjs.org/lru-cache set size:undefined disposed:false
1865 http fetch GET 200 https://registry.npmjs.org/@babel%2fhelper-module-imports 200ms (cache miss)
1866 silly packumentCache full:https://registry.npmjs.org/@babel%2fhelper-module-imports set size:undefined disposed:false
1867 http fetch GET 200 https://registry.npmjs.org/browserslist 315ms (cache miss)
1868 silly packumentCache full:https://registry.npmjs.org/browserslist set size:undefined disposed:false
1869 silly placeDep ROOT @babel/helper-validator-identifier@7.29.7 OK for: @babel/code-frame@7.29.7 want: ^7.29.7
1870 silly placeDep ROOT js-tokens@4.0.0 OK for: @babel/code-frame@7.29.7 want: ^4.0.0
1871 silly placeDep ROOT picocolors@1.1.1 OK for: @babel/code-frame@7.29.7 want: ^1.1.1
1872 silly placeDep ROOT @jridgewell/gen-mapping@0.3.13 OK for: @babel/generator@7.29.8 want: ^0.3.12
1873 silly placeDep ROOT @jridgewell/trace-mapping@0.3.31 OK for: @babel/generator@7.29.8 want: ^0.3.28
1874 silly placeDep ROOT jsesc@3.1.0 OK for: @babel/generator@7.29.8 want: ^3.0.2
1875 silly fetch manifest @jridgewell/sourcemap-codec@^1.5.0
1876 silly packumentCache full:https://registry.npmjs.org/@jridgewell%2fsourcemap-codec cache-miss
1877 silly fetch manifest @jridgewell/resolve-uri@^3.1.0
1878 silly packumentCache full:https://registry.npmjs.org/@jridgewell%2fresolve-uri cache-miss
1879 silly fetch manifest @jridgewell/sourcemap-codec@^1.4.14
1880 silly packumentCache full:https://registry.npmjs.org/@jridgewell%2fsourcemap-codec cache-miss
1881 http fetch GET 200 https://registry.npmjs.org/@jridgewell%2fsourcemap-codec 48ms (cache miss)
1882 silly packumentCache full:https://registry.npmjs.org/@jridgewell%2fsourcemap-codec set size:undefined disposed:false
1883 http fetch GET 200 https://registry.npmjs.org/@jridgewell%2fsourcemap-codec 55ms (cache miss)
1884 silly packumentCache full:https://registry.npmjs.org/@jridgewell%2fsourcemap-codec set size:undefined disposed:false
1885 http fetch GET 200 https://registry.npmjs.org/@jridgewell%2fresolve-uri 58ms (cache miss)
1886 silly packumentCache full:https://registry.npmjs.org/@jridgewell%2fresolve-uri set size:undefined disposed:false
1887 silly placeDep ROOT @babel/compat-data@7.29.7 OK for: @babel/helper-compilation-targets@7.29.7 want: ^7.29.7
1888 silly placeDep ROOT @babel/helper-validator-option@7.29.7 OK for: @babel/helper-compilation-targets@7.29.7 want: ^7.29.7
1889 silly placeDep ROOT browserslist@4.28.8 OK for: @babel/helper-compilation-targets@7.29.7 want: ^4.24.0
1890 silly placeDep ROOT lru-cache@5.1.1 OK for: @babel/helper-compilation-targets@7.29.7 want: ^5.1.1
1891 silly fetch manifest caniuse-lite@^1.0.30001809
1892 silly packumentCache full:https://registry.npmjs.org/caniuse-lite cache-miss
1893 silly fetch manifest node-releases@^2.0.53
1894 silly packumentCache full:https://registry.npmjs.org/node-releases cache-miss
1895 silly fetch manifest electron-to-chromium@^1.5.402
1896 silly packumentCache full:https://registry.npmjs.org/electron-to-chromium cache-miss
1897 silly fetch manifest update-browserslist-db@^1.3.0
1898 silly packumentCache full:https://registry.npmjs.org/update-browserslist-db cache-miss
1899 silly fetch manifest baseline-browser-mapping@^2.11.12
1900 silly packumentCache full:https://registry.npmjs.org/baseline-browser-mapping cache-miss
1901 silly fetch manifest yallist@^3.0.2
1902 silly packumentCache full:https://registry.npmjs.org/yallist cache-miss
1903 http cache https://registry.npmjs.org/caniuse-lite 7ms (cache hit)
1904 silly packumentCache full:https://registry.npmjs.org/caniuse-lite set size:2311190 disposed:false
1905 http cache https://registry.npmjs.org/baseline-browser-mapping 14ms (cache hit)
1906 silly packumentCache full:https://registry.npmjs.org/baseline-browser-mapping set size:613347 disposed:false
1907 http fetch GET 200 https://registry.npmjs.org/yallist 43ms (cache miss)
1908 silly packumentCache full:https://registry.npmjs.org/yallist set size:undefined disposed:false
1909 http fetch GET 200 https://registry.npmjs.org/update-browserslist-db 74ms (cache miss)
1910 silly packumentCache full:https://registry.npmjs.org/update-browserslist-db set size:undefined disposed:false
1911 http fetch GET 200 https://registry.npmjs.org/node-releases 147ms (cache miss)
1912 silly packumentCache full:https://registry.npmjs.org/node-releases set size:undefined disposed:false
1913 http fetch GET 200 https://registry.npmjs.org/electron-to-chromium 815ms (cache miss)
1914 silly packumentCache full:https://registry.npmjs.org/electron-to-chromium set size:undefined disposed:false
1915 silly placeDep ROOT @babel/helper-module-imports@7.29.7 OK for: @babel/helper-module-transforms@7.29.7 want: ^7.29.7
1916 silly placeDep ROOT @babel/helper-globals@7.29.7 OK for: @babel/traverse@7.29.8 want: ^7.29.7
1917 silly placeDep ROOT @babel/helper-string-parser@7.29.7 OK for: @babel/types@7.29.8 want: ^7.29.7
1918 silly placeDep ROOT @jridgewell/sourcemap-codec@1.5.5 OK for: @jridgewell/gen-mapping@0.3.13 want: ^1.5.0
1919 silly placeDep ROOT @jridgewell/resolve-uri@3.1.2 OK for: @jridgewell/trace-mapping@0.3.31 want: ^3.1.0
1920 silly fetch manifest browserslist@>= 4.21.0
1921 silly packumentCache full:https://registry.npmjs.org/browserslist cache-miss
1922 http cache https://registry.npmjs.org/browserslist 3ms (cache hit)
1923 silly packumentCache full:https://registry.npmjs.org/browserslist set size:518659 disposed:false
1924 silly placeDep ROOT baseline-browser-mapping@2.11.18 OK for: browserslist@4.28.8 want: ^2.11.12
1925 silly placeDep ROOT caniuse-lite@1.0.30001809 OK for: browserslist@4.28.8 want: ^1.0.30001809
1926 silly placeDep ROOT electron-to-chromium@1.5.412 OK for: browserslist@4.28.8 want: ^1.5.402
1927 silly placeDep ROOT node-releases@2.0.53 OK for: browserslist@4.28.8 want: ^2.0.53
1928 silly placeDep ROOT update-browserslist-db@1.3.1 OK for: browserslist@4.28.8 want: ^1.3.0
1929 silly fetch manifest escalade@^3.2.0
1930 silly packumentCache full:https://registry.npmjs.org/escalade cache-miss
1931 http fetch GET 200 https://registry.npmjs.org/escalade 71ms (cache miss)
1932 silly packumentCache full:https://registry.npmjs.org/escalade set size:undefined disposed:false
1933 silly placeDep ROOT esrecurse@4.3.0 OK for: eslint-scope@8.4.0 want: ^4.3.0
1934 silly placeDep ROOT acorn@8.18.0 OK for: espree@10.4.0 want: ^8.15.0
1935 silly placeDep ROOT acorn-jsx@5.3.2 OK for: espree@10.4.0 want: ^5.3.2
1936 silly placeDep ROOT @nodelib/fs.stat@2.0.5 OK for: fast-glob@3.3.1 want: ^2.0.2
1937 silly placeDep ROOT @nodelib/fs.walk@1.2.8 OK for: fast-glob@3.3.1 want: ^1.2.3
1938 silly placeDep node_modules/fast-glob glob-parent@5.1.2 OK for: fast-glob@3.3.1 want: ^5.1.2
1939 silly placeDep ROOT merge2@1.4.1 OK for: fast-glob@3.3.1 want: ^1.3.0
1940 silly placeDep ROOT micromatch@4.0.8 OK for: fast-glob@3.3.1 want: ^4.0.4
1941 silly fetch manifest fastq@^1.6.0
1942 silly packumentCache full:https://registry.npmjs.org/fastq cache-miss
1943 silly fetch manifest @nodelib/fs.scandir@2.1.5
1944 silly packumentCache full:https://registry.npmjs.org/@nodelib%2ffs.scandir cache-miss
1945 silly fetch manifest braces@^3.0.3
1946 silly packumentCache full:https://registry.npmjs.org/braces cache-miss
1947 silly fetch manifest picomatch@^2.3.1
1948 silly packumentCache full:https://registry.npmjs.org/picomatch cache-miss
1949 http cache https://registry.npmjs.org/picomatch 2ms (cache hit)
1950 silly packumentCache full:https://registry.npmjs.org/picomatch set size:128942 disposed:false
1951 http fetch GET 200 https://registry.npmjs.org/fastq 60ms (cache miss)
1952 silly packumentCache full:https://registry.npmjs.org/fastq set size:undefined disposed:false
1953 http fetch GET 200 https://registry.npmjs.org/@nodelib%2ffs.scandir 63ms (cache miss)
1954 silly packumentCache full:https://registry.npmjs.org/@nodelib%2ffs.scandir set size:undefined disposed:false
1955 http fetch GET 200 https://registry.npmjs.org/braces 64ms (cache miss)
1956 silly packumentCache full:https://registry.npmjs.org/braces set size:undefined disposed:false
1957 silly placeDep ROOT @nodelib/fs.scandir@2.1.5 OK for: @nodelib/fs.walk@1.2.8 want: 2.1.5
1958 silly placeDep ROOT fastq@1.20.1 OK for: @nodelib/fs.walk@1.2.8 want: ^1.6.0
1959 silly fetch manifest run-parallel@^1.1.9
1960 silly packumentCache full:https://registry.npmjs.org/run-parallel cache-miss
1961 silly fetch manifest reusify@^1.0.4
1962 silly packumentCache full:https://registry.npmjs.org/reusify cache-miss
1963 http fetch GET 200 https://registry.npmjs.org/reusify 39ms (cache miss)
1964 silly packumentCache full:https://registry.npmjs.org/reusify set size:undefined disposed:false
1965 http fetch GET 200 https://registry.npmjs.org/run-parallel 43ms (cache miss)
1966 silly packumentCache full:https://registry.npmjs.org/run-parallel set size:undefined disposed:false
1967 silly placeDep ROOT run-parallel@1.2.0 OK for: @nodelib/fs.scandir@2.1.5 want: ^1.1.9
1968 silly fetch manifest queue-microtask@^1.2.2
1969 silly packumentCache full:https://registry.npmjs.org/queue-microtask cache-miss
1970 http fetch GET 200 https://registry.npmjs.org/queue-microtask 60ms (cache miss)
1971 silly packumentCache full:https://registry.npmjs.org/queue-microtask set size:undefined disposed:false
1972 silly placeDep ROOT reusify@1.1.0 OK for: fastq@1.20.1 want: ^1.0.4
1973 silly placeDep ROOT flat-cache@4.0.1 OK for: file-entry-cache@8.0.0 want: ^4.0.0
1974 silly fetch manifest keyv@^4.5.4
1975 silly packumentCache full:https://registry.npmjs.org/keyv cache-miss
1976 silly fetch manifest flatted@^3.2.9
1977 silly packumentCache full:https://registry.npmjs.org/flatted cache-miss
1978 http fetch GET 200 https://registry.npmjs.org/flatted 51ms (cache miss)
1979 silly packumentCache full:https://registry.npmjs.org/flatted set size:undefined disposed:false
1980 http fetch GET 200 https://registry.npmjs.org/keyv 250ms (cache miss)
1981 silly packumentCache full:https://registry.npmjs.org/keyv set size:undefined disposed:false
1982 silly placeDep ROOT locate-path@6.0.0 OK for: find-up@5.0.0 want: ^6.0.0
1983 silly placeDep ROOT path-exists@4.0.0 OK for: find-up@5.0.0 want: ^4.0.0
1984 silly fetch manifest p-locate@^5.0.0
1985 silly packumentCache full:https://registry.npmjs.org/p-locate cache-miss
1986 http fetch GET 200 https://registry.npmjs.org/p-locate 57ms (cache miss)
1987 silly packumentCache full:https://registry.npmjs.org/p-locate set size:undefined disposed:false
1988 silly placeDep ROOT flatted@3.4.4 OK for: flat-cache@4.0.1 want: ^3.2.9
1989 silly placeDep ROOT keyv@4.5.4 OK for: flat-cache@4.0.1 want: ^4.5.4
1990 silly fetch manifest json-buffer@3.0.1
1991 silly packumentCache full:https://registry.npmjs.org/json-buffer cache-miss
1992 http fetch GET 200 https://registry.npmjs.org/json-buffer 43ms (cache miss)
1993 silly packumentCache full:https://registry.npmjs.org/json-buffer set size:undefined disposed:false
1994 silly placeDep ROOT functions-have-names@1.2.3 OK for: function.prototype.name@1.2.0 want: ^1.2.3
1995 silly placeDep ROOT is-document.all@1.0.0 OK for: function.prototype.name@1.2.0 want: ^1.0.0
1996 silly placeDep ROOT dunder-proto@1.0.1 OK for: get-proto@1.0.1 want: ^1.0.1
1997 silly placeDep ROOT resolve-pkg-maps@1.0.0 OK for: get-tsconfig@4.14.3 want: ^1.0.0
1998 silly placeDep ROOT hermes-estree@0.25.1 OK for: hermes-parser@0.25.1 want: 0.25.1
1999 silly placeDep ROOT parent-module@1.0.1 OK for: import-fresh@3.3.1 want: ^1.0.0
2000 silly placeDep ROOT resolve-from@4.0.0 OK for: import-fresh@3.3.1 want: ^4.0.0
2001 silly fetch manifest callsites@^3.0.0
2002 silly packumentCache full:https://registry.npmjs.org/callsites cache-miss
2003 http fetch GET 200 https://registry.npmjs.org/callsites 36ms (cache miss)
2004 silly packumentCache full:https://registry.npmjs.org/callsites set size:undefined disposed:false
2005 silly placeDep ROOT side-channel@1.1.1 OK for: internal-slot@1.1.0 want: ^1.1.0
2006 silly fetch manifest side-channel-list@^1.0.1
2007 silly packumentCache full:https://registry.npmjs.org/side-channel-list cache-miss
2008 silly fetch manifest side-channel-map@^1.0.1
2009 silly packumentCache full:https://registry.npmjs.org/side-channel-map cache-miss
2010 silly fetch manifest side-channel-weakmap@^1.0.2
2011 silly packumentCache full:https://registry.npmjs.org/side-channel-weakmap cache-miss
2012 http fetch GET 200 https://registry.npmjs.org/side-channel-weakmap 36ms (cache miss)
2013 silly packumentCache full:https://registry.npmjs.org/side-channel-weakmap set size:undefined disposed:false
2014 http fetch GET 200 https://registry.npmjs.org/side-channel-list 50ms (cache miss)
2015 silly packumentCache full:https://registry.npmjs.org/side-channel-list set size:undefined disposed:false
2016 http fetch GET 200 https://registry.npmjs.org/side-channel-map 52ms (cache miss)
2017 silly packumentCache full:https://registry.npmjs.org/side-channel-map set size:undefined disposed:false
2018 silly placeDep node_modules/is-bun-module semver@7.8.5 OK for: is-bun-module@2.0.0 want: ^7.7.1
2019 silly placeDep ROOT is-extglob@2.1.1 OK for: is-glob@4.0.3 want: ^2.1.1
2020 silly placeDep ROOT set-function-name@2.0.2 OK for: iterator.prototype@1.1.5 want: ^2.0.2
2021 silly placeDep ROOT argparse@2.0.1 OK for: js-yaml@4.3.1 want: ^2.0.1
2022 silly placeDep ROOT json-buffer@3.0.1 OK for: keyv@4.5.4 want: 3.0.1
2023 silly placeDep ROOT language-subtag-registry@0.3.23 OK for: language-tags@1.0.9 want: ^0.3.20
2024 silly placeDep ROOT prelude-ls@1.2.1 OK for: levn@0.4.1 want: ^1.2.1
2025 silly placeDep ROOT type-check@0.4.0 OK for: levn@0.4.1 want: ~0.4.0
2026 silly placeDep ROOT p-locate@5.0.0 OK for: locate-path@6.0.0 want: ^5.0.0
2027 silly fetch manifest p-limit@^3.0.2
2028 silly packumentCache full:https://registry.npmjs.org/p-limit cache-miss
2029 http fetch GET 200 https://registry.npmjs.org/p-limit 72ms (cache miss)
2030 silly packumentCache full:https://registry.npmjs.org/p-limit set size:undefined disposed:false
2031 silly placeDep ROOT yallist@3.1.1 OK for: lru-cache@5.1.1 want: ^3.0.2
2032 silly placeDep ROOT braces@3.0.3 OK for: micromatch@4.0.8 want: ^3.0.3
2033 silly placeDep ROOT picomatch@2.3.2 OK for: micromatch@4.0.8 want: ^2.3.1
2034 silly fetch manifest fill-range@^7.1.1
2035 silly packumentCache full:https://registry.npmjs.org/fill-range cache-miss
2036 http fetch GET 200 https://registry.npmjs.org/fill-range 41ms (cache miss)
2037 silly packumentCache full:https://registry.npmjs.org/fill-range set size:undefined disposed:false
2038 silly placeDep ROOT fill-range@7.1.1 OK for: braces@3.0.3 want: ^7.1.1
2039 silly fetch manifest to-regex-range@^5.0.1
2040 silly packumentCache full:https://registry.npmjs.org/to-regex-range cache-miss
2041 http fetch GET 200 https://registry.npmjs.org/to-regex-range 47ms (cache miss)
2042 silly packumentCache full:https://registry.npmjs.org/to-regex-range set size:undefined disposed:false
2043 silly placeDep ROOT to-regex-range@5.0.1 OK for: fill-range@7.1.1 want: ^5.0.1
2044 silly fetch manifest is-number@^7.0.0
2045 silly packumentCache full:https://registry.npmjs.org/is-number cache-miss
2046 http fetch GET 200 https://registry.npmjs.org/is-number 55ms (cache miss)
2047 silly packumentCache full:https://registry.npmjs.org/is-number set size:undefined disposed:false
2048 silly placeDep ROOT brace-expansion@1.1.18 OK for: minimatch@3.1.5 want: ^1.1.7
2049 silly fetch manifest concat-map@0.0.1
2050 silly packumentCache full:https://registry.npmjs.org/concat-map cache-miss
2051 silly fetch manifest balanced-match@^1.0.0
2052 silly packumentCache full:https://registry.npmjs.org/balanced-match cache-miss
2053 http fetch GET 200 https://registry.npmjs.org/balanced-match 38ms (cache miss)
2054 silly packumentCache full:https://registry.npmjs.org/balanced-match set size:undefined disposed:false
2055 http fetch GET 200 https://registry.npmjs.org/concat-map 40ms (cache miss)
2056 silly packumentCache full:https://registry.npmjs.org/concat-map set size:undefined disposed:false
2057 silly placeDep ROOT balanced-match@1.0.2 OK for: brace-expansion@1.1.18 want: ^1.0.0
2058 silly placeDep ROOT concat-map@0.0.1 OK for: brace-expansion@1.1.18 want: 0.0.1
2059 silly fetch manifest react@^18.2.0 || 19.0.0-rc-de68d2f4-20241204 || ^19.0.0
2060 silly packumentCache full:https://registry.npmjs.org/react cache-miss
2061 http cache https://registry.npmjs.org/react 12ms (cache hit)
2062 silly packumentCache full:https://registry.npmjs.org/react set size:6902730 disposed:false
2063 silly placeDep ROOT @next/env@16.3.2 OK for: next@16.3.2 want: 16.3.2
2064 silly placeDep ROOT @next/swc-darwin-arm64@16.3.2 OK for: next@16.3.2 want: 16.3.2
2065 silly placeDep ROOT @next/swc-darwin-x64@16.3.2 OK for: next@16.3.2 want: 16.3.2
2066 silly placeDep ROOT @next/swc-linux-arm64-gnu@16.3.2 OK for: next@16.3.2 want: 16.3.2
2067 silly placeDep ROOT @next/swc-linux-arm64-musl@16.3.2 OK for: next@16.3.2 want: 16.3.2
2068 silly placeDep ROOT @next/swc-linux-x64-gnu@16.3.2 OK for: next@16.3.2 want: 16.3.2
2069 silly placeDep ROOT @next/swc-linux-x64-musl@16.3.2 OK for: next@16.3.2 want: 16.3.2
2070 silly placeDep ROOT @next/swc-win32-arm64-msvc@16.3.2 OK for: next@16.3.2 want: 16.3.2
2071 silly placeDep ROOT @next/swc-win32-x64-msvc@16.3.2 OK for: next@16.3.2 want: 16.3.2
2072 silly placeDep ROOT @swc/helpers@0.5.23 OK for: next@16.3.2 want: 0.5.23
2073 silly placeDep ROOT postcss@8.5.23 OK for: next@16.3.2 want: 8.5.23
2074 silly placeDep ROOT sharp@0.35.3 OK for: next@16.3.2 want: ^0.35.3
2075 silly placeDep ROOT styled-jsx@5.1.6 OK for: next@16.3.2 want: 5.1.6
2076 silly fetch manifest tslib@^2.8.0
2077 silly packumentCache full:https://registry.npmjs.org/tslib cache-miss
2078 silly fetch manifest nanoid@^3.3.16
2079 silly packumentCache full:https://registry.npmjs.org/nanoid cache-miss
2080 silly fetch manifest source-map-js@^1.2.1
2081 silly packumentCache full:https://registry.npmjs.org/source-map-js cache-miss
2082 silly fetch manifest @img/colour@^1.1.0
2083 silly packumentCache full:https://registry.npmjs.org/@img%2fcolour cache-miss
2084 silly fetch manifest detect-libc@^2.1.2
2085 silly packumentCache full:https://registry.npmjs.org/detect-libc cache-miss
2086 silly fetch manifest semver@^7.8.5
2087 silly packumentCache full:https://registry.npmjs.org/semver cache-hit
2088 silly fetch manifest @img/sharp-darwin-arm64@0.35.3
2089 silly packumentCache full:https://registry.npmjs.org/@img%2fsharp-darwin-arm64 cache-miss
2090 silly fetch manifest @img/sharp-darwin-x64@0.35.3
2091 silly packumentCache full:https://registry.npmjs.org/@img%2fsharp-darwin-x64 cache-miss
2092 silly fetch manifest @img/sharp-freebsd-wasm32@0.35.3
2093 silly packumentCache full:https://registry.npmjs.org/@img%2fsharp-freebsd-wasm32 cache-miss
2094 silly fetch manifest @img/sharp-libvips-darwin-arm64@1.3.2
2095 silly packumentCache full:https://registry.npmjs.org/@img%2fsharp-libvips-darwin-arm64 cache-miss
2096 http fetch GET 200 https://registry.npmjs.org/detect-libc 43ms (cache miss)
2097 silly packumentCache full:https://registry.npmjs.org/detect-libc set size:undefined disposed:false
2098 silly fetch manifest @img/sharp-libvips-darwin-x64@1.3.2
2099 silly packumentCache full:https://registry.npmjs.org/@img%2fsharp-libvips-darwin-x64 cache-miss
2100 http fetch GET 200 https://registry.npmjs.org/@img%2fsharp-freebsd-wasm32 50ms (cache miss)
2101 silly packumentCache full:https://registry.npmjs.org/@img%2fsharp-freebsd-wasm32 set size:undefined disposed:false
2102 silly fetch manifest @img/sharp-libvips-linux-arm@1.3.2
2103 silly packumentCache full:https://registry.npmjs.org/@img%2fsharp-libvips-linux-arm cache-miss
2104 http fetch GET 200 https://registry.npmjs.org/source-map-js 53ms (cache miss)
2105 silly packumentCache full:https://registry.npmjs.org/source-map-js set size:undefined disposed:false
2106 silly fetch manifest @img/sharp-libvips-linux-arm64@1.3.2
2107 silly packumentCache full:https://registry.npmjs.org/@img%2fsharp-libvips-linux-arm64 cache-miss
2108 http fetch GET 200 https://registry.npmjs.org/@img%2fsharp-darwin-arm64 67ms (cache miss)
2109 silly packumentCache full:https://registry.npmjs.org/@img%2fsharp-darwin-arm64 set size:undefined disposed:false
2110 silly fetch manifest @img/sharp-libvips-linux-ppc64@1.3.2
2111 silly packumentCache full:https://registry.npmjs.org/@img%2fsharp-libvips-linux-ppc64 cache-miss
2112 http fetch GET 200 https://registry.npmjs.org/@img%2fcolour 68ms (cache miss)
2113 silly packumentCache full:https://registry.npmjs.org/@img%2fcolour set size:undefined disposed:false
2114 silly fetch manifest @img/sharp-libvips-linux-riscv64@1.3.2
2115 silly packumentCache full:https://registry.npmjs.org/@img%2fsharp-libvips-linux-riscv64 cache-miss
2116 http fetch GET 200 https://registry.npmjs.org/tslib 70ms (cache miss)
2117 silly packumentCache full:https://registry.npmjs.org/tslib set size:undefined disposed:false
2118 silly fetch manifest @img/sharp-libvips-linux-s390x@1.3.2
2119 silly packumentCache full:https://registry.npmjs.org/@img%2fsharp-libvips-linux-s390x cache-miss
2120 http fetch GET 200 https://registry.npmjs.org/@img%2fsharp-libvips-darwin-arm64 71ms (cache miss)
2121 silly packumentCache full:https://registry.npmjs.org/@img%2fsharp-libvips-darwin-arm64 set size:undefined disposed:false
2122 silly fetch manifest @img/sharp-libvips-linux-x64@1.3.2
2123 silly packumentCache full:https://registry.npmjs.org/@img%2fsharp-libvips-linux-x64 cache-miss
2124 http fetch GET 200 https://registry.npmjs.org/@img%2fsharp-libvips-linux-arm 46ms (cache miss)
2125 silly packumentCache full:https://registry.npmjs.org/@img%2fsharp-libvips-linux-arm set size:undefined disposed:false
2126 silly fetch manifest @img/sharp-libvips-linuxmusl-arm64@1.3.2
2127 silly packumentCache full:https://registry.npmjs.org/@img%2fsharp-libvips-linuxmusl-arm64 cache-miss
2128 http fetch GET 200 https://registry.npmjs.org/@img%2fsharp-libvips-darwin-x64 61ms (cache miss)
2129 silly packumentCache full:https://registry.npmjs.org/@img%2fsharp-libvips-darwin-x64 set size:undefined disposed:false
2130 silly fetch manifest @img/sharp-libvips-linuxmusl-x64@1.3.2
2131 silly packumentCache full:https://registry.npmjs.org/@img%2fsharp-libvips-linuxmusl-x64 cache-miss
2132 http fetch GET 200 https://registry.npmjs.org/@img%2fsharp-darwin-x64 106ms (cache miss)
2133 silly packumentCache full:https://registry.npmjs.org/@img%2fsharp-darwin-x64 set size:undefined disposed:false
2134 silly fetch manifest @img/sharp-linux-arm@0.35.3
2135 silly packumentCache full:https://registry.npmjs.org/@img%2fsharp-linux-arm cache-miss
2136 http fetch GET 200 https://registry.npmjs.org/@img%2fsharp-libvips-linux-riscv64 51ms (cache miss)
2137 silly packumentCache full:https://registry.npmjs.org/@img%2fsharp-libvips-linux-riscv64 set size:undefined disposed:false
2138 silly fetch manifest @img/sharp-linux-arm64@0.35.3
2139 silly packumentCache full:https://registry.npmjs.org/@img%2fsharp-linux-arm64 cache-miss
2140 http fetch GET 200 https://registry.npmjs.org/@img%2fsharp-libvips-linux-ppc64 56ms (cache miss)
2141 silly packumentCache full:https://registry.npmjs.org/@img%2fsharp-libvips-linux-ppc64 set size:undefined disposed:false
2142 silly fetch manifest @img/sharp-linux-ppc64@0.35.3
2143 silly packumentCache full:https://registry.npmjs.org/@img%2fsharp-linux-ppc64 cache-miss
2144 http fetch GET 200 https://registry.npmjs.org/nanoid 132ms (cache miss)
2145 silly packumentCache full:https://registry.npmjs.org/nanoid set size:undefined disposed:false
2146 silly fetch manifest @img/sharp-linux-riscv64@0.35.3
2147 silly packumentCache full:https://registry.npmjs.org/@img%2fsharp-linux-riscv64 cache-miss
2148 http fetch GET 200 https://registry.npmjs.org/@img%2fsharp-libvips-linux-x64 61ms (cache miss)
2149 silly packumentCache full:https://registry.npmjs.org/@img%2fsharp-libvips-linux-x64 set size:undefined disposed:false
2150 silly fetch manifest @img/sharp-linux-s390x@0.35.3
2151 silly packumentCache full:https://registry.npmjs.org/@img%2fsharp-linux-s390x cache-miss
2152 http fetch GET 200 https://registry.npmjs.org/@img%2fsharp-libvips-linuxmusl-arm64 50ms (cache miss)
2153 silly packumentCache full:https://registry.npmjs.org/@img%2fsharp-libvips-linuxmusl-arm64 set size:undefined disposed:false
2154 silly fetch manifest @img/sharp-linux-x64@0.35.3
2155 silly packumentCache full:https://registry.npmjs.org/@img%2fsharp-linux-x64 cache-miss
2156 http fetch GET 200 https://registry.npmjs.org/@img%2fsharp-libvips-linuxmusl-x64 63ms (cache miss)
2157 silly packumentCache full:https://registry.npmjs.org/@img%2fsharp-libvips-linuxmusl-x64 set size:undefined disposed:false
2158 silly fetch manifest @img/sharp-linuxmusl-arm64@0.35.3
2159 silly packumentCache full:https://registry.npmjs.org/@img%2fsharp-linuxmusl-arm64 cache-miss
2160 http fetch GET 200 https://registry.npmjs.org/@img%2fsharp-linux-ppc64 52ms (cache miss)
2161 silly packumentCache full:https://registry.npmjs.org/@img%2fsharp-linux-ppc64 set size:undefined disposed:false
2162 silly fetch manifest @img/sharp-linuxmusl-x64@0.35.3
2163 silly packumentCache full:https://registry.npmjs.org/@img%2fsharp-linuxmusl-x64 cache-miss
2164 http fetch GET 200 https://registry.npmjs.org/@img%2fsharp-linux-arm64 59ms (cache miss)
2165 silly packumentCache full:https://registry.npmjs.org/@img%2fsharp-linux-arm64 set size:undefined disposed:false
2166 silly fetch manifest @img/sharp-webcontainers-wasm32@0.35.3
2167 silly packumentCache full:https://registry.npmjs.org/@img%2fsharp-webcontainers-wasm32 cache-miss
2168 http fetch GET 200 https://registry.npmjs.org/@img%2fsharp-linux-arm 84ms (cache miss)
2169 silly packumentCache full:https://registry.npmjs.org/@img%2fsharp-linux-arm set size:undefined disposed:false
2170 silly fetch manifest @img/sharp-win32-arm64@0.35.3
2171 silly packumentCache full:https://registry.npmjs.org/@img%2fsharp-win32-arm64 cache-miss
2172 http fetch GET 200 https://registry.npmjs.org/@img%2fsharp-linux-x64 45ms (cache miss)
2173 silly packumentCache full:https://registry.npmjs.org/@img%2fsharp-linux-x64 set size:undefined disposed:false
2174 silly fetch manifest @img/sharp-win32-ia32@0.35.3
2175 silly packumentCache full:https://registry.npmjs.org/@img%2fsharp-win32-ia32 cache-miss
2176 http fetch GET 200 https://registry.npmjs.org/@img%2fsharp-linuxmusl-arm64 49ms (cache miss)
2177 silly packumentCache full:https://registry.npmjs.org/@img%2fsharp-linuxmusl-arm64 set size:undefined disposed:false
2178 silly fetch manifest @img/sharp-win32-x64@0.35.3
2179 silly packumentCache full:https://registry.npmjs.org/@img%2fsharp-win32-x64 cache-miss
2180 http fetch GET 200 https://registry.npmjs.org/@img%2fsharp-linuxmusl-x64 55ms (cache miss)
2181 silly packumentCache full:https://registry.npmjs.org/@img%2fsharp-linuxmusl-x64 set size:undefined disposed:false
2182 silly fetch manifest client-only@0.0.1
2183 silly packumentCache full:https://registry.npmjs.org/client-only cache-miss
2184 http fetch GET 200 https://registry.npmjs.org/@img%2fsharp-win32-ia32 53ms (cache miss)
2185 silly packumentCache full:https://registry.npmjs.org/@img%2fsharp-win32-ia32 set size:undefined disposed:false
2186 http fetch GET 200 https://registry.npmjs.org/@img%2fsharp-win32-arm64 66ms (cache miss)
2187 silly packumentCache full:https://registry.npmjs.org/@img%2fsharp-win32-arm64 set size:undefined disposed:false
2188 http fetch GET 200 https://registry.npmjs.org/@img%2fsharp-win32-x64 51ms (cache miss)
2189 silly packumentCache full:https://registry.npmjs.org/@img%2fsharp-win32-x64 set size:undefined disposed:false
2190 http fetch GET 200 https://registry.npmjs.org/client-only 49ms (cache miss)
2191 silly packumentCache full:https://registry.npmjs.org/client-only set size:undefined disposed:false
2192 http fetch GET 200 https://registry.npmjs.org/@img%2fsharp-libvips-linux-arm64 305ms (cache miss)
2193 silly packumentCache full:https://registry.npmjs.org/@img%2fsharp-libvips-linux-arm64 set size:undefined disposed:false
2194 http fetch GET 200 https://registry.npmjs.org/@img%2fsharp-libvips-linux-s390x 329ms (cache miss)
2195 silly packumentCache full:https://registry.npmjs.org/@img%2fsharp-libvips-linux-s390x set size:undefined disposed:false
2196 http fetch GET 200 https://registry.npmjs.org/@img%2fsharp-linux-riscv64 295ms (cache miss)
2197 silly packumentCache full:https://registry.npmjs.org/@img%2fsharp-linux-riscv64 set size:undefined disposed:false
2198 http fetch GET 200 https://registry.npmjs.org/@img%2fsharp-linux-s390x 313ms (cache miss)
2199 silly packumentCache full:https://registry.npmjs.org/@img%2fsharp-linux-s390x set size:undefined disposed:false
2200 http fetch GET 200 https://registry.npmjs.org/@img%2fsharp-webcontainers-wasm32 475ms (cache miss)
2201 silly packumentCache full:https://registry.npmjs.org/@img%2fsharp-webcontainers-wasm32 set size:undefined disposed:false
2202 silly placeDep ROOT tslib@2.8.1 OK for: @swc/helpers@0.5.23 want: ^2.8.0
2203 silly placeDep ROOT deep-is@0.1.4 OK for: optionator@0.9.4 want: ^0.1.3
2204 silly placeDep ROOT fast-levenshtein@2.0.6 OK for: optionator@0.9.4 want: ^2.0.6
2205 silly placeDep ROOT word-wrap@1.2.5 OK for: optionator@0.9.4 want: ^1.2.5
2206 silly placeDep ROOT p-limit@3.1.0 OK for: p-locate@5.0.0 want: ^3.0.2
2207 silly fetch manifest yocto-queue@^0.1.0
2208 silly packumentCache full:https://registry.npmjs.org/yocto-queue cache-miss
2209 http fetch GET 200 https://registry.npmjs.org/yocto-queue 34ms (cache miss)
2210 silly packumentCache full:https://registry.npmjs.org/yocto-queue set size:undefined disposed:false
2211 silly placeDep ROOT yocto-queue@0.1.0 OK for: p-limit@3.1.0 want: ^0.1.0
2212 silly placeDep ROOT callsites@3.1.0 OK for: parent-module@1.0.1 want: ^3.0.0
2213 silly placeDep ROOT nanoid@3.3.18 OK for: postcss@8.5.23 want: ^3.3.16
2214 silly placeDep ROOT source-map-js@1.2.1 OK for: postcss@8.5.23 want: ^1.2.1
2215 silly placeDep ROOT loose-envify@1.4.0 OK for: prop-types@15.8.1 want: ^1.4.0
2216 silly placeDep ROOT object-assign@4.1.1 OK for: prop-types@15.8.1 want: ^4.1.1
2217 silly placeDep ROOT react-is@16.13.1 OK for: prop-types@15.8.1 want: ^16.13.1
2218 silly placeDep ROOT scheduler@0.27.0 OK for: react-dom@19.2.8 want: ^0.27.0
2219 silly placeDep ROOT node-exports-info@1.6.2 OK for: resolve@2.0.0-next.7 want: ^1.6.0
2220 silly placeDep ROOT path-parse@1.0.7 OK for: resolve@2.0.0-next.7 want: ^1.0.7
2221 silly placeDep ROOT supports-preserve-symlinks-flag@1.0.0 OK for: resolve@2.0.0-next.7 want: ^1.0.0
2222 silly placeDep ROOT queue-microtask@1.2.3 OK for: run-parallel@1.2.0 want: ^1.2.2
2223 silly placeDep ROOT isarray@2.0.5 OK for: safe-array-concat@1.1.4 want: ^2.0.5
2224 silly placeDep ROOT @img/colour@1.1.0 OK for: sharp@0.35.3 want: ^1.1.0
2225 silly placeDep ROOT @img/sharp-darwin-arm64@0.35.3 OK for: sharp@0.35.3 want: 0.35.3
2226 silly placeDep ROOT @img/sharp-darwin-x64@0.35.3 OK for: sharp@0.35.3 want: 0.35.3
2227 silly placeDep ROOT @img/sharp-freebsd-wasm32@0.35.3 OK for: sharp@0.35.3 want: 0.35.3
2228 silly placeDep ROOT @img/sharp-libvips-darwin-arm64@1.3.2 OK for: sharp@0.35.3 want: 1.3.2
2229 silly placeDep ROOT @img/sharp-libvips-darwin-x64@1.3.2 OK for: sharp@0.35.3 want: 1.3.2
2230 silly placeDep ROOT @img/sharp-libvips-linux-arm@1.3.2 OK for: sharp@0.35.3 want: 1.3.2
2231 silly placeDep ROOT @img/sharp-libvips-linux-arm64@1.3.2 OK for: sharp@0.35.3 want: 1.3.2
2232 silly placeDep ROOT @img/sharp-libvips-linux-ppc64@1.3.2 OK for: sharp@0.35.3 want: 1.3.2
2233 silly placeDep ROOT @img/sharp-libvips-linux-riscv64@1.3.2 OK for: sharp@0.35.3 want: 1.3.2
2234 silly placeDep ROOT @img/sharp-libvips-linux-s390x@1.3.2 OK for: sharp@0.35.3 want: 1.3.2
2235 silly placeDep ROOT @img/sharp-libvips-linux-x64@1.3.2 OK for: sharp@0.35.3 want: 1.3.2
2236 silly placeDep ROOT @img/sharp-libvips-linuxmusl-arm64@1.3.2 OK for: sharp@0.35.3 want: 1.3.2
2237 silly placeDep ROOT @img/sharp-libvips-linuxmusl-x64@1.3.2 OK for: sharp@0.35.3 want: 1.3.2
2238 silly placeDep ROOT @img/sharp-linux-arm@0.35.3 OK for: sharp@0.35.3 want: 0.35.3
2239 silly placeDep ROOT @img/sharp-linux-arm64@0.35.3 OK for: sharp@0.35.3 want: 0.35.3
2240 silly placeDep ROOT @img/sharp-linux-ppc64@0.35.3 OK for: sharp@0.35.3 want: 0.35.3
2241 silly placeDep ROOT @img/sharp-linux-riscv64@0.35.3 OK for: sharp@0.35.3 want: 0.35.3
2242 silly placeDep ROOT @img/sharp-linux-s390x@0.35.3 OK for: sharp@0.35.3 want: 0.35.3
2243 silly placeDep ROOT @img/sharp-linux-x64@0.35.3 OK for: sharp@0.35.3 want: 0.35.3
2244 silly placeDep ROOT @img/sharp-linuxmusl-arm64@0.35.3 OK for: sharp@0.35.3 want: 0.35.3
2245 silly placeDep ROOT @img/sharp-linuxmusl-x64@0.35.3 OK for: sharp@0.35.3 want: 0.35.3
2246 silly placeDep ROOT @img/sharp-webcontainers-wasm32@0.35.3 OK for: sharp@0.35.3 want: 0.35.3
2247 silly placeDep ROOT @img/sharp-win32-arm64@0.35.3 OK for: sharp@0.35.3 want: 0.35.3
2248 silly placeDep ROOT @img/sharp-win32-ia32@0.35.3 OK for: sharp@0.35.3 want: 0.35.3
2249 silly placeDep ROOT @img/sharp-win32-x64@0.35.3 OK for: sharp@0.35.3 want: 0.35.3
2250 silly placeDep ROOT detect-libc@2.1.2 OK for: sharp@0.35.3 want: ^2.1.2
2251 silly placeDep node_modules/sharp semver@7.8.5 OK for: sharp@0.35.3 want: ^7.8.5
2252 silly fetch manifest @img/sharp-wasm32@0.35.3
2253 silly packumentCache full:https://registry.npmjs.org/@img%2fsharp-wasm32 cache-miss
2254 silly fetch manifest @img/sharp-wasm32@0.35.3
2255 silly packumentCache full:https://registry.npmjs.org/@img%2fsharp-wasm32 cache-miss
2256 http fetch GET 200 https://registry.npmjs.org/@img%2fsharp-wasm32 51ms (cache miss)
2257 silly packumentCache full:https://registry.npmjs.org/@img%2fsharp-wasm32 set size:undefined disposed:false
2258 http fetch GET 200 https://registry.npmjs.org/@img%2fsharp-wasm32 82ms (cache miss)
2259 silly packumentCache full:https://registry.npmjs.org/@img%2fsharp-wasm32 set size:undefined disposed:false
2260 silly placeDep ROOT @img/sharp-wasm32@0.35.3 OK for: @img/sharp-freebsd-wasm32@0.35.3 want: 0.35.3
2261 silly fetch manifest @emnapi/runtime@^1.11.1
2262 silly packumentCache full:https://registry.npmjs.org/@emnapi%2fruntime cache-miss
2263 http fetch GET 200 https://registry.npmjs.org/@emnapi%2fruntime 66ms (cache miss)
2264 silly packumentCache full:https://registry.npmjs.org/@emnapi%2fruntime set size:undefined disposed:false
2265 silly placeDep ROOT @emnapi/runtime@1.11.3 OK for: @img/sharp-wasm32@0.35.3 want: ^1.11.1
2266 silly placeDep ROOT shebang-regex@3.0.0 OK for: shebang-command@2.0.0 want: ^3.0.0
2267 silly placeDep ROOT side-channel-list@1.0.1 OK for: side-channel@1.1.1 want: ^1.0.1
2268 silly placeDep ROOT side-channel-map@1.0.1 OK for: side-channel@1.1.1 want: ^1.0.1
2269 silly placeDep ROOT side-channel-weakmap@1.0.2 OK for: side-channel@1.1.1 want: ^1.0.2
2270 silly placeDep ROOT client-only@0.0.1 OK for: styled-jsx@5.1.6 want: 0.0.1
2271 silly placeDep ROOT has-flag@4.0.0 OK for: supports-color@7.2.0 want: ^4.0.0
2272 silly placeDep node_modules/tinyglobby fdir@6.5.0 OK for: tinyglobby@0.2.17 want: ^6.5.0
2273 silly placeDep node_modules/tinyglobby picomatch@4.0.5 OK for: fdir@6.5.0 want: ^3 || ^4
2274 silly placeDep ROOT is-number@7.0.0 OK for: to-regex-range@5.0.1 want: ^7.0.0
2275 silly placeDep ROOT @types/json5@0.0.29 OK for: tsconfig-paths@3.15.0 want: ^0.0.29
2276 silly placeDep node_modules/tsconfig-paths json5@1.0.2 OK for: tsconfig-paths@3.15.0 want: ^1.0.2
2277 silly placeDep ROOT minimist@1.2.8 OK for: tsconfig-paths@3.15.0 want: ^1.2.6
2278 silly placeDep ROOT strip-bom@3.0.0 OK for: tsconfig-paths@3.15.0 want: ^3.0.0
2279 silly fetch manifest minimist@^1.2.0
2280 silly packumentCache full:https://registry.npmjs.org/minimist cache-miss
2281 http cache https://registry.npmjs.org/minimist 2ms (cache hit)
2282 silly packumentCache full:https://registry.npmjs.org/minimist set size:77063 disposed:false
2283 silly placeDep ROOT for-each@0.3.5 OK for: typed-array-byte-length@1.0.3 want: ^0.3.3
2284 silly placeDep ROOT reflect.getprototypeof@1.0.10 OK for: typed-array-byte-offset@1.0.4 want: ^1.0.9
2285 silly fetch manifest which-builtin-type@^1.2.1
2286 silly packumentCache full:https://registry.npmjs.org/which-builtin-type cache-miss
2287 http fetch GET 200 https://registry.npmjs.org/which-builtin-type 41ms (cache miss)
2288 silly packumentCache full:https://registry.npmjs.org/which-builtin-type set size:undefined disposed:false
2289 silly placeDep ROOT which-builtin-type@1.2.1 OK for: reflect.getprototypeof@1.0.10 want: ^1.2.1
2290 silly fetch manifest is-async-function@^2.0.0
2291 silly packumentCache full:https://registry.npmjs.org/is-async-function cache-miss
2292 silly fetch manifest is-finalizationregistry@^1.1.0
2293 silly packumentCache full:https://registry.npmjs.org/is-finalizationregistry cache-miss
2294 silly fetch manifest is-generator-function@^1.0.10
2295 silly packumentCache full:https://registry.npmjs.org/is-generator-function cache-miss
2296 silly fetch manifest which-boxed-primitive@^1.1.0
2297 silly packumentCache full:https://registry.npmjs.org/which-boxed-primitive cache-miss
2298 silly fetch manifest which-collection@^1.0.2
2299 silly packumentCache full:https://registry.npmjs.org/which-collection cache-miss
2300 http cache https://registry.npmjs.org/which-boxed-primitive 4ms (cache hit)
2301 silly packumentCache full:https://registry.npmjs.org/which-boxed-primitive set size:19407 disposed:false
2302 http fetch GET 200 https://registry.npmjs.org/which-collection 42ms (cache miss)
2303 silly packumentCache full:https://registry.npmjs.org/which-collection set size:undefined disposed:false
2304 http fetch GET 200 https://registry.npmjs.org/is-finalizationregistry 44ms (cache miss)
2305 silly packumentCache full:https://registry.npmjs.org/is-finalizationregistry set size:undefined disposed:false
2306 http fetch GET 200 https://registry.npmjs.org/is-generator-function 50ms (cache miss)
2307 silly packumentCache full:https://registry.npmjs.org/is-generator-function set size:undefined disposed:false
2308 http fetch GET 200 https://registry.npmjs.org/is-async-function 58ms (cache miss)
2309 silly packumentCache full:https://registry.npmjs.org/is-async-function set size:undefined disposed:false
2310 silly fetch manifest eslint@^8.57.0 || ^9.0.0 || ^10.0.0
2311 silly packumentCache full:https://registry.npmjs.org/eslint cache-miss
2312 http cache https://registry.npmjs.org/eslint 4ms (cache hit)
2313 silly packumentCache full:https://registry.npmjs.org/eslint set size:2062456 disposed:false
2314 silly placeDep ROOT @typescript-eslint/eslint-plugin@8.67.0 OK for: typescript-eslint@8.67.0 want: 8.67.0
2315 silly placeDep ROOT @typescript-eslint/parser@8.67.0 OK for: @typescript-eslint/eslint-plugin@8.67.0 want: ^8.67.0
2316 silly placeDep ROOT @typescript-eslint/typescript-estree@8.67.0 OK for: typescript-eslint@8.67.0 want: 8.67.0
2317 silly placeDep ROOT @typescript-eslint/utils@8.67.0 OK for: typescript-eslint@8.67.0 want: 8.67.0
2318 silly fetch manifest ignore@^7.0.5
2319 silly packumentCache full:https://registry.npmjs.org/ignore cache-miss
2320 silly fetch manifest ts-api-utils@^2.5.0
2321 silly packumentCache full:https://registry.npmjs.org/ts-api-utils cache-miss
2322 silly fetch manifest @typescript-eslint/type-utils@8.67.0
2323 silly packumentCache full:https://registry.npmjs.org/@typescript-eslint%2ftype-utils cache-miss
2324 silly fetch manifest @typescript-eslint/visitor-keys@8.67.0
2325 silly packumentCache full:https://registry.npmjs.org/@typescript-eslint%2fvisitor-keys cache-miss
2326 silly fetch manifest @typescript-eslint/scope-manager@8.67.0
2327 silly packumentCache full:https://registry.npmjs.org/@typescript-eslint%2fscope-manager cache-miss
2328 silly fetch manifest @typescript-eslint/types@8.67.0
2329 silly packumentCache full:https://registry.npmjs.org/@typescript-eslint%2ftypes cache-miss
2330 silly fetch manifest @typescript-eslint/visitor-keys@8.67.0
2331 silly packumentCache full:https://registry.npmjs.org/@typescript-eslint%2fvisitor-keys cache-miss
2332 silly fetch manifest @typescript-eslint/scope-manager@8.67.0
2333 silly packumentCache full:https://registry.npmjs.org/@typescript-eslint%2fscope-manager cache-miss
2334 silly fetch manifest semver@^7.7.3
2335 silly packumentCache full:https://registry.npmjs.org/semver cache-hit
2336 silly fetch manifest minimatch@^10.2.2
2337 silly packumentCache full:https://registry.npmjs.org/minimatch cache-hit
2338 silly fetch manifest ts-api-utils@^2.5.0
2339 silly packumentCache full:https://registry.npmjs.org/ts-api-utils cache-miss
2340 http cache https://registry.npmjs.org/ignore 6ms (cache hit)
2341 silly packumentCache full:https://registry.npmjs.org/ignore set size:240910 disposed:false
2342 silly fetch manifest @typescript-eslint/types@8.67.0
2343 silly packumentCache full:https://registry.npmjs.org/@typescript-eslint%2ftypes cache-miss
2344 http fetch GET 200 https://registry.npmjs.org/ts-api-utils 51ms (cache miss)
2345 silly packumentCache full:https://registry.npmjs.org/ts-api-utils set size:undefined disposed:false
2346 silly fetch manifest @typescript-eslint/visitor-keys@8.67.0
2347 silly packumentCache full:https://registry.npmjs.org/@typescript-eslint%2fvisitor-keys cache-miss
2348 http fetch GET 200 https://registry.npmjs.org/ts-api-utils 84ms (cache miss)
2349 silly packumentCache full:https://registry.npmjs.org/ts-api-utils set size:undefined disposed:false
2350 silly fetch manifest @typescript-eslint/tsconfig-utils@8.67.0
2351 silly packumentCache full:https://registry.npmjs.org/@typescript-eslint%2ftsconfig-utils cache-miss
2352 http fetch GET 200 https://registry.npmjs.org/@typescript-eslint%2ftsconfig-utils 457ms (cache miss)
2353 silly packumentCache full:https://registry.npmjs.org/@typescript-eslint%2ftsconfig-utils set size:undefined disposed:false
2354 silly fetch manifest @typescript-eslint/project-service@8.67.0
2355 silly packumentCache full:https://registry.npmjs.org/@typescript-eslint%2fproject-service cache-miss
2356 http fetch GET 200 https://registry.npmjs.org/@typescript-eslint%2fproject-service 631ms (cache miss)
2357 silly packumentCache full:https://registry.npmjs.org/@typescript-eslint%2fproject-service set size:undefined disposed:false
2358 silly fetch manifest @typescript-eslint/types@8.67.0
2359 silly packumentCache full:https://registry.npmjs.org/@typescript-eslint%2ftypes cache-miss
2360 http fetch GET 200 https://registry.npmjs.org/@typescript-eslint%2fscope-manager 3151ms (cache miss)
2361 silly packumentCache full:https://registry.npmjs.org/@typescript-eslint%2fscope-manager set size:undefined disposed:false
2362 http fetch GET 200 https://registry.npmjs.org/@typescript-eslint%2fscope-manager 3325ms (cache miss)
2363 silly packumentCache full:https://registry.npmjs.org/@typescript-eslint%2fscope-manager set size:undefined disposed:false
2364 http fetch GET 200 https://registry.npmjs.org/@typescript-eslint%2fvisitor-keys 3944ms (cache miss)
2365 silly packumentCache full:https://registry.npmjs.org/@typescript-eslint%2fvisitor-keys set size:undefined disposed:false
2366 http fetch GET 200 https://registry.npmjs.org/@typescript-eslint%2ftypes 2992ms (cache miss)
2367 silly packumentCache full:https://registry.npmjs.org/@typescript-eslint%2ftypes set size:undefined disposed:false
2368 http fetch GET 200 https://registry.npmjs.org/@typescript-eslint%2ftypes 4731ms (cache miss)
2369 silly packumentCache full:https://registry.npmjs.org/@typescript-eslint%2ftypes set size:undefined disposed:false
2370 http fetch GET 200 https://registry.npmjs.org/@typescript-eslint%2fvisitor-keys 5091ms (cache miss)
2371 silly packumentCache full:https://registry.npmjs.org/@typescript-eslint%2fvisitor-keys set size:undefined disposed:false
2372 http fetch GET 200 https://registry.npmjs.org/@typescript-eslint%2ftypes 5487ms (cache miss)
2373 silly packumentCache full:https://registry.npmjs.org/@typescript-eslint%2ftypes set size:undefined disposed:false
2374 http fetch GET 200 https://registry.npmjs.org/@typescript-eslint%2fvisitor-keys 5918ms (cache miss)
2375 silly packumentCache full:https://registry.npmjs.org/@typescript-eslint%2fvisitor-keys set size:undefined disposed:false
2376 http fetch GET 200 https://registry.npmjs.org/@typescript-eslint%2ftype-utils 7234ms (cache miss)
2377 silly packumentCache full:https://registry.npmjs.org/@typescript-eslint%2ftype-utils set size:undefined disposed:false
2378 silly placeDep ROOT @typescript-eslint/scope-manager@8.67.0 OK for: @typescript-eslint/eslint-plugin@8.67.0 want: 8.67.0
2379 silly placeDep ROOT @typescript-eslint/type-utils@8.67.0 OK for: @typescript-eslint/eslint-plugin@8.67.0 want: 8.67.0
2380 silly placeDep ROOT @typescript-eslint/visitor-keys@8.67.0 OK for: @typescript-eslint/eslint-plugin@8.67.0 want: 8.67.0
2381 silly placeDep node_modules/@typescript-eslint/eslint-plugin ignore@7.0.6 OK for: @typescript-eslint/eslint-plugin@8.67.0 want: ^7.0.5
2382 silly placeDep ROOT ts-api-utils@2.5.0 OK for: @typescript-eslint/eslint-plugin@8.67.0 want: ^2.5.0
2383 silly fetch manifest eslint-visitor-keys@^5.0.0
2384 silly packumentCache full:https://registry.npmjs.org/eslint-visitor-keys cache-hit
2385 silly placeDep ROOT @typescript-eslint/types@8.67.0 OK for: @typescript-eslint/parser@8.67.0 want: 8.67.0
2386 silly placeDep ROOT @typescript-eslint/project-service@8.67.0 OK for: @typescript-eslint/typescript-estree@8.67.0 want: 8.67.0
2387 silly placeDep ROOT @typescript-eslint/tsconfig-utils@8.67.0 OK for: @typescript-eslint/typescript-estree@8.67.0 want: 8.67.0
2388 silly placeDep node_modules/@typescript-eslint/typescript-estree minimatch@10.2.6 OK for: @typescript-eslint/typescript-estree@8.67.0 want: ^10.2.2
2389 silly placeDep node_modules/@typescript-eslint/typescript-estree semver@7.8.5 OK for: @typescript-eslint/typescript-estree@8.67.0 want: ^7.7.3
2390 silly fetch manifest @typescript-eslint/tsconfig-utils@^8.67.0
2391 silly packumentCache full:https://registry.npmjs.org/@typescript-eslint%2ftsconfig-utils cache-miss
2392 http cache https://registry.npmjs.org/@typescript-eslint%2ftsconfig-utils 4ms (cache hit)
2393 silly packumentCache full:https://registry.npmjs.org/@typescript-eslint%2ftsconfig-utils set size:1759368 disposed:false
2394 silly placeDep node_modules/@typescript-eslint/visitor-keys eslint-visitor-keys@5.0.1 OK for: @typescript-eslint/visitor-keys@8.67.0 want: ^5.0.0
2395 silly placeDep ROOT has-bigints@1.1.0 OK for: unbox-primitive@1.1.0 want: ^1.0.2
2396 silly placeDep ROOT which-boxed-primitive@1.1.1 OK for: unbox-primitive@1.1.0 want: ^1.1.1
2397 silly fetch manifest is-bigint@^1.1.0
2398 silly packumentCache full:https://registry.npmjs.org/is-bigint cache-miss
2399 silly fetch manifest is-boolean-object@^1.2.1
2400 silly packumentCache full:https://registry.npmjs.org/is-boolean-object cache-miss
2401 silly fetch manifest is-number-object@^1.1.1
2402 silly packumentCache full:https://registry.npmjs.org/is-number-object cache-miss
2403 http fetch GET 200 https://registry.npmjs.org/is-boolean-object 48ms (cache miss)
2404 silly packumentCache full:https://registry.npmjs.org/is-boolean-object set size:undefined disposed:false
2405 http fetch GET 200 https://registry.npmjs.org/is-number-object 48ms (cache miss)
2406 silly packumentCache full:https://registry.npmjs.org/is-number-object set size:undefined disposed:false
2407 http fetch GET 200 https://registry.npmjs.org/is-bigint 51ms (cache miss)
2408 silly packumentCache full:https://registry.npmjs.org/is-bigint set size:undefined disposed:false
2409 silly placeDep ROOT @unrs/resolver-binding-android-arm-eabi@1.12.2 OK for: unrs-resolver@1.12.2 want: 1.12.2
2410 silly placeDep ROOT @unrs/resolver-binding-android-arm64@1.12.2 OK for: unrs-resolver@1.12.2 want: 1.12.2
2411 silly placeDep ROOT @unrs/resolver-binding-darwin-arm64@1.12.2 OK for: unrs-resolver@1.12.2 want: 1.12.2
2412 silly placeDep ROOT @unrs/resolver-binding-darwin-x64@1.12.2 OK for: unrs-resolver@1.12.2 want: 1.12.2
2413 silly placeDep ROOT @unrs/resolver-binding-freebsd-x64@1.12.2 OK for: unrs-resolver@1.12.2 want: 1.12.2
2414 silly placeDep ROOT @unrs/resolver-binding-linux-arm-gnueabihf@1.12.2 OK for: unrs-resolver@1.12.2 want: 1.12.2
2415 silly placeDep ROOT @unrs/resolver-binding-linux-arm-musleabihf@1.12.2 OK for: unrs-resolver@1.12.2 want: 1.12.2
2416 silly placeDep ROOT @unrs/resolver-binding-linux-arm64-gnu@1.12.2 OK for: unrs-resolver@1.12.2 want: 1.12.2
2417 silly placeDep ROOT @unrs/resolver-binding-linux-arm64-musl@1.12.2 OK for: unrs-resolver@1.12.2 want: 1.12.2
2418 silly placeDep ROOT @unrs/resolver-binding-linux-loong64-gnu@1.12.2 OK for: unrs-resolver@1.12.2 want: 1.12.2
2419 silly placeDep ROOT @unrs/resolver-binding-linux-loong64-musl@1.12.2 OK for: unrs-resolver@1.12.2 want: 1.12.2
2420 silly placeDep ROOT @unrs/resolver-binding-linux-ppc64-gnu@1.12.2 OK for: unrs-resolver@1.12.2 want: 1.12.2
2421 silly placeDep ROOT @unrs/resolver-binding-linux-riscv64-gnu@1.12.2 OK for: unrs-resolver@1.12.2 want: 1.12.2
2422 silly placeDep ROOT @unrs/resolver-binding-linux-riscv64-musl@1.12.2 OK for: unrs-resolver@1.12.2 want: 1.12.2
2423 silly placeDep ROOT @unrs/resolver-binding-linux-s390x-gnu@1.12.2 OK for: unrs-resolver@1.12.2 want: 1.12.2
2424 silly placeDep ROOT @unrs/resolver-binding-linux-x64-gnu@1.12.2 OK for: unrs-resolver@1.12.2 want: 1.12.2
2425 silly placeDep ROOT @unrs/resolver-binding-linux-x64-musl@1.12.2 OK for: unrs-resolver@1.12.2 want: 1.12.2
2426 silly placeDep ROOT @unrs/resolver-binding-openharmony-arm64@1.12.2 OK for: unrs-resolver@1.12.2 want: 1.12.2
2427 silly placeDep ROOT @unrs/resolver-binding-wasm32-wasi@1.12.2 OK for: unrs-resolver@1.12.2 want: 1.12.2
2428 silly placeDep ROOT @unrs/resolver-binding-win32-arm64-msvc@1.12.2 OK for: unrs-resolver@1.12.2 want: 1.12.2
2429 silly placeDep ROOT @unrs/resolver-binding-win32-ia32-msvc@1.12.2 OK for: unrs-resolver@1.12.2 want: 1.12.2
2430 silly placeDep ROOT @unrs/resolver-binding-win32-x64-msvc@1.12.2 OK for: unrs-resolver@1.12.2 want: 1.12.2
2431 silly placeDep ROOT napi-postinstall@0.3.4 OK for: unrs-resolver@1.12.2 want: ^0.3.4
2432 silly fetch manifest @napi-rs/wasm-runtime@^1.1.4
2433 silly packumentCache full:https://registry.npmjs.org/@napi-rs%2fwasm-runtime cache-miss
2434 silly fetch manifest @emnapi/core@1.10.0
2435 silly packumentCache full:https://registry.npmjs.org/@emnapi%2fcore cache-miss
2436 silly fetch manifest @emnapi/runtime@1.10.0
2437 silly packumentCache full:https://registry.npmjs.org/@emnapi%2fruntime cache-miss
2438 http cache https://registry.npmjs.org/@emnapi%2fruntime 1ms (cache hit)
2439 silly packumentCache full:https://registry.npmjs.org/@emnapi%2fruntime set size:125040 disposed:false
2440 http fetch GET 200 https://registry.npmjs.org/@napi-rs%2fwasm-runtime 51ms (cache miss)
2441 silly packumentCache full:https://registry.npmjs.org/@napi-rs%2fwasm-runtime set size:undefined disposed:false
2442 http fetch GET 200 https://registry.npmjs.org/@emnapi%2fcore 60ms (cache miss)
2443 silly packumentCache full:https://registry.npmjs.org/@emnapi%2fcore set size:undefined disposed:false
2444 silly placeDep ROOT @emnapi/core@1.10.0 OK for: @unrs/resolver-binding-wasm32-wasi@1.12.2 want: 1.10.0
2445 silly placeDep node_modules/@unrs/resolver-binding-wasm32-wasi @emnapi/runtime@1.10.0 OK for: @unrs/resolver-binding-wasm32-wasi@1.12.2 want: 1.10.0
2446 silly placeDep ROOT @napi-rs/wasm-runtime@1.2.3 OK for: @unrs/resolver-binding-wasm32-wasi@1.12.2 want: ^1.1.4
2447 silly fetch manifest @emnapi/wasi-threads@1.2.1
2448 silly packumentCache full:https://registry.npmjs.org/@emnapi%2fwasi-threads cache-miss
2449 silly fetch manifest @tybys/wasm-util@^0.10.3
2450 silly packumentCache full:https://registry.npmjs.org/@tybys%2fwasm-util cache-miss
2451 http fetch GET 200 https://registry.npmjs.org/@emnapi%2fwasi-threads 41ms (cache miss)
2452 silly packumentCache full:https://registry.npmjs.org/@emnapi%2fwasi-threads set size:undefined disposed:false
2453 http fetch GET 200 https://registry.npmjs.org/@tybys%2fwasm-util 51ms (cache miss)
2454 silly packumentCache full:https://registry.npmjs.org/@tybys%2fwasm-util set size:undefined disposed:false
2455 silly placeDep ROOT @emnapi/wasi-threads@1.2.1 OK for: @emnapi/core@1.10.0 want: 1.2.1
2456 silly placeDep ROOT @tybys/wasm-util@0.10.3 OK for: @napi-rs/wasm-runtime@1.2.3 want: ^0.10.3
2457 silly placeDep ROOT escalade@3.2.0 OK for: update-browserslist-db@1.3.1 want: ^3.2.0
2458 silly placeDep ROOT punycode@2.3.1 OK for: uri-js@4.4.1 want: ^2.1.0
2459 silly placeDep ROOT isexe@2.0.0 OK for: which@2.0.2 want: ^2.0.0
2460 silly placeDep ROOT is-bigint@1.1.0 OK for: which-boxed-primitive@1.1.1 want: ^1.1.0
2461 silly placeDep ROOT is-boolean-object@1.2.2 OK for: which-boxed-primitive@1.1.1 want: ^1.2.1
2462 silly placeDep ROOT is-number-object@1.1.1 OK for: which-boxed-primitive@1.1.1 want: ^1.1.1
2463 silly placeDep ROOT is-async-function@2.1.1 OK for: which-builtin-type@1.2.1 want: ^2.0.0
2464 silly placeDep ROOT is-finalizationregistry@1.1.1 OK for: which-builtin-type@1.2.1 want: ^1.1.0
2465 silly placeDep ROOT is-generator-function@1.1.2 OK for: which-builtin-type@1.2.1 want: ^1.0.10
2466 silly placeDep ROOT which-collection@1.0.2 OK for: which-builtin-type@1.2.1 want: ^1.0.2
2467 silly fetch manifest async-function@^1.0.0
2468 silly packumentCache full:https://registry.npmjs.org/async-function cache-miss
2469 silly fetch manifest generator-function@^2.0.0
2470 silly packumentCache full:https://registry.npmjs.org/generator-function cache-miss
2471 silly fetch manifest is-map@^2.0.3
2472 silly packumentCache full:https://registry.npmjs.org/is-map cache-miss
2473 silly fetch manifest is-weakmap@^2.0.2
2474 silly packumentCache full:https://registry.npmjs.org/is-weakmap cache-miss
2475 silly fetch manifest is-weakset@^2.0.3
2476 silly packumentCache full:https://registry.npmjs.org/is-weakset cache-miss
2477 http fetch GET 200 https://registry.npmjs.org/async-function 35ms (cache miss)
2478 silly packumentCache full:https://registry.npmjs.org/async-function set size:undefined disposed:false
2479 http fetch GET 200 https://registry.npmjs.org/generator-function 37ms (cache miss)
2480 silly packumentCache full:https://registry.npmjs.org/generator-function set size:undefined disposed:false
2481 http fetch GET 200 https://registry.npmjs.org/is-map 41ms (cache miss)
2482 silly packumentCache full:https://registry.npmjs.org/is-map set size:undefined disposed:false
2483 http fetch GET 200 https://registry.npmjs.org/is-weakmap 41ms (cache miss)
2484 silly packumentCache full:https://registry.npmjs.org/is-weakmap set size:undefined disposed:false
2485 http fetch GET 200 https://registry.npmjs.org/is-weakset 45ms (cache miss)
2486 silly packumentCache full:https://registry.npmjs.org/is-weakset set size:undefined disposed:false
2487 silly placeDep ROOT async-function@1.0.0 OK for: is-async-function@2.1.1 want: ^1.0.0
2488 silly placeDep ROOT generator-function@2.0.1 OK for: is-generator-function@1.1.2 want: ^2.0.0
2489 silly placeDep ROOT is-map@2.0.3 OK for: which-collection@1.0.2 want: ^2.0.3
2490 silly placeDep ROOT is-weakmap@2.0.2 OK for: which-collection@1.0.2 want: ^2.0.2
2491 silly placeDep ROOT is-weakset@2.0.4 OK for: which-collection@1.0.2 want: ^2.0.3
2492 silly placeDep node_modules/@next/eslint-plugin-next eslint-visitor-keys@3.4.3 OK for: @eslint-community/eslint-utils@4.9.1 want: ^3.4.3
2493 silly placeDep node_modules/@typescript-eslint/typescript-estree brace-expansion@5.0.9 OK for: minimatch@10.2.6 want: ^5.0.8
2494 silly fetch manifest balanced-match@^4.0.2
2495 silly packumentCache full:https://registry.npmjs.org/balanced-match cache-miss
2496 http cache https://registry.npmjs.org/balanced-match 2ms (cache hit)
2497 silly packumentCache full:https://registry.npmjs.org/balanced-match set size:39082 disposed:false
2498 silly placeDep node_modules/@typescript-eslint/typescript-estree balanced-match@4.0.4 OK for: brace-expansion@5.0.9 want: ^4.0.2
2499 silly reify moves {}
2500 silly audit bulk request {
2500 silly audit   '@gsap/react': [ '2.1.2' ],
2500 silly audit   gsap: [ '3.15.0' ],
2500 silly audit   react: [ '19.2.8' ],
2500 silly audit   '@types/node': [ '26.2.0' ],
2500 silly audit   '@types/react': [ '19.2.18' ],
2500 silly audit   '@types/react-dom': [ '19.2.4' ],
2500 silly audit   'eslint-config-next': [ '16.3.2' ],
2500 silly audit   lenis: [ '1.3.26' ],
2500 silly audit   next: [ '16.3.2' ],
2500 silly audit   'react-dom': [ '19.2.8' ],
2500 silly audit   tailwindcss: [ '4.3.3' ],
2500 silly audit   'undici-types': [ '8.3.0' ],
2500 silly audit   csstype: [ '3.2.3' ],
2500 silly audit   '@eslint-community/eslint-utils': [ '4.10.1', '4.9.1' ],
2500 silly audit   '@eslint-community/regexpp': [ '4.12.2' ],
2500 silly audit   '@humanfs/node': [ '0.16.8' ],
2500 silly audit   '@humanwhocodes/module-importer': [ '1.0.1' ],
2500 silly audit   '@humanwhocodes/retry': [ '0.4.3' ],
2500 silly audit   ajv: [ '6.15.0' ],
2500 silly audit   'cross-spawn': [ '7.0.6' ],
2500 silly audit   debug: [ '4.4.3', '3.2.7' ],
2500 silly audit   'escape-string-regexp': [ '4.0.0' ],
2500 silly audit   'eslint-visitor-keys': [ '3.4.3', '4.2.1', '5.0.1' ],
2500 silly audit   esquery: [ '1.7.0' ],
2500 silly audit   esutils: [ '2.0.3' ],
2500 silly audit   'fast-deep-equal': [ '3.1.3' ],
2500 silly audit   'file-entry-cache': [ '8.0.0' ],
2500 silly audit   'find-up': [ '5.0.0' ],
2500 silly audit   'glob-parent': [ '6.0.2', '5.1.2' ],
2500 silly audit   ignore: [ '5.3.2', '7.0.6' ],
2500 silly audit   imurmurhash: [ '0.1.4' ],
2500 silly audit   'is-glob': [ '4.0.3' ],
2500 silly audit   'json-stable-stringify-without-jsonify': [ '1.0.1' ],
2500 silly audit   'natural-compare': [ '1.4.0' ],
2500 silly audit   optionator: [ '0.9.4' ],
2500 silly audit   levn: [ '0.4.1' ],
2500 silly audit   '@humanfs/core': [ '0.19.2' ],
2500 silly audit   '@humanfs/types': [ '0.15.0' ],
2500 silly audit   'fast-json-stable-stringify': [ '2.1.0' ],
2500 silly audit   'json-schema-traverse': [ '0.4.1' ],
2500 silly audit   'uri-js': [ '4.4.1' ],
2500 silly audit   'path-key': [ '3.1.1' ],
2500 silly audit   'shebang-command': [ '2.0.0' ],
2500 silly audit   which: [ '2.0.2' ],
2500 silly audit   ms: [ '2.1.3' ],
2500 silly audit   '@next/eslint-plugin-next': [ '16.3.2' ],
2500 silly audit   'eslint-import-resolver-node': [ '0.3.10' ],
2500 silly audit   'eslint-import-resolver-typescript': [ '3.10.1' ],
2500 silly audit   'eslint-plugin-import': [ '2.32.0' ],
2500 silly audit   eslint: [ '9.39.5' ],
2500 silly audit   'eslint-plugin-jsx-a11y': [ '6.10.2' ],
2500 silly audit   'eslint-plugin-react': [ '7.37.5' ],
2500 silly audit   'eslint-plugin-react-hooks': [ '7.1.1' ],
2500 silly audit   globals: [ '16.4.0', '14.0.0' ],
2500 silly audit   'typescript-eslint': [ '8.67.0' ],
2500 silly audit   typescript: [ '6.0.3' ],
2500 silly audit   'fast-glob': [ '3.3.1' ],
2500 silly audit   '@eslint/config-array': [ '0.21.2' ],
2500 silly audit   '@eslint/config-helpers': [ '0.4.2' ],
2500 silly audit   '@eslint/core': [ '0.17.0' ],
2500 silly audit   '@eslint/eslintrc': [ '3.3.6' ],
2500 silly audit   '@eslint/js': [ '9.39.5' ],
2500 silly audit   '@eslint/plugin-kit': [ '0.4.1' ],
2500 silly audit   '@types/estree': [ '1.0.9' ],
2500 silly audit   chalk: [ '4.1.2' ],
2500 silly audit   'eslint-scope': [ '8.4.0' ],
2500 silly audit   espree: [ '10.4.0' ],
2500 silly audit   'lodash.merge': [ '4.6.2' ],
2500 silly audit   minimatch: [ '3.1.5', '10.2.6' ],
2500 silly audit   '@eslint/object-schema': [ '2.1.7' ],
2500 silly audit   '@types/json-schema': [ '7.0.15' ],
2500 silly audit   'import-fresh': [ '3.3.1' ],
2500 silly audit   'js-yaml': [ '4.3.1' ],
2500 silly audit   'strip-json-comments': [ '3.1.1' ],
2500 silly audit   'ansi-styles': [ '4.3.0' ],
2500 silly audit   'supports-color': [ '7.2.0' ],
2500 silly audit   'color-convert': [ '2.0.1' ],
2500 silly audit   'color-name': [ '1.1.4' ],
2500 silly audit   'is-core-module': [ '2.16.2' ],
2500 silly audit   resolve: [ '2.0.0-next.7' ],
2500 silly audit   '@nolyfill/is-core-module': [ '1.0.39' ],
2500 silly audit   'get-tsconfig': [ '4.14.3' ],
2500 silly audit   'is-bun-module': [ '2.0.0' ],
2500 silly audit   'stable-hash': [ '0.0.5' ],
2500 silly audit   tinyglobby: [ '0.2.17' ],
2500 silly audit   'unrs-resolver': [ '1.12.2' ],
2500 silly audit   '@rtsao/scc': [ '1.1.0' ],
2500 silly audit   'array-includes': [ '3.1.9' ],
2500 silly audit   'array.prototype.findlastindex': [ '1.2.6' ],
2500 silly audit   'array.prototype.flat': [ '1.3.3' ],
2500 silly audit   'array.prototype.flatmap': [ '1.3.3' ],
2500 silly audit   doctrine: [ '2.1.0' ],
2500 silly audit   'eslint-module-utils': [ '2.14.0' ],
2500 silly audit   hasown: [ '2.0.4' ],
2500 silly audit   'object.fromentries': [ '2.0.8' ],
2500 silly audit   'object.groupby': [ '1.0.3' ],
2500 silly audit   'object.values': [ '1.2.1' ],
2500 silly audit   semver: [ '6.3.1', '7.8.5' ],
2500 silly audit   'string.prototype.trimend': [ '1.0.10' ],
2500 silly audit   'tsconfig-paths': [ '3.15.0' ],
2500 silly audit   'call-bind': [ '1.0.9' ],
2500 silly audit   'call-bound': [ '1.0.4' ],
2500 silly audit   'define-properties': [ '1.2.1' ],
2500 silly audit   'es-abstract': [ '1.24.2' ],
2500 silly audit   'es-object-atoms': [ '1.1.2' ],
2500 silly audit   'get-intrinsic': [ '1.3.0' ],
2500 silly audit   'is-string': [ '1.1.1' ],
2500 silly audit   'math-intrinsics': [ '1.1.0' ],
2500 silly audit   'es-errors': [ '1.3.0' ],
2500 silly audit   'es-shim-unscopables': [ '1.1.0' ],
2500 silly audit   'call-bind-apply-helpers': [ '1.0.2' ],
2500 silly audit   'es-define-property': [ '1.0.1' ],
2500 silly audit   'set-function-length': [ '1.2.2' ],
2500 silly audit   'function-bind': [ '1.1.2' ],
2500 silly audit   'define-data-property': [ '1.1.4' ],
2500 silly audit   'has-property-descriptors': [ '1.0.2' ],
2500 silly audit   'object-keys': [ '1.1.1' ],
2500 silly audit   gopd: [ '1.2.0' ],
2500 silly audit   'array-buffer-byte-length': [ '1.0.2' ],
2500 silly audit   'arraybuffer.prototype.slice': [ '1.0.4' ],
2500 silly audit   'available-typed-arrays': [ '1.0.7' ],
2500 silly audit   'data-view-buffer': [ '1.0.2' ],
2500 silly audit   'data-view-byte-length': [ '1.0.2' ],
2500 silly audit   'data-view-byte-offset': [ '1.0.1' ],
2500 silly audit   'es-set-tostringtag': [ '2.1.0' ],
2500 silly audit   'es-to-primitive': [ '1.3.4' ],
2500 silly audit   'function.prototype.name': [ '1.2.0' ],
2500 silly audit   'get-proto': [ '1.0.1' ],
2500 silly audit   'get-symbol-description': [ '1.1.0' ],
2500 silly audit   globalthis: [ '1.0.4' ],
2500 silly audit   'has-proto': [ '1.2.0' ],
2500 silly audit   'has-symbols': [ '1.1.0' ],
2500 silly audit   'internal-slot': [ '1.1.0' ],
2500 silly audit   'is-array-buffer': [ '3.0.5' ],
2500 silly audit   'is-callable': [ '1.2.7' ],
2500 silly audit   'is-data-view': [ '1.0.2' ],
2500 silly audit   'is-negative-zero': [ '2.0.3' ],
2500 silly audit   'is-regex': [ '1.2.1' ],
2500 silly audit   'is-set': [ '2.0.3' ],
2500 silly audit   'is-shared-array-buffer': [ '1.0.4' ],
2500 silly audit   'is-typed-array': [ '1.1.15' ],
2500 silly audit   'is-weakref': [ '1.1.1' ],
2500 silly audit   'object-inspect': [ '1.13.4' ],
2500 silly audit   'object.assign': [ '4.1.7' ],
2500 silly audit   'own-keys': [ '1.0.2' ],
2500 silly audit   'regexp.prototype.flags': [ '1.5.4' ],
2500 silly audit   'safe-array-concat': [ '1.1.4' ],
2500 silly audit   'safe-push-apply': [ '1.0.0' ],
2500 silly audit   'safe-regex-test': [ '1.1.0' ],
2500 silly audit   'set-proto': [ '1.0.0' ],
2500 silly audit   'stop-iteration-iterator': [ '1.1.0' ],
2500 silly audit   'string.prototype.trim': [ '1.2.11' ],
2500 silly audit   'string.prototype.trimstart': [ '1.0.8' ],
2500 silly audit   'typed-array-buffer': [ '1.0.3' ],
2500 silly audit   'typed-array-byte-length': [ '1.0.3' ],
2500 silly audit   'typed-array-byte-offset': [ '1.0.4' ],
2500 silly audit   'typed-array-length': [ '1.0.8' ],
2500 silly audit   'unbox-primitive': [ '1.1.0' ],
2500 silly audit   'which-typed-array': [ '1.1.22' ],
2500 silly audit   'possible-typed-array-names': [ '1.1.0' ],
2500 silly audit   'has-tostringtag': [ '1.0.2' ],
2500 silly audit   'es-abstract-get': [ '1.0.0' ],
2500 silly audit   'is-date-object': [ '1.1.0' ],
2500 silly audit   'is-symbol': [ '1.1.1' ],
2500 silly audit   'aria-query': [ '5.3.2' ],
2500 silly audit   'ast-types-flow': [ '0.0.8' ],
2500 silly audit   'axe-core': [ '4.13.0' ],
2500 silly audit   'axobject-query': [ '4.1.0' ],
2500 silly audit   'damerau-levenshtein': [ '1.0.8' ],
2500 silly audit   'emoji-regex': [ '9.2.2' ],
2500 silly audit   'jsx-ast-utils': [ '3.3.5' ],
2500 silly audit   'language-tags': [ '1.0.9' ],
2500 silly audit   'string.prototype.includes': [ '2.0.1' ],
2500 silly audit   'array.prototype.findlast': [ '1.2.5' ],
2500 silly audit   'array.prototype.tosorted': [ '1.1.4' ],
2500 silly audit   'es-iterator-helpers': [ '1.4.0' ],
2500 silly audit   estraverse: [ '5.3.0' ],
2500 silly audit   'object.entries': [ '1.1.9' ],
2500 silly audit   'prop-types': [ '15.8.1' ],
2500 silly audit   'string.prototype.matchall': [ '4.0.12' ],
2500 silly audit   'string.prototype.repeat': [ '1.0.0' ],
2500 silly audit   'iterator.prototype': [ '1.1.5' ],
2500 silly audit   '@babel/core': [ '7.29.7' ],
2500 silly audit   '@babel/parser': [ '7.29.8' ],
2500 silly audit   'hermes-parser': [ '0.25.1' ],
2500 silly audit   zod: [ '4.4.3' ],
2500 silly audit   'zod-validation-error': [ '4.0.2' ],
2500 silly audit   '@babel/code-frame': [ '7.29.7' ],
2500 silly audit   '@babel/generator': [ '7.29.8' ],
2500 silly audit   '@babel/helper-compilation-targets': [ '7.29.7' ],
2500 silly audit   '@babel/helper-module-transforms': [ '7.29.7' ],
2500 silly audit   '@babel/helpers': [ '7.29.7' ],
2500 silly audit   '@babel/template': [ '7.29.7' ],
2500 silly audit   '@babel/traverse': [ '7.29.8' ],
2500 silly audit   '@babel/types': [ '7.29.8' ],
2500 silly audit   '@jridgewell/remapping': [ '2.3.5' ],
2500 silly audit   'convert-source-map': [ '2.0.0' ],
2500 silly audit   gensync: [ '1.0.0-beta.2' ],
2500 silly audit   json5: [ '2.2.3', '1.0.2' ],
2500 silly audit   '@babel/helper-validator-identifier': [ '7.29.7' ],
2500 silly audit   'js-tokens': [ '4.0.0' ],
2500 silly audit   picocolors: [ '1.1.1' ],
2500 silly audit   '@jridgewell/gen-mapping': [ '0.3.13' ],
2500 silly audit   '@jridgewell/trace-mapping': [ '0.3.31' ],
2500 silly audit   jsesc: [ '3.1.0' ],
2500 silly audit   '@babel/compat-data': [ '7.29.7' ],
2500 silly audit   '@babel/helper-validator-option': [ '7.29.7' ],
2500 silly audit   browserslist: [ '4.28.8' ],
2500 silly audit   'lru-cache': [ '5.1.1' ],
2500 silly audit   '@babel/helper-module-imports': [ '7.29.7' ],
2500 silly audit   '@babel/helper-globals': [ '7.29.7' ],
2500 silly audit   '@babel/helper-string-parser': [ '7.29.7' ],
2500 silly audit   '@jridgewell/sourcemap-codec': [ '1.5.5' ],
2500 silly audit   '@jridgewell/resolve-uri': [ '3.1.2' ],
2500 silly audit   'baseline-browser-mapping': [ '2.11.18' ],
2500 silly audit   'caniuse-lite': [ '1.0.30001809' ],
2500 silly audit   'electron-to-chromium': [ '1.5.412' ],
2500 silly audit   'node-releases': [ '2.0.53' ],
2500 silly audit   'update-browserslist-db': [ '1.3.1' ],
2500 silly audit   esrecurse: [ '4.3.0' ],
2500 silly audit   acorn: [ '8.18.0' ],
2500 silly audit   'acorn-jsx': [ '5.3.2' ],
2500 silly audit   '@nodelib/fs.stat': [ '2.0.5' ],
2500 silly audit   '@nodelib/fs.walk': [ '1.2.8' ],
2500 silly audit   merge2: [ '1.4.1' ],
2500 silly audit   micromatch: [ '4.0.8' ],
2500 silly audit   '@nodelib/fs.scandir': [ '2.1.5' ],
2500 silly audit   fastq: [ '1.20.1' ],
2500 silly audit   'run-parallel': [ '1.2.0' ],
2500 silly audit   reusify: [ '1.1.0' ],
2500 silly audit   'flat-cache': [ '4.0.1' ],
2500 silly audit   'locate-path': [ '6.0.0' ],
2500 silly audit   'path-exists': [ '4.0.0' ],
2500 silly audit   flatted: [ '3.4.4' ],
2500 silly audit   keyv: [ '4.5.4' ],
2500 silly audit   'functions-have-names': [ '1.2.3' ],
2500 silly audit   'is-document.all': [ '1.0.0' ],
2500 silly audit   'dunder-proto': [ '1.0.1' ],
2500 silly audit   'resolve-pkg-maps': [ '1.0.0' ],
2500 silly audit   'hermes-estree': [ '0.25.1' ],
2500 silly audit   'parent-module': [ '1.0.1' ],
2500 silly audit   'resolve-from': [ '4.0.0' ],
2500 silly audit   'side-channel': [ '1.1.1' ],
2500 silly audit   'is-extglob': [ '2.1.1' ],
2500 silly audit   'set-function-name': [ '2.0.2' ],
2500 silly audit   argparse: [ '2.0.1' ],
2500 silly audit   'json-buffer': [ '3.0.1' ],
2500 silly audit   'language-subtag-registry': [ '0.3.23' ],
2500 silly audit   'prelude-ls': [ '1.2.1' ],
2500 silly audit   'type-check': [ '0.4.0' ],
2500 silly audit   'p-locate': [ '5.0.0' ],
2500 silly audit   yallist: [ '3.1.1' ],
2500 silly audit   braces: [ '3.0.3' ],
2500 silly audit   picomatch: [ '2.3.2', '4.0.5' ],
2500 silly audit   'fill-range': [ '7.1.1' ],
2500 silly audit   'to-regex-range': [ '5.0.1' ],
2500 silly audit   'brace-expansion': [ '1.1.18', '5.0.9' ],
2500 silly audit   'balanced-match': [ '1.0.2', '4.0.4' ],
2500 silly audit   'concat-map': [ '0.0.1' ],
2500 silly audit   '@next/env': [ '16.3.2' ],
2500 silly audit   '@next/swc-darwin-arm64': [ '16.3.2' ],
2500 silly audit   '@next/swc-darwin-x64': [ '16.3.2' ],
2500 silly audit   '@next/swc-linux-arm64-gnu': [ '16.3.2' ],
2500 silly audit   '@next/swc-linux-arm64-musl': [ '16.3.2' ],
2500 silly audit   '@next/swc-linux-x64-gnu': [ '16.3.2' ],
2500 silly audit   '@next/swc-linux-x64-musl': [ '16.3.2' ],
2500 silly audit   '@next/swc-win32-arm64-msvc': [ '16.3.2' ],
2500 silly audit   '@next/swc-win32-x64-msvc': [ '16.3.2' ],
2500 silly audit   '@swc/helpers': [ '0.5.23' ],
2500 silly audit   postcss: [ '8.5.23' ],
2500 silly audit   sharp: [ '0.35.3' ],
2500 silly audit   'styled-jsx': [ '5.1.6' ],
2500 silly audit   tslib: [ '2.8.1' ],
2500 silly audit   'deep-is': [ '0.1.4' ],
2500 silly audit   'fast-levenshtein': [ '2.0.6' ],
2500 silly audit   'word-wrap': [ '1.2.5' ],
2500 silly audit   'p-limit': [ '3.1.0' ],
2500 silly audit   'yocto-queue': [ '0.1.0' ],
2500 silly audit   callsites: [ '3.1.0' ],
2500 silly audit   nanoid: [ '3.3.18' ],
2500 silly audit   'source-map-js': [ '1.2.1' ],
2500 silly audit   'loose-envify': [ '1.4.0' ],
2500 silly audit   'object-assign': [ '4.1.1' ],
2500 silly audit   'react-is': [ '16.13.1' ],
2500 silly audit   scheduler: [ '0.27.0' ],
2500 silly audit   'node-exports-info': [ '1.6.2' ],
2500 silly audit   'path-parse': [ '1.0.7' ],
2500 silly audit   'supports-preserve-symlinks-flag': [ '1.0.0' ],
2500 silly audit   'queue-microtask': [ '1.2.3' ],
2500 silly audit   isarray: [ '2.0.5' ],
2500 silly audit   '@img/colour': [ '1.1.0' ],
2500 silly audit   '@img/sharp-darwin-arm64': [ '0.35.3' ],
2500 silly audit   '@img/sharp-darwin-x64': [ '0.35.3' ],
2500 silly audit   '@img/sharp-freebsd-wasm32': [ '0.35.3' ],
2500 silly audit   '@img/sharp-libvips-darwin-arm64': [ '1.3.2' ],
2500 silly audit   '@img/sharp-libvips-darwin-x64': [ '1.3.2' ],
2500 silly audit   '@img/sharp-libvips-linux-arm': [ '1.3.2' ],
2500 silly audit   '@img/sharp-libvips-linux-arm64': [ '1.3.2' ],
2500 silly audit   '@img/sharp-libvips-linux-ppc64': [ '1.3.2' ],
2500 silly audit   '@img/sharp-libvips-linux-riscv64': [ '1.3.2' ],
2500 silly audit   '@img/sharp-libvips-linux-s390x': [ '1.3.2' ],
2500 silly audit   '@img/sharp-libvips-linux-x64': [ '1.3.2' ],
2500 silly audit   '@img/sharp-libvips-linuxmusl-arm64': [ '1.3.2' ],
2500 silly audit   '@img/sharp-libvips-linuxmusl-x64': [ '1.3.2' ],
2500 silly audit   '@img/sharp-linux-arm': [ '0.35.3' ],
2500 silly audit   '@img/sharp-linux-arm64': [ '0.35.3' ],
2500 silly audit   '@img/sharp-linux-ppc64': [ '0.35.3' ],
2500 silly audit   '@img/sharp-linux-riscv64': [ '0.35.3' ],
2500 silly audit   '@img/sharp-linux-s390x': [ '0.35.3' ],
2500 silly audit   '@img/sharp-linux-x64': [ '0.35.3' ],
2500 silly audit   '@img/sharp-linuxmusl-arm64': [ '0.35.3' ],
2500 silly audit   '@img/sharp-linuxmusl-x64': [ '0.35.3' ],
2500 silly audit   '@img/sharp-webcontainers-wasm32': [ '0.35.3' ],
2500 silly audit   '@img/sharp-win32-arm64': [ '0.35.3' ],
2500 silly audit   '@img/sharp-win32-ia32': [ '0.35.3' ],
2500 silly audit   '@img/sharp-win32-x64': [ '0.35.3' ],
2500 silly audit   'detect-libc': [ '2.1.2' ],
2500 silly audit   '@img/sharp-wasm32': [ '0.35.3' ],
2500 silly audit   '@emnapi/runtime': [ '1.11.3', '1.10.0' ],
2500 silly audit   'shebang-regex': [ '3.0.0' ],
2500 silly audit   'side-channel-list': [ '1.0.1' ],
2500 silly audit   'side-channel-map': [ '1.0.1' ],
2500 silly audit   'side-channel-weakmap': [ '1.0.2' ],
2500 silly audit   'client-only': [ '0.0.1' ],
2500 silly audit   'has-flag': [ '4.0.0' ],
2500 silly audit   fdir: [ '6.5.0' ],
2500 silly audit   'is-number': [ '7.0.0' ],
2500 silly audit   '@types/json5': [ '0.0.29' ],
2500 silly audit   minimist: [ '1.2.8' ],
2500 silly audit   'strip-bom': [ '3.0.0' ],
2500 silly audit   'for-each': [ '0.3.5' ],
2500 silly audit   'reflect.getprototypeof': [ '1.0.10' ],
2500 silly audit   'which-builtin-type': [ '1.2.1' ],
2500 silly audit   '@typescript-eslint/eslint-plugin': [ '8.67.0' ],
2500 silly audit   '@typescript-eslint/parser': [ '8.67.0' ],
2500 silly audit   '@typescript-eslint/typescript-estree': [ '8.67.0' ],
2500 silly audit   '@typescript-eslint/utils': [ '8.67.0' ],
2500 silly audit   '@typescript-eslint/scope-manager': [ '8.67.0' ],
2500 silly audit   '@typescript-eslint/type-utils': [ '8.67.0' ],
2500 silly audit   '@typescript-eslint/visitor-keys': [ '8.67.0' ],
2500 silly audit   'ts-api-utils': [ '2.5.0' ],
2500 silly audit   '@typescript-eslint/types': [ '8.67.0' ],
2500 silly audit   '@typescript-eslint/project-service': [ '8.67.0' ],
2500 silly audit   '@typescript-eslint/tsconfig-utils': [ '8.67.0' ],
2500 silly audit   'has-bigints': [ '1.1.0' ],
2500 silly audit   'which-boxed-primitive': [ '1.1.1' ],
2500 silly audit   '@unrs/resolver-binding-android-arm-eabi': [ '1.12.2' ],
2500 silly audit   '@unrs/resolver-binding-android-arm64': [ '1.12.2' ],
2500 silly audit   '@unrs/resolver-binding-darwin-arm64': [ '1.12.2' ],
2500 silly audit   '@unrs/resolver-binding-darwin-x64': [ '1.12.2' ],
2500 silly audit   '@unrs/resolver-binding-freebsd-x64': [ '1.12.2' ],
2500 silly audit   '@unrs/resolver-binding-linux-arm-gnueabihf': [ '1.12.2' ],
2500 silly audit   '@unrs/resolver-binding-linux-arm-musleabihf': [ '1.12.2' ],
2500 silly audit   '@unrs/resolver-binding-linux-arm64-gnu': [ '1.12.2' ],
2500 silly audit   '@unrs/resolver-binding-linux-arm64-musl': [ '1.12.2' ],
2500 silly audit   '@unrs/resolver-binding-linux-loong64-gnu': [ '1.12.2' ],
2500 silly audit   '@unrs/resolver-binding-linux-loong64-musl': [ '1.12.2' ],
2500 silly audit   '@unrs/resolver-binding-linux-ppc64-gnu': [ '1.12.2' ],
2500 silly audit   '@unrs/resolver-binding-linux-riscv64-gnu': [ '1.12.2' ],
2500 silly audit   '@unrs/resolver-binding-linux-riscv64-musl': [ '1.12.2' ],
2500 silly audit   '@unrs/resolver-binding-linux-s390x-gnu': [ '1.12.2' ],
2500 silly audit   '@unrs/resolver-binding-linux-x64-gnu': [ '1.12.2' ],
2500 silly audit   '@unrs/resolver-binding-linux-x64-musl': [ '1.12.2' ],
2500 silly audit   '@unrs/resolver-binding-openharmony-arm64': [ '1.12.2' ],
2500 silly audit   '@unrs/resolver-binding-wasm32-wasi': [ '1.12.2' ],
2500 silly audit   '@unrs/resolver-binding-win32-arm64-msvc': [ '1.12.2' ],
2500 silly audit   '@unrs/resolver-binding-win32-ia32-msvc': [ '1.12.2' ],
2500 silly audit   '@unrs/resolver-binding-win32-x64-msvc': [ '1.12.2' ],
2500 silly audit   'napi-postinstall': [ '0.3.4' ],
2500 silly audit   '@emnapi/core': [ '1.10.0' ],
2500 silly audit   '@napi-rs/wasm-runtime': [ '1.2.3' ],
2500 silly audit   '@emnapi/wasi-threads': [ '1.2.1' ],
2500 silly audit   '@tybys/wasm-util': [ '0.10.3' ],
2500 silly audit   escalade: [ '3.2.0' ],
2500 silly audit   punycode: [ '2.3.1' ],
2500 silly audit   isexe: [ '2.0.0' ],
2500 silly audit   'is-bigint': [ '1.1.0' ],
2500 silly audit   'is-boolean-object': [ '1.2.2' ],
2500 silly audit   'is-number-object': [ '1.1.1' ],
2500 silly audit   'is-async-function': [ '2.1.1' ],
2500 silly audit   'is-finalizationregistry': [ '1.1.1' ],
2500 silly audit   'is-generator-function': [ '1.1.2' ],
2500 silly audit   'which-collection': [ '1.0.2' ],
2500 silly audit   'async-function': [ '1.0.0' ],
2500 silly audit   'generator-function': [ '2.0.1' ],
2500 silly audit   'is-map': [ '2.0.3' ],
2500 silly audit   'is-weakmap': [ '2.0.2' ],
2500 silly audit   'is-weakset': [ '2.0.4' ]
2500 silly audit }
2501 http cache is-map@https://registry.npmjs.org/is-map/-/is-map-2.0.3.tgz 0ms (cache hit)
2502 http cache is-weakmap@https://registry.npmjs.org/is-weakmap/-/is-weakmap-2.0.2.tgz 0ms (cache hit)
2503 http cache async-function@https://registry.npmjs.org/async-function/-/async-function-1.0.0.tgz 0ms (cache hit)
2504 http cache is-weakset@https://registry.npmjs.org/is-weakset/-/is-weakset-2.0.4.tgz 0ms (cache hit)
2505 http cache is-generator-function@https://registry.npmjs.org/is-generator-function/-/is-generator-function-1.1.2.tgz 0ms (cache hit)
2506 http cache is-async-function@https://registry.npmjs.org/is-async-function/-/is-async-function-2.1.1.tgz 0ms (cache hit)
2507 http cache which-collection@https://registry.npmjs.org/which-collection/-/which-collection-1.0.2.tgz 0ms (cache hit)
2508 http cache is-number-object@https://registry.npmjs.org/is-number-object/-/is-number-object-1.1.1.tgz 0ms (cache hit)
2509 http cache is-finalizationregistry@https://registry.npmjs.org/is-finalizationregistry/-/is-finalizationregistry-1.1.1.tgz 0ms (cache hit)
2510 http cache is-boolean-object@https://registry.npmjs.org/is-boolean-object/-/is-boolean-object-1.2.2.tgz 0ms (cache hit)
2511 http cache is-bigint@https://registry.npmjs.org/is-bigint/-/is-bigint-1.1.0.tgz 0ms (cache hit)
2512 http cache escalade@https://registry.npmjs.org/escalade/-/escalade-3.2.0.tgz 0ms (cache hit)
2513 http cache generator-function@https://registry.npmjs.org/generator-function/-/generator-function-2.0.1.tgz 0ms (cache hit)
2514 http cache isexe@https://registry.npmjs.org/isexe/-/isexe-2.0.0.tgz 0ms (cache hit)
2515 http cache napi-postinstall@https://registry.npmjs.org/napi-postinstall/-/napi-postinstall-0.3.4.tgz 0ms (cache hit)
2516 http cache punycode@https://registry.npmjs.org/punycode/-/punycode-2.3.1.tgz 0ms (cache hit)
2517 http cache which-boxed-primitive@https://registry.npmjs.org/which-boxed-primitive/-/which-boxed-primitive-1.1.1.tgz 0ms (cache hit)
2518 http cache has-bigints@https://registry.npmjs.org/has-bigints/-/has-bigints-1.1.0.tgz 0ms (cache hit)
2519 http cache @unrs/resolver-binding-darwin-arm64@https://registry.npmjs.org/@unrs/resolver-binding-darwin-arm64/-/resolver-binding-darwin-arm64-1.12.2.tgz 0ms (cache hit)
2520 http cache @typescript-eslint/tsconfig-utils@https://registry.npmjs.org/@typescript-eslint/tsconfig-utils/-/tsconfig-utils-8.67.0.tgz 0ms (cache hit)
2521 http cache ts-api-utils@https://registry.npmjs.org/ts-api-utils/-/ts-api-utils-2.5.0.tgz 0ms (cache hit)
2522 http cache @typescript-eslint/types@https://registry.npmjs.org/@typescript-eslint/types/-/types-8.67.0.tgz 0ms (cache hit)
2523 http cache @typescript-eslint/type-utils@https://registry.npmjs.org/@typescript-eslint/type-utils/-/type-utils-8.67.0.tgz 0ms (cache hit)
2524 http cache @typescript-eslint/utils@https://registry.npmjs.org/@typescript-eslint/utils/-/utils-8.67.0.tgz 0ms (cache hit)
2525 http cache @typescript-eslint/visitor-keys@https://registry.npmjs.org/@typescript-eslint/visitor-keys/-/visitor-keys-8.67.0.tgz 0ms (cache hit)
2526 http cache @typescript-eslint/scope-manager@https://registry.npmjs.org/@typescript-eslint/scope-manager/-/scope-manager-8.67.0.tgz 0ms (cache hit)
2527 http cache @typescript-eslint/typescript-estree@https://registry.npmjs.org/@typescript-eslint/typescript-estree/-/typescript-estree-8.67.0.tgz 0ms (cache hit)
2528 http cache @typescript-eslint/parser@https://registry.npmjs.org/@typescript-eslint/parser/-/parser-8.67.0.tgz 0ms (cache hit)
2529 http cache reflect.getprototypeof@https://registry.npmjs.org/reflect.getprototypeof/-/reflect.getprototypeof-1.0.10.tgz 0ms (cache hit)
2530 http cache @typescript-eslint/eslint-plugin@https://registry.npmjs.org/@typescript-eslint/eslint-plugin/-/eslint-plugin-8.67.0.tgz 0ms (cache hit)
2531 http cache @typescript-eslint/project-service@https://registry.npmjs.org/@typescript-eslint/project-service/-/project-service-8.67.0.tgz 0ms (cache hit)
2532 http cache for-each@https://registry.npmjs.org/for-each/-/for-each-0.3.5.tgz 0ms (cache hit)
2533 http cache minimist@https://registry.npmjs.org/minimist/-/minimist-1.2.8.tgz 0ms (cache hit)
2534 http cache strip-bom@https://registry.npmjs.org/strip-bom/-/strip-bom-3.0.0.tgz 0ms (cache hit)
2535 http cache which-builtin-type@https://registry.npmjs.org/which-builtin-type/-/which-builtin-type-1.2.1.tgz 0ms (cache hit)
2536 http cache has-flag@https://registry.npmjs.org/has-flag/-/has-flag-4.0.0.tgz 0ms (cache hit)
2537 http cache @types/json5@https://registry.npmjs.org/@types/json5/-/json5-0.0.29.tgz 0ms (cache hit)
2538 http cache client-only@https://registry.npmjs.org/client-only/-/client-only-0.0.1.tgz 0ms (cache hit)
2539 http cache is-number@https://registry.npmjs.org/is-number/-/is-number-7.0.0.tgz 0ms (cache hit)
2540 http cache side-channel-weakmap@https://registry.npmjs.org/side-channel-weakmap/-/side-channel-weakmap-1.0.2.tgz 0ms (cache hit)
2541 http cache side-channel-list@https://registry.npmjs.org/side-channel-list/-/side-channel-list-1.0.1.tgz 0ms (cache hit)
2542 http cache @img/sharp-darwin-arm64@https://registry.npmjs.org/@img/sharp-darwin-arm64/-/sharp-darwin-arm64-0.35.3.tgz 0ms (cache hit)
2543 http cache shebang-regex@https://registry.npmjs.org/shebang-regex/-/shebang-regex-3.0.0.tgz 0ms (cache hit)
2544 http cache @img/colour@https://registry.npmjs.org/@img/colour/-/colour-1.1.0.tgz 0ms (cache hit)
2545 http cache detect-libc@https://registry.npmjs.org/detect-libc/-/detect-libc-2.1.2.tgz 0ms (cache hit)
2546 http cache side-channel-map@https://registry.npmjs.org/side-channel-map/-/side-channel-map-1.0.1.tgz 0ms (cache hit)
2547 http cache isarray@https://registry.npmjs.org/isarray/-/isarray-2.0.5.tgz 0ms (cache hit)
2548 http cache @img/sharp-libvips-darwin-arm64@https://registry.npmjs.org/@img/sharp-libvips-darwin-arm64/-/sharp-libvips-darwin-arm64-1.3.2.tgz 0ms (cache hit)
2549 http cache path-parse@https://registry.npmjs.org/path-parse/-/path-parse-1.0.7.tgz 0ms (cache hit)
2550 http cache queue-microtask@https://registry.npmjs.org/queue-microtask/-/queue-microtask-1.2.3.tgz 0ms (cache hit)
2551 http cache supports-preserve-symlinks-flag@https://registry.npmjs.org/supports-preserve-symlinks-flag/-/supports-preserve-symlinks-flag-1.0.0.tgz 0ms (cache hit)
2552 http cache object-assign@https://registry.npmjs.org/object-assign/-/object-assign-4.1.1.tgz 0ms (cache hit)
2553 http cache loose-envify@https://registry.npmjs.org/loose-envify/-/loose-envify-1.4.0.tgz 0ms (cache hit)
2554 http cache scheduler@https://registry.npmjs.org/scheduler/-/scheduler-0.27.0.tgz 0ms (cache hit)
2555 http cache node-exports-info@https://registry.npmjs.org/node-exports-info/-/node-exports-info-1.6.2.tgz 0ms (cache hit)
2556 http cache source-map-js@https://registry.npmjs.org/source-map-js/-/source-map-js-1.2.1.tgz 0ms (cache hit)
2557 http cache nanoid@https://registry.npmjs.org/nanoid/-/nanoid-3.3.18.tgz 0ms (cache hit)
2558 http cache p-limit@https://registry.npmjs.org/p-limit/-/p-limit-3.1.0.tgz 0ms (cache hit)
2559 http cache fast-levenshtein@https://registry.npmjs.org/fast-levenshtein/-/fast-levenshtein-2.0.6.tgz 0ms (cache hit)
2560 http cache yocto-queue@https://registry.npmjs.org/yocto-queue/-/yocto-queue-0.1.0.tgz 0ms (cache hit)
2561 http cache word-wrap@https://registry.npmjs.org/word-wrap/-/word-wrap-1.2.5.tgz 0ms (cache hit)
2562 http cache deep-is@https://registry.npmjs.org/deep-is/-/deep-is-0.1.4.tgz 0ms (cache hit)
2563 http cache sharp@https://registry.npmjs.org/sharp/-/sharp-0.35.3.tgz 0ms (cache hit)
2564 http cache tslib@https://registry.npmjs.org/tslib/-/tslib-2.8.1.tgz 0ms (cache hit)
2565 http cache react-is@https://registry.npmjs.org/react-is/-/react-is-16.13.1.tgz 0ms (cache hit)
2566 http cache postcss@https://registry.npmjs.org/postcss/-/postcss-8.5.23.tgz 0ms (cache hit)
2567 http cache @next/env@https://registry.npmjs.org/@next/env/-/env-16.3.2.tgz 0ms (cache hit)
2568 http cache @swc/helpers@https://registry.npmjs.org/@swc/helpers/-/helpers-0.5.23.tgz 0ms (cache hit)
2569 http cache styled-jsx@https://registry.npmjs.org/styled-jsx/-/styled-jsx-5.1.6.tgz 0ms (cache hit)
2570 http cache balanced-match@https://registry.npmjs.org/balanced-match/-/balanced-match-1.0.2.tgz 0ms (cache hit)
2571 http cache @next/swc-darwin-arm64@https://registry.npmjs.org/@next/swc-darwin-arm64/-/swc-darwin-arm64-16.3.2.tgz 0ms (cache hit)
2572 http cache brace-expansion@https://registry.npmjs.org/brace-expansion/-/brace-expansion-1.1.18.tgz 0ms (cache hit)
2573 http cache fill-range@https://registry.npmjs.org/fill-range/-/fill-range-7.1.1.tgz 0ms (cache hit)
2574 http cache callsites@https://registry.npmjs.org/callsites/-/callsites-3.1.0.tgz 0ms (cache hit)
2575 http cache to-regex-range@https://registry.npmjs.org/to-regex-range/-/to-regex-range-5.0.1.tgz 0ms (cache hit)
2576 http cache braces@https://registry.npmjs.org/braces/-/braces-3.0.3.tgz 0ms (cache hit)
2577 http cache concat-map@https://registry.npmjs.org/concat-map/-/concat-map-0.0.1.tgz 0ms (cache hit)
2578 http cache yallist@https://registry.npmjs.org/yallist/-/yallist-3.1.1.tgz 0ms (cache hit)
2579 http cache picomatch@https://registry.npmjs.org/picomatch/-/picomatch-2.3.2.tgz 0ms (cache hit)
2580 http cache type-check@https://registry.npmjs.org/type-check/-/type-check-0.4.0.tgz 0ms (cache hit)
2581 http cache prelude-ls@https://registry.npmjs.org/prelude-ls/-/prelude-ls-1.2.1.tgz 0ms (cache hit)
2582 http cache language-subtag-registry@https://registry.npmjs.org/language-subtag-registry/-/language-subtag-registry-0.3.23.tgz 0ms (cache hit)
2583 http cache argparse@https://registry.npmjs.org/argparse/-/argparse-2.0.1.tgz 0ms (cache hit)
2584 http cache json-buffer@https://registry.npmjs.org/json-buffer/-/json-buffer-3.0.1.tgz 0ms (cache hit)
2585 http cache p-locate@https://registry.npmjs.org/p-locate/-/p-locate-5.0.0.tgz 0ms (cache hit)
2586 http cache set-function-name@https://registry.npmjs.org/set-function-name/-/set-function-name-2.0.2.tgz 0ms (cache hit)
2587 http cache is-extglob@https://registry.npmjs.org/is-extglob/-/is-extglob-2.1.1.tgz 0ms (cache hit)
2588 http cache side-channel@https://registry.npmjs.org/side-channel/-/side-channel-1.1.1.tgz 0ms (cache hit)
2589 http cache resolve-from@https://registry.npmjs.org/resolve-from/-/resolve-from-4.0.0.tgz 0ms (cache hit)
2590 http cache hermes-estree@https://registry.npmjs.org/hermes-estree/-/hermes-estree-0.25.1.tgz 0ms (cache hit)
2591 http cache dunder-proto@https://registry.npmjs.org/dunder-proto/-/dunder-proto-1.0.1.tgz 0ms (cache hit)
2592 http cache parent-module@https://registry.npmjs.org/parent-module/-/parent-module-1.0.1.tgz 0ms (cache hit)
2593 http cache is-document.all@https://registry.npmjs.org/is-document.all/-/is-document.all-1.0.0.tgz 0ms (cache hit)
2594 http cache resolve-pkg-maps@https://registry.npmjs.org/resolve-pkg-maps/-/resolve-pkg-maps-1.0.0.tgz 0ms (cache hit)
2595 http cache functions-have-names@https://registry.npmjs.org/functions-have-names/-/functions-have-names-1.2.3.tgz 0ms (cache hit)
2596 http cache keyv@https://registry.npmjs.org/keyv/-/keyv-4.5.4.tgz 0ms (cache hit)
2597 http cache flat-cache@https://registry.npmjs.org/flat-cache/-/flat-cache-4.0.1.tgz 0ms (cache hit)
2598 http cache path-exists@https://registry.npmjs.org/path-exists/-/path-exists-4.0.0.tgz 0ms (cache hit)
2599 http cache flatted@https://registry.npmjs.org/flatted/-/flatted-3.4.4.tgz 0ms (cache hit)
2600 http cache fastq@https://registry.npmjs.org/fastq/-/fastq-1.20.1.tgz 0ms (cache hit)
2601 http cache reusify@https://registry.npmjs.org/reusify/-/reusify-1.1.0.tgz 0ms (cache hit)
2602 http cache run-parallel@https://registry.npmjs.org/run-parallel/-/run-parallel-1.2.0.tgz 0ms (cache hit)
2603 http cache @nodelib/fs.scandir@https://registry.npmjs.org/@nodelib/fs.scandir/-/fs.scandir-2.1.5.tgz 0ms (cache hit)
2604 http cache merge2@https://registry.npmjs.org/merge2/-/merge2-1.4.1.tgz 0ms (cache hit)
2605 http cache acorn-jsx@https://registry.npmjs.org/acorn-jsx/-/acorn-jsx-5.3.2.tgz 0ms (cache hit)
2606 http cache micromatch@https://registry.npmjs.org/micromatch/-/micromatch-4.0.8.tgz 0ms (cache hit)
2607 http cache @nodelib/fs.stat@https://registry.npmjs.org/@nodelib/fs.stat/-/fs.stat-2.0.5.tgz 0ms (cache hit)
2608 http cache @nodelib/fs.walk@https://registry.npmjs.org/@nodelib/fs.walk/-/fs.walk-1.2.8.tgz 0ms (cache hit)
2609 http cache esrecurse@https://registry.npmjs.org/esrecurse/-/esrecurse-4.3.0.tgz 0ms (cache hit)
2610 http cache locate-path@https://registry.npmjs.org/locate-path/-/locate-path-6.0.0.tgz 0ms (cache hit)
2611 http cache update-browserslist-db@https://registry.npmjs.org/update-browserslist-db/-/update-browserslist-db-1.3.1.tgz 0ms (cache hit)
2612 http cache node-releases@https://registry.npmjs.org/node-releases/-/node-releases-2.0.53.tgz 0ms (cache hit)
2613 http cache @jridgewell/resolve-uri@https://registry.npmjs.org/@jridgewell/resolve-uri/-/resolve-uri-3.1.2.tgz 0ms (cache hit)
2614 http cache caniuse-lite@https://registry.npmjs.org/caniuse-lite/-/caniuse-lite-1.0.30001809.tgz 0ms (cache hit)
2615 http cache acorn@https://registry.npmjs.org/acorn/-/acorn-8.18.0.tgz 0ms (cache hit)
2616 http cache @babel/helper-string-parser@https://registry.npmjs.org/@babel/helper-string-parser/-/helper-string-parser-7.29.7.tgz 0ms (cache hit)
2617 http cache @babel/helper-module-imports@https://registry.npmjs.org/@babel/helper-module-imports/-/helper-module-imports-7.29.7.tgz 0ms (cache hit)
2618 http cache @babel/helper-globals@https://registry.npmjs.org/@babel/helper-globals/-/helper-globals-7.29.7.tgz 0ms (cache hit)
2619 http cache browserslist@https://registry.npmjs.org/browserslist/-/browserslist-4.28.8.tgz 0ms (cache hit)
2620 http cache lru-cache@https://registry.npmjs.org/lru-cache/-/lru-cache-5.1.1.tgz 0ms (cache hit)
2621 http cache @babel/compat-data@https://registry.npmjs.org/@babel/compat-data/-/compat-data-7.29.7.tgz 0ms (cache hit)
2622 http cache @babel/helper-validator-option@https://registry.npmjs.org/@babel/helper-validator-option/-/helper-validator-option-7.29.7.tgz 0ms (cache hit)
2623 http cache jsesc@https://registry.npmjs.org/jsesc/-/jsesc-3.1.0.tgz 0ms (cache hit)
2624 http cache baseline-browser-mapping@https://registry.npmjs.org/baseline-browser-mapping/-/baseline-browser-mapping-2.11.18.tgz 0ms (cache hit)
2625 http cache electron-to-chromium@https://registry.npmjs.org/electron-to-chromium/-/electron-to-chromium-1.5.412.tgz 0ms (cache hit)
2626 http cache js-tokens@https://registry.npmjs.org/js-tokens/-/js-tokens-4.0.0.tgz 0ms (cache hit)
2627 http cache picocolors@https://registry.npmjs.org/picocolors/-/picocolors-1.1.1.tgz 0ms (cache hit)
2628 http cache @babel/helper-validator-identifier@https://registry.npmjs.org/@babel/helper-validator-identifier/-/helper-validator-identifier-7.29.7.tgz 0ms (cache hit)
2629 http cache @jridgewell/trace-mapping@https://registry.npmjs.org/@jridgewell/trace-mapping/-/trace-mapping-0.3.31.tgz 0ms (cache hit)
2630 http cache @jridgewell/gen-mapping@https://registry.npmjs.org/@jridgewell/gen-mapping/-/gen-mapping-0.3.13.tgz 0ms (cache hit)
2631 http cache @jridgewell/sourcemap-codec@https://registry.npmjs.org/@jridgewell/sourcemap-codec/-/sourcemap-codec-1.5.5.tgz 0ms (cache hit)
2632 http cache gensync@https://registry.npmjs.org/gensync/-/gensync-1.0.0-beta.2.tgz 0ms (cache hit)
2633 http cache @jridgewell/remapping@https://registry.npmjs.org/@jridgewell/remapping/-/remapping-2.3.5.tgz 0ms (cache hit)
2634 http cache @babel/types@https://registry.npmjs.org/@babel/types/-/types-7.29.8.tgz 0ms (cache hit)
2635 http cache @babel/template@https://registry.npmjs.org/@babel/template/-/template-7.29.7.tgz 0ms (cache hit)
2636 http cache json5@https://registry.npmjs.org/json5/-/json5-2.2.3.tgz 0ms (cache hit)
2637 http cache @babel/traverse@https://registry.npmjs.org/@babel/traverse/-/traverse-7.29.8.tgz 0ms (cache hit)
2638 http cache @babel/helpers@https://registry.npmjs.org/@babel/helpers/-/helpers-7.29.7.tgz 0ms (cache hit)
2639 http cache convert-source-map@https://registry.npmjs.org/convert-source-map/-/convert-source-map-2.0.0.tgz 0ms (cache hit)
2640 http cache zod-validation-error@https://registry.npmjs.org/zod-validation-error/-/zod-validation-error-4.0.2.tgz 0ms (cache hit)
2641 http cache @babel/helper-module-transforms@https://registry.npmjs.org/@babel/helper-module-transforms/-/helper-module-transforms-7.29.7.tgz 0ms (cache hit)
2642 http cache hermes-parser@https://registry.npmjs.org/hermes-parser/-/hermes-parser-0.25.1.tgz 0ms (cache hit)
2643 http cache @babel/generator@https://registry.npmjs.org/@babel/generator/-/generator-7.29.8.tgz 0ms (cache hit)
2644 http cache @babel/code-frame@https://registry.npmjs.org/@babel/code-frame/-/code-frame-7.29.7.tgz 0ms (cache hit)
2645 http cache zod@https://registry.npmjs.org/zod/-/zod-4.4.3.tgz 0ms (cache hit)
2646 http cache @babel/parser@https://registry.npmjs.org/@babel/parser/-/parser-7.29.8.tgz 0ms (cache hit)
2647 http cache @babel/core@https://registry.npmjs.org/@babel/core/-/core-7.29.7.tgz 0ms (cache hit)
2648 http cache string.prototype.matchall@https://registry.npmjs.org/string.prototype.matchall/-/string.prototype.matchall-4.0.12.tgz 0ms (cache hit)
2649 http cache string.prototype.repeat@https://registry.npmjs.org/string.prototype.repeat/-/string.prototype.repeat-1.0.0.tgz 0ms (cache hit)
2650 http cache prop-types@https://registry.npmjs.org/prop-types/-/prop-types-15.8.1.tgz 0ms (cache hit)
2651 http cache iterator.prototype@https://registry.npmjs.org/iterator.prototype/-/iterator.prototype-1.1.5.tgz 0ms (cache hit)
2652 http cache estraverse@https://registry.npmjs.org/estraverse/-/estraverse-5.3.0.tgz 0ms (cache hit)
2653 http cache object.entries@https://registry.npmjs.org/object.entries/-/object.entries-1.1.9.tgz 0ms (cache hit)
2654 http cache string.prototype.includes@https://registry.npmjs.org/string.prototype.includes/-/string.prototype.includes-2.0.1.tgz 0ms (cache hit)
2655 http cache array.prototype.tosorted@https://registry.npmjs.org/array.prototype.tosorted/-/array.prototype.tosorted-1.1.4.tgz 0ms (cache hit)
2656 http cache array.prototype.findlast@https://registry.npmjs.org/array.prototype.findlast/-/array.prototype.findlast-1.2.5.tgz 0ms (cache hit)
2657 http cache language-tags@https://registry.npmjs.org/language-tags/-/language-tags-1.0.9.tgz 0ms (cache hit)
2658 http cache jsx-ast-utils@https://registry.npmjs.org/jsx-ast-utils/-/jsx-ast-utils-3.3.5.tgz 0ms (cache hit)
2659 http cache @babel/helper-compilation-targets@https://registry.npmjs.org/@babel/helper-compilation-targets/-/helper-compilation-targets-7.29.7.tgz 0ms (cache hit)
2660 http cache damerau-levenshtein@https://registry.npmjs.org/damerau-levenshtein/-/damerau-levenshtein-1.0.8.tgz 0ms (cache hit)
2661 http cache axobject-query@https://registry.npmjs.org/axobject-query/-/axobject-query-4.1.0.tgz 0ms (cache hit)
2662 http cache emoji-regex@https://registry.npmjs.org/emoji-regex/-/emoji-regex-9.2.2.tgz 0ms (cache hit)
2663 http cache es-iterator-helpers@https://registry.npmjs.org/es-iterator-helpers/-/es-iterator-helpers-1.4.0.tgz 0ms (cache hit)
2664 http cache aria-query@https://registry.npmjs.org/aria-query/-/aria-query-5.3.2.tgz 0ms (cache hit)
2665 http cache es-abstract-get@https://registry.npmjs.org/es-abstract-get/-/es-abstract-get-1.0.0.tgz 0ms (cache hit)
2666 http cache is-symbol@https://registry.npmjs.org/is-symbol/-/is-symbol-1.1.1.tgz 0ms (cache hit)
2667 http cache has-tostringtag@https://registry.npmjs.org/has-tostringtag/-/has-tostringtag-1.0.2.tgz 0ms (cache hit)
2668 http cache is-date-object@https://registry.npmjs.org/is-date-object/-/is-date-object-1.1.0.tgz 0ms (cache hit)
2669 http cache possible-typed-array-names@https://registry.npmjs.org/possible-typed-array-names/-/possible-typed-array-names-1.1.0.tgz 0ms (cache hit)
2670 http cache typed-array-byte-length@https://registry.npmjs.org/typed-array-byte-length/-/typed-array-byte-length-1.0.3.tgz 0ms (cache hit)
2671 http cache ast-types-flow@https://registry.npmjs.org/ast-types-flow/-/ast-types-flow-0.0.8.tgz 0ms (cache hit)
2672 http cache which-typed-array@https://registry.npmjs.org/which-typed-array/-/which-typed-array-1.1.22.tgz 0ms (cache hit)
2673 http cache typed-array-length@https://registry.npmjs.org/typed-array-length/-/typed-array-length-1.0.8.tgz 0ms (cache hit)
2674 http cache typed-array-byte-offset@https://registry.npmjs.org/typed-array-byte-offset/-/typed-array-byte-offset-1.0.4.tgz 0ms (cache hit)
2675 http cache axe-core@https://registry.npmjs.org/axe-core/-/axe-core-4.13.0.tgz 0ms (cache hit)
2676 http cache unbox-primitive@https://registry.npmjs.org/unbox-primitive/-/unbox-primitive-1.1.0.tgz 0ms (cache hit)
2677 http cache string.prototype.trimstart@https://registry.npmjs.org/string.prototype.trimstart/-/string.prototype.trimstart-1.0.8.tgz 0ms (cache hit)
2678 http cache typed-array-buffer@https://registry.npmjs.org/typed-array-buffer/-/typed-array-buffer-1.0.3.tgz 0ms (cache hit)
2679 http cache string.prototype.trim@https://registry.npmjs.org/string.prototype.trim/-/string.prototype.trim-1.2.11.tgz 0ms (cache hit)
2680 http cache set-proto@https://registry.npmjs.org/set-proto/-/set-proto-1.0.0.tgz 0ms (cache hit)
2681 http cache safe-push-apply@https://registry.npmjs.org/safe-push-apply/-/safe-push-apply-1.0.0.tgz 0ms (cache hit)
2682 http cache safe-regex-test@https://registry.npmjs.org/safe-regex-test/-/safe-regex-test-1.1.0.tgz 0ms (cache hit)
2683 http cache safe-array-concat@https://registry.npmjs.org/safe-array-concat/-/safe-array-concat-1.1.4.tgz 0ms (cache hit)
2684 http cache stop-iteration-iterator@https://registry.npmjs.org/stop-iteration-iterator/-/stop-iteration-iterator-1.1.0.tgz 0ms (cache hit)
2685 http cache regexp.prototype.flags@https://registry.npmjs.org/regexp.prototype.flags/-/regexp.prototype.flags-1.5.4.tgz 0ms (cache hit)
2686 http cache own-keys@https://registry.npmjs.org/own-keys/-/own-keys-1.0.2.tgz 0ms (cache hit)
2687 http cache object.assign@https://registry.npmjs.org/object.assign/-/object.assign-4.1.7.tgz 0ms (cache hit)
2688 http cache object-inspect@https://registry.npmjs.org/object-inspect/-/object-inspect-1.13.4.tgz 0ms (cache hit)
2689 http cache is-shared-array-buffer@https://registry.npmjs.org/is-shared-array-buffer/-/is-shared-array-buffer-1.0.4.tgz 0ms (cache hit)
2690 http cache is-regex@https://registry.npmjs.org/is-regex/-/is-regex-1.2.1.tgz 0ms (cache hit)
2691 http cache is-data-view@https://registry.npmjs.org/is-data-view/-/is-data-view-1.0.2.tgz 0ms (cache hit)
2692 http cache is-weakref@https://registry.npmjs.org/is-weakref/-/is-weakref-1.1.1.tgz 0ms (cache hit)
2693 http cache is-negative-zero@https://registry.npmjs.org/is-negative-zero/-/is-negative-zero-2.0.3.tgz 0ms (cache hit)
2694 http cache is-typed-array@https://registry.npmjs.org/is-typed-array/-/is-typed-array-1.1.15.tgz 0ms (cache hit)
2695 http cache is-set@https://registry.npmjs.org/is-set/-/is-set-2.0.3.tgz 0ms (cache hit)
2696 http cache is-array-buffer@https://registry.npmjs.org/is-array-buffer/-/is-array-buffer-3.0.5.tgz 0ms (cache hit)
2697 http cache internal-slot@https://registry.npmjs.org/internal-slot/-/internal-slot-1.1.0.tgz 0ms (cache hit)
2698 http cache globalthis@https://registry.npmjs.org/globalthis/-/globalthis-1.0.4.tgz 0ms (cache hit)
2699 http cache has-proto@https://registry.npmjs.org/has-proto/-/has-proto-1.2.0.tgz 0ms (cache hit)
2700 http cache get-symbol-description@https://registry.npmjs.org/get-symbol-description/-/get-symbol-description-1.1.0.tgz 0ms (cache hit)
2701 http cache is-callable@https://registry.npmjs.org/is-callable/-/is-callable-1.2.7.tgz 0ms (cache hit)
2702 http cache es-to-primitive@https://registry.npmjs.org/es-to-primitive/-/es-to-primitive-1.3.4.tgz 0ms (cache hit)
2703 http cache get-proto@https://registry.npmjs.org/get-proto/-/get-proto-1.0.1.tgz 0ms (cache hit)
2704 http cache function.prototype.name@https://registry.npmjs.org/function.prototype.name/-/function.prototype.name-1.2.0.tgz 0ms (cache hit)
2705 http cache data-view-byte-offset@https://registry.npmjs.org/data-view-byte-offset/-/data-view-byte-offset-1.0.1.tgz 0ms (cache hit)
2706 http cache has-symbols@https://registry.npmjs.org/has-symbols/-/has-symbols-1.1.0.tgz 0ms (cache hit)
2707 http cache data-view-buffer@https://registry.npmjs.org/data-view-buffer/-/data-view-buffer-1.0.2.tgz 0ms (cache hit)
2708 http cache data-view-byte-length@https://registry.npmjs.org/data-view-byte-length/-/data-view-byte-length-1.0.2.tgz 0ms (cache hit)
2709 http cache array-buffer-byte-length@https://registry.npmjs.org/array-buffer-byte-length/-/array-buffer-byte-length-1.0.2.tgz 0ms (cache hit)
2710 http cache gopd@https://registry.npmjs.org/gopd/-/gopd-1.2.0.tgz 0ms (cache hit)
2711 http cache arraybuffer.prototype.slice@https://registry.npmjs.org/arraybuffer.prototype.slice/-/arraybuffer.prototype.slice-1.0.4.tgz 0ms (cache hit)
2712 http cache object-keys@https://registry.npmjs.org/object-keys/-/object-keys-1.1.1.tgz 0ms (cache hit)
2713 http cache define-data-property@https://registry.npmjs.org/define-data-property/-/define-data-property-1.1.4.tgz 0ms (cache hit)
2714 http cache available-typed-arrays@https://registry.npmjs.org/available-typed-arrays/-/available-typed-arrays-1.0.7.tgz 0ms (cache hit)
2715 http cache function-bind@https://registry.npmjs.org/function-bind/-/function-bind-1.1.2.tgz 0ms (cache hit)
2716 http cache es-set-tostringtag@https://registry.npmjs.org/es-set-tostringtag/-/es-set-tostringtag-2.1.0.tgz 0ms (cache hit)
2717 http cache has-property-descriptors@https://registry.npmjs.org/has-property-descriptors/-/has-property-descriptors-1.0.2.tgz 0ms (cache hit)
2718 http cache set-function-length@https://registry.npmjs.org/set-function-length/-/set-function-length-1.2.2.tgz 0ms (cache hit)
2719 http cache es-shim-unscopables@https://registry.npmjs.org/es-shim-unscopables/-/es-shim-unscopables-1.1.0.tgz 0ms (cache hit)
2720 http cache es-errors@https://registry.npmjs.org/es-errors/-/es-errors-1.3.0.tgz 0ms (cache hit)
2721 http cache math-intrinsics@https://registry.npmjs.org/math-intrinsics/-/math-intrinsics-1.1.0.tgz 0ms (cache hit)
2722 http cache get-intrinsic@https://registry.npmjs.org/get-intrinsic/-/get-intrinsic-1.3.0.tgz 0ms (cache hit)
2723 http cache es-define-property@https://registry.npmjs.org/es-define-property/-/es-define-property-1.0.1.tgz 0ms (cache hit)
2724 http cache es-object-atoms@https://registry.npmjs.org/es-object-atoms/-/es-object-atoms-1.1.2.tgz 0ms (cache hit)
2725 http cache call-bind-apply-helpers@https://registry.npmjs.org/call-bind-apply-helpers/-/call-bind-apply-helpers-1.0.2.tgz 0ms (cache hit)
2726 http cache es-abstract@https://registry.npmjs.org/es-abstract/-/es-abstract-1.24.2.tgz 0ms (cache hit)
2727 http cache call-bound@https://registry.npmjs.org/call-bound/-/call-bound-1.0.4.tgz 0ms (cache hit)
2728 http cache define-properties@https://registry.npmjs.org/define-properties/-/define-properties-1.2.1.tgz 0ms (cache hit)
2729 http cache semver@https://registry.npmjs.org/semver/-/semver-6.3.1.tgz 0ms (cache hit)
2730 http cache string.prototype.trimend@https://registry.npmjs.org/string.prototype.trimend/-/string.prototype.trimend-1.0.10.tgz 0ms (cache hit)
2731 http cache tsconfig-paths@https://registry.npmjs.org/tsconfig-paths/-/tsconfig-paths-3.15.0.tgz 0ms (cache hit)
2732 http cache object.values@https://registry.npmjs.org/object.values/-/object.values-1.2.1.tgz 0ms (cache hit)
2733 http cache object.groupby@https://registry.npmjs.org/object.groupby/-/object.groupby-1.0.3.tgz 0ms (cache hit)
2734 http cache call-bind@https://registry.npmjs.org/call-bind/-/call-bind-1.0.9.tgz 0ms (cache hit)
2735 http cache eslint-module-utils@https://registry.npmjs.org/eslint-module-utils/-/eslint-module-utils-2.14.0.tgz 0ms (cache hit)
2736 http cache object.fromentries@https://registry.npmjs.org/object.fromentries/-/object.fromentries-2.0.8.tgz 0ms (cache hit)
2737 http cache array.prototype.flatmap@https://registry.npmjs.org/array.prototype.flatmap/-/array.prototype.flatmap-1.3.3.tgz 0ms (cache hit)
2738 http cache doctrine@https://registry.npmjs.org/doctrine/-/doctrine-2.1.0.tgz 0ms (cache hit)
2739 http cache hasown@https://registry.npmjs.org/hasown/-/hasown-2.0.4.tgz 0ms (cache hit)
2740 http cache is-string@https://registry.npmjs.org/is-string/-/is-string-1.1.1.tgz 0ms (cache hit)
2741 http cache array.prototype.findlastindex@https://registry.npmjs.org/array.prototype.findlastindex/-/array.prototype.findlastindex-1.2.6.tgz 0ms (cache hit)
2742 http cache unrs-resolver@https://registry.npmjs.org/unrs-resolver/-/unrs-resolver-1.12.2.tgz 0ms (cache hit)
2743 http cache array-includes@https://registry.npmjs.org/array-includes/-/array-includes-3.1.9.tgz 0ms (cache hit)
2744 http cache stable-hash@https://registry.npmjs.org/stable-hash/-/stable-hash-0.0.5.tgz 0ms (cache hit)
2745 http cache tinyglobby@https://registry.npmjs.org/tinyglobby/-/tinyglobby-0.2.17.tgz 0ms (cache hit)
2746 http cache @rtsao/scc@https://registry.npmjs.org/@rtsao/scc/-/scc-1.1.0.tgz 0ms (cache hit)
2747 http cache get-tsconfig@https://registry.npmjs.org/get-tsconfig/-/get-tsconfig-4.14.3.tgz 0ms (cache hit)
2748 http cache is-bun-module@https://registry.npmjs.org/is-bun-module/-/is-bun-module-2.0.0.tgz 0ms (cache hit)
2749 http cache color-convert@https://registry.npmjs.org/color-convert/-/color-convert-2.0.1.tgz 0ms (cache hit)
2750 http cache color-name@https://registry.npmjs.org/color-name/-/color-name-1.1.4.tgz 0ms (cache hit)
2751 http cache array.prototype.flat@https://registry.npmjs.org/array.prototype.flat/-/array.prototype.flat-1.3.3.tgz 0ms (cache hit)
2752 http cache supports-color@https://registry.npmjs.org/supports-color/-/supports-color-7.2.0.tgz 0ms (cache hit)
2753 http cache is-core-module@https://registry.npmjs.org/is-core-module/-/is-core-module-2.16.2.tgz 0ms (cache hit)
2754 http cache strip-json-comments@https://registry.npmjs.org/strip-json-comments/-/strip-json-comments-3.1.1.tgz 0ms (cache hit)
2755 http cache resolve@https://registry.npmjs.org/resolve/-/resolve-2.0.0-next.7.tgz 0ms (cache hit)
2756 http cache js-yaml@https://registry.npmjs.org/js-yaml/-/js-yaml-4.3.1.tgz 0ms (cache hit)
2757 http cache @nolyfill/is-core-module@https://registry.npmjs.org/@nolyfill/is-core-module/-/is-core-module-1.0.39.tgz 0ms (cache hit)
2758 http cache ansi-styles@https://registry.npmjs.org/ansi-styles/-/ansi-styles-4.3.0.tgz 0ms (cache hit)
2759 http cache @eslint/object-schema@https://registry.npmjs.org/@eslint/object-schema/-/object-schema-2.1.7.tgz 0ms (cache hit)
2760 http cache import-fresh@https://registry.npmjs.org/import-fresh/-/import-fresh-3.3.1.tgz 0ms (cache hit)
2761 http cache minimatch@https://registry.npmjs.org/minimatch/-/minimatch-3.1.5.tgz 0ms (cache hit)
2762 http cache eslint-scope@https://registry.npmjs.org/eslint-scope/-/eslint-scope-8.4.0.tgz 0ms (cache hit)
2763 http cache eslint-visitor-keys@https://registry.npmjs.org/eslint-visitor-keys/-/eslint-visitor-keys-4.2.1.tgz 0ms (cache hit)
2764 http cache chalk@https://registry.npmjs.org/chalk/-/chalk-4.1.2.tgz 0ms (cache hit)
2765 http cache lodash.merge@https://registry.npmjs.org/lodash.merge/-/lodash.merge-4.6.2.tgz 0ms (cache hit)
2766 http cache @types/json-schema@https://registry.npmjs.org/@types/json-schema/-/json-schema-7.0.15.tgz 0ms (cache hit)
2767 http cache espree@https://registry.npmjs.org/espree/-/espree-10.4.0.tgz 0ms (cache hit)
2768 http cache @types/estree@https://registry.npmjs.org/@types/estree/-/estree-1.0.9.tgz 0ms (cache hit)
2769 http cache @eslint/js@https://registry.npmjs.org/@eslint/js/-/js-9.39.5.tgz 0ms (cache hit)
2770 http cache @eslint/core@https://registry.npmjs.org/@eslint/core/-/core-0.17.0.tgz 0ms (cache hit)
2771 http cache @eslint/config-array@https://registry.npmjs.org/@eslint/config-array/-/config-array-0.21.2.tgz 0ms (cache hit)
2772 http cache @eslint/config-helpers@https://registry.npmjs.org/@eslint/config-helpers/-/config-helpers-0.4.2.tgz 0ms (cache hit)
2773 http cache @eslint/eslintrc@https://registry.npmjs.org/@eslint/eslintrc/-/eslintrc-3.3.6.tgz 0ms (cache hit)
2774 http cache @eslint/plugin-kit@https://registry.npmjs.org/@eslint/plugin-kit/-/plugin-kit-0.4.1.tgz 0ms (cache hit)
2775 http cache fast-glob@https://registry.npmjs.org/fast-glob/-/fast-glob-3.3.1.tgz 0ms (cache hit)
2776 http cache typescript-eslint@https://registry.npmjs.org/typescript-eslint/-/typescript-eslint-8.67.0.tgz 0ms (cache hit)
2777 http cache globals@https://registry.npmjs.org/globals/-/globals-16.4.0.tgz 0ms (cache hit)
2778 http cache eslint@https://registry.npmjs.org/eslint/-/eslint-9.39.5.tgz 0ms (cache hit)
2779 http cache eslint-plugin-react@https://registry.npmjs.org/eslint-plugin-react/-/eslint-plugin-react-7.37.5.tgz 0ms (cache hit)
2780 http cache eslint-plugin-import@https://registry.npmjs.org/eslint-plugin-import/-/eslint-plugin-import-2.32.0.tgz 0ms (cache hit)
2781 http cache typescript@https://registry.npmjs.org/typescript/-/typescript-6.0.3.tgz 0ms (cache hit)
2782 http cache eslint-plugin-react-hooks@https://registry.npmjs.org/eslint-plugin-react-hooks/-/eslint-plugin-react-hooks-7.1.1.tgz 0ms (cache hit)
2783 http cache eslint-plugin-jsx-a11y@https://registry.npmjs.org/eslint-plugin-jsx-a11y/-/eslint-plugin-jsx-a11y-6.10.2.tgz 0ms (cache hit)
2784 http cache ms@https://registry.npmjs.org/ms/-/ms-2.1.3.tgz 0ms (cache hit)
2785 http cache @next/eslint-plugin-next@https://registry.npmjs.org/@next/eslint-plugin-next/-/eslint-plugin-next-16.3.2.tgz 0ms (cache hit)
2786 http cache eslint-import-resolver-typescript@https://registry.npmjs.org/eslint-import-resolver-typescript/-/eslint-import-resolver-typescript-3.10.1.tgz 0ms (cache hit)
2787 http cache shebang-command@https://registry.npmjs.org/shebang-command/-/shebang-command-2.0.0.tgz 0ms (cache hit)
2788 http cache path-key@https://registry.npmjs.org/path-key/-/path-key-3.1.1.tgz 0ms (cache hit)
2789 http cache which@https://registry.npmjs.org/which/-/which-2.0.2.tgz 0ms (cache hit)
2790 http cache eslint-import-resolver-node@https://registry.npmjs.org/eslint-import-resolver-node/-/eslint-import-resolver-node-0.3.10.tgz 0ms (cache hit)
2791 http cache uri-js@https://registry.npmjs.org/uri-js/-/uri-js-4.4.1.tgz 0ms (cache hit)
2792 http cache json-schema-traverse@https://registry.npmjs.org/json-schema-traverse/-/json-schema-traverse-0.4.1.tgz 0ms (cache hit)
2793 http cache @humanfs/types@https://registry.npmjs.org/@humanfs/types/-/types-0.15.0.tgz 0ms (cache hit)
2794 http cache fast-json-stable-stringify@https://registry.npmjs.org/fast-json-stable-stringify/-/fast-json-stable-stringify-2.1.0.tgz 0ms (cache hit)
2795 http cache @humanfs/core@https://registry.npmjs.org/@humanfs/core/-/core-0.19.2.tgz 0ms (cache hit)
2796 http cache optionator@https://registry.npmjs.org/optionator/-/optionator-0.9.4.tgz 0ms (cache hit)
2797 http cache natural-compare@https://registry.npmjs.org/natural-compare/-/natural-compare-1.4.0.tgz 0ms (cache hit)
2798 http cache json-stable-stringify-without-jsonify@https://registry.npmjs.org/json-stable-stringify-without-jsonify/-/json-stable-stringify-without-jsonify-1.0.1.tgz 0ms (cache hit)
2799 http cache imurmurhash@https://registry.npmjs.org/imurmurhash/-/imurmurhash-0.1.4.tgz 0ms (cache hit)
2800 http cache find-up@https://registry.npmjs.org/find-up/-/find-up-5.0.0.tgz 0ms (cache hit)
2801 http cache levn@https://registry.npmjs.org/levn/-/levn-0.4.1.tgz 0ms (cache hit)
2802 http cache is-glob@https://registry.npmjs.org/is-glob/-/is-glob-4.0.3.tgz 0ms (cache hit)
2803 http cache file-entry-cache@https://registry.npmjs.org/file-entry-cache/-/file-entry-cache-8.0.0.tgz 0ms (cache hit)
2804 http cache ignore@https://registry.npmjs.org/ignore/-/ignore-5.3.2.tgz 0ms (cache hit)
2805 http cache esquery@https://registry.npmjs.org/esquery/-/esquery-1.7.0.tgz 0ms (cache hit)
2806 http cache glob-parent@https://registry.npmjs.org/glob-parent/-/glob-parent-6.0.2.tgz 0ms (cache hit)
2807 http cache esutils@https://registry.npmjs.org/esutils/-/esutils-2.0.3.tgz 0ms (cache hit)
2808 http cache fast-deep-equal@https://registry.npmjs.org/fast-deep-equal/-/fast-deep-equal-3.1.3.tgz 0ms (cache hit)
2809 http cache cross-spawn@https://registry.npmjs.org/cross-spawn/-/cross-spawn-7.0.6.tgz 0ms (cache hit)
2810 http cache ajv@https://registry.npmjs.org/ajv/-/ajv-6.15.0.tgz 0ms (cache hit)
2811 http cache @humanwhocodes/retry@https://registry.npmjs.org/@humanwhocodes/retry/-/retry-0.4.3.tgz 0ms (cache hit)
2812 http cache debug@https://registry.npmjs.org/debug/-/debug-4.4.3.tgz 0ms (cache hit)
2813 http cache @humanfs/node@https://registry.npmjs.org/@humanfs/node/-/node-0.16.8.tgz 0ms (cache hit)
2814 http cache @eslint-community/regexpp@https://registry.npmjs.org/@eslint-community/regexpp/-/regexpp-4.12.2.tgz 0ms (cache hit)
2815 http cache @eslint-community/eslint-utils@https://registry.npmjs.org/@eslint-community/eslint-utils/-/eslint-utils-4.10.1.tgz 0ms (cache hit)
2816 http cache @humanwhocodes/module-importer@https://registry.npmjs.org/@humanwhocodes/module-importer/-/module-importer-1.0.1.tgz 0ms (cache hit)
2817 http cache escape-string-regexp@https://registry.npmjs.org/escape-string-regexp/-/escape-string-regexp-4.0.0.tgz 0ms (cache hit)
2818 http cache undici-types@https://registry.npmjs.org/undici-types/-/undici-types-8.3.0.tgz 0ms (cache hit)
2819 http cache csstype@https://registry.npmjs.org/csstype/-/csstype-3.2.3.tgz 0ms (cache hit)
2820 http cache react-dom@https://registry.npmjs.org/react-dom/-/react-dom-19.2.8.tgz 0ms (cache hit)
2821 http cache eslint-config-next@https://registry.npmjs.org/eslint-config-next/-/eslint-config-next-16.3.2.tgz 0ms (cache hit)
2822 http cache @types/react-dom@https://registry.npmjs.org/@types/react-dom/-/react-dom-19.2.4.tgz 0ms (cache hit)
2823 http cache lenis@https://registry.npmjs.org/lenis/-/lenis-1.3.26.tgz 0ms (cache hit)
2824 http cache next@https://registry.npmjs.org/next/-/next-16.3.2.tgz 0ms (cache hit)
2825 http cache @types/react@https://registry.npmjs.org/@types/react/-/react-19.2.18.tgz 0ms (cache hit)
2826 http cache @types/node@https://registry.npmjs.org/@types/node/-/node-26.2.0.tgz 0ms (cache hit)
2827 http cache react@https://registry.npmjs.org/react/-/react-19.2.8.tgz 0ms (cache hit)
2828 http cache gsap@https://registry.npmjs.org/gsap/-/gsap-3.15.0.tgz 0ms (cache hit)
2829 http cache @gsap/react@https://registry.npmjs.org/@gsap/react/-/react-2.1.2.tgz 0ms (cache hit)
2830 http cache balanced-match@https://registry.npmjs.org/balanced-match/-/balanced-match-4.0.4.tgz 0ms (cache hit)
2831 http cache eslint-visitor-keys@https://registry.npmjs.org/eslint-visitor-keys/-/eslint-visitor-keys-5.0.1.tgz 0ms (cache hit)
2832 http cache ignore@https://registry.npmjs.org/ignore/-/ignore-7.0.6.tgz 0ms (cache hit)
2833 http cache semver@https://registry.npmjs.org/semver/-/semver-7.8.5.tgz 0ms (cache hit)
2834 http cache brace-expansion@https://registry.npmjs.org/brace-expansion/-/brace-expansion-5.0.9.tgz 0ms (cache hit)
2835 http cache json5@https://registry.npmjs.org/json5/-/json5-1.0.2.tgz 0ms (cache hit)
2836 http cache semver@https://registry.npmjs.org/semver/-/semver-7.8.5.tgz 0ms (cache hit)
2837 http cache tailwindcss@https://registry.npmjs.org/tailwindcss/-/tailwindcss-4.3.3.tgz 0ms (cache hit)
2838 http cache minimatch@https://registry.npmjs.org/minimatch/-/minimatch-10.2.6.tgz 0ms (cache hit)
2839 http cache debug@https://registry.npmjs.org/debug/-/debug-3.2.7.tgz 0ms (cache hit)
2840 http cache picomatch@https://registry.npmjs.org/picomatch/-/picomatch-4.0.5.tgz 0ms (cache hit)
2841 http cache glob-parent@https://registry.npmjs.org/glob-parent/-/glob-parent-5.1.2.tgz 0ms (cache hit)
2842 http cache debug@https://registry.npmjs.org/debug/-/debug-3.2.7.tgz 0ms (cache hit)
2843 http cache semver@https://registry.npmjs.org/semver/-/semver-7.8.5.tgz 0ms (cache hit)
2844 http cache eslint-visitor-keys@https://registry.npmjs.org/eslint-visitor-keys/-/eslint-visitor-keys-3.4.3.tgz 0ms (cache hit)
2845 http cache debug@https://registry.npmjs.org/debug/-/debug-3.2.7.tgz 0ms (cache hit)
2846 http cache fdir@https://registry.npmjs.org/fdir/-/fdir-6.5.0.tgz 0ms (cache hit)
2847 http cache globals@https://registry.npmjs.org/globals/-/globals-14.0.0.tgz 0ms (cache hit)
2848 silly tarball no local data for is-map@https://registry.npmjs.org/is-map/-/is-map-2.0.3.tgz. Extracting by manifest.
2849 silly tarball no local data for is-weakmap@https://registry.npmjs.org/is-weakmap/-/is-weakmap-2.0.2.tgz. Extracting by manifest.
2850 http cache @eslint-community/eslint-utils@https://registry.npmjs.org/@eslint-community/eslint-utils/-/eslint-utils-4.9.1.tgz 0ms (cache hit)
2851 silly tarball no local data for async-function@https://registry.npmjs.org/async-function/-/async-function-1.0.0.tgz. Extracting by manifest.
2852 silly tarball no local data for is-weakset@https://registry.npmjs.org/is-weakset/-/is-weakset-2.0.4.tgz. Extracting by manifest.
2853 silly tarball no local data for is-generator-function@https://registry.npmjs.org/is-generator-function/-/is-generator-function-1.1.2.tgz. Extracting by manifest.
2854 silly tarball no local data for is-async-function@https://registry.npmjs.org/is-async-function/-/is-async-function-2.1.1.tgz. Extracting by manifest.
2855 silly tarball no local data for which-collection@https://registry.npmjs.org/which-collection/-/which-collection-1.0.2.tgz. Extracting by manifest.
2856 silly tarball no local data for is-number-object@https://registry.npmjs.org/is-number-object/-/is-number-object-1.1.1.tgz. Extracting by manifest.
2857 silly tarball no local data for is-finalizationregistry@https://registry.npmjs.org/is-finalizationregistry/-/is-finalizationregistry-1.1.1.tgz. Extracting by manifest.
2858 silly tarball no local data for is-boolean-object@https://registry.npmjs.org/is-boolean-object/-/is-boolean-object-1.2.2.tgz. Extracting by manifest.
2859 silly tarball no local data for is-bigint@https://registry.npmjs.org/is-bigint/-/is-bigint-1.1.0.tgz. Extracting by manifest.
2860 silly tarball no local data for escalade@https://registry.npmjs.org/escalade/-/escalade-3.2.0.tgz. Extracting by manifest.
2861 silly tarball no local data for generator-function@https://registry.npmjs.org/generator-function/-/generator-function-2.0.1.tgz. Extracting by manifest.
2862 silly tarball no local data for isexe@https://registry.npmjs.org/isexe/-/isexe-2.0.0.tgz. Extracting by manifest.
2863 silly tarball no local data for napi-postinstall@https://registry.npmjs.org/napi-postinstall/-/napi-postinstall-0.3.4.tgz. Extracting by manifest.
2864 silly tarball no local data for punycode@https://registry.npmjs.org/punycode/-/punycode-2.3.1.tgz. Extracting by manifest.
2865 silly tarball no local data for which-boxed-primitive@https://registry.npmjs.org/which-boxed-primitive/-/which-boxed-primitive-1.1.1.tgz. Extracting by manifest.
2866 silly tarball no local data for has-bigints@https://registry.npmjs.org/has-bigints/-/has-bigints-1.1.0.tgz. Extracting by manifest.
2867 silly tarball no local data for @unrs/resolver-binding-darwin-arm64@https://registry.npmjs.org/@unrs/resolver-binding-darwin-arm64/-/resolver-binding-darwin-arm64-1.12.2.tgz. Extracting by manifest.
2868 silly tarball no local data for @typescript-eslint/tsconfig-utils@https://registry.npmjs.org/@typescript-eslint/tsconfig-utils/-/tsconfig-utils-8.67.0.tgz. Extracting by manifest.
2869 silly tarball no local data for ts-api-utils@https://registry.npmjs.org/ts-api-utils/-/ts-api-utils-2.5.0.tgz. Extracting by manifest.
2870 silly tarball no local data for @typescript-eslint/types@https://registry.npmjs.org/@typescript-eslint/types/-/types-8.67.0.tgz. Extracting by manifest.
2871 silly tarball no local data for @typescript-eslint/type-utils@https://registry.npmjs.org/@typescript-eslint/type-utils/-/type-utils-8.67.0.tgz. Extracting by manifest.
2872 http cache eslint-visitor-keys@https://registry.npmjs.org/eslint-visitor-keys/-/eslint-visitor-keys-3.4.3.tgz 0ms (cache hit)
2873 silly tarball no local data for @typescript-eslint/utils@https://registry.npmjs.org/@typescript-eslint/utils/-/utils-8.67.0.tgz. Extracting by manifest.
2874 silly tarball no local data for @typescript-eslint/visitor-keys@https://registry.npmjs.org/@typescript-eslint/visitor-keys/-/visitor-keys-8.67.0.tgz. Extracting by manifest.
2875 silly tarball no local data for @typescript-eslint/scope-manager@https://registry.npmjs.org/@typescript-eslint/scope-manager/-/scope-manager-8.67.0.tgz. Extracting by manifest.
2876 silly tarball no local data for @typescript-eslint/typescript-estree@https://registry.npmjs.org/@typescript-eslint/typescript-estree/-/typescript-estree-8.67.0.tgz. Extracting by manifest.
2877 silly tarball no local data for @typescript-eslint/parser@https://registry.npmjs.org/@typescript-eslint/parser/-/parser-8.67.0.tgz. Extracting by manifest.
2878 silly tarball no local data for reflect.getprototypeof@https://registry.npmjs.org/reflect.getprototypeof/-/reflect.getprototypeof-1.0.10.tgz. Extracting by manifest.
2879 silly tarball no local data for @typescript-eslint/eslint-plugin@https://registry.npmjs.org/@typescript-eslint/eslint-plugin/-/eslint-plugin-8.67.0.tgz. Extracting by manifest.
2880 silly tarball no local data for @typescript-eslint/project-service@https://registry.npmjs.org/@typescript-eslint/project-service/-/project-service-8.67.0.tgz. Extracting by manifest.
2881 silly tarball no local data for for-each@https://registry.npmjs.org/for-each/-/for-each-0.3.5.tgz. Extracting by manifest.
2882 silly tarball no local data for minimist@https://registry.npmjs.org/minimist/-/minimist-1.2.8.tgz. Extracting by manifest.
2883 silly tarball no local data for strip-bom@https://registry.npmjs.org/strip-bom/-/strip-bom-3.0.0.tgz. Extracting by manifest.
2884 silly tarball no local data for which-builtin-type@https://registry.npmjs.org/which-builtin-type/-/which-builtin-type-1.2.1.tgz. Extracting by manifest.
2885 silly tarball no local data for has-flag@https://registry.npmjs.org/has-flag/-/has-flag-4.0.0.tgz. Extracting by manifest.
2886 silly tarball no local data for @types/json5@https://registry.npmjs.org/@types/json5/-/json5-0.0.29.tgz. Extracting by manifest.
2887 silly tarball no local data for client-only@https://registry.npmjs.org/client-only/-/client-only-0.0.1.tgz. Extracting by manifest.
2888 silly tarball no local data for is-number@https://registry.npmjs.org/is-number/-/is-number-7.0.0.tgz. Extracting by manifest.
2889 silly tarball no local data for side-channel-weakmap@https://registry.npmjs.org/side-channel-weakmap/-/side-channel-weakmap-1.0.2.tgz. Extracting by manifest.
2890 silly tarball no local data for side-channel-list@https://registry.npmjs.org/side-channel-list/-/side-channel-list-1.0.1.tgz. Extracting by manifest.
2891 silly tarball no local data for @img/sharp-darwin-arm64@https://registry.npmjs.org/@img/sharp-darwin-arm64/-/sharp-darwin-arm64-0.35.3.tgz. Extracting by manifest.
2892 silly tarball no local data for shebang-regex@https://registry.npmjs.org/shebang-regex/-/shebang-regex-3.0.0.tgz. Extracting by manifest.
2893 silly tarball no local data for @img/colour@https://registry.npmjs.org/@img/colour/-/colour-1.1.0.tgz. Extracting by manifest.
2894 silly tarball no local data for detect-libc@https://registry.npmjs.org/detect-libc/-/detect-libc-2.1.2.tgz. Extracting by manifest.
2895 silly tarball no local data for side-channel-map@https://registry.npmjs.org/side-channel-map/-/side-channel-map-1.0.1.tgz. Extracting by manifest.
2896 silly tarball no local data for isarray@https://registry.npmjs.org/isarray/-/isarray-2.0.5.tgz. Extracting by manifest.
2897 silly tarball no local data for @img/sharp-libvips-darwin-arm64@https://registry.npmjs.org/@img/sharp-libvips-darwin-arm64/-/sharp-libvips-darwin-arm64-1.3.2.tgz. Extracting by manifest.
2898 silly tarball no local data for path-parse@https://registry.npmjs.org/path-parse/-/path-parse-1.0.7.tgz. Extracting by manifest.
2899 silly tarball no local data for queue-microtask@https://registry.npmjs.org/queue-microtask/-/queue-microtask-1.2.3.tgz. Extracting by manifest.
2900 silly tarball no local data for supports-preserve-symlinks-flag@https://registry.npmjs.org/supports-preserve-symlinks-flag/-/supports-preserve-symlinks-flag-1.0.0.tgz. Extracting by manifest.
2901 silly tarball no local data for object-assign@https://registry.npmjs.org/object-assign/-/object-assign-4.1.1.tgz. Extracting by manifest.
2902 silly tarball no local data for loose-envify@https://registry.npmjs.org/loose-envify/-/loose-envify-1.4.0.tgz. Extracting by manifest.
2903 silly tarball no local data for scheduler@https://registry.npmjs.org/scheduler/-/scheduler-0.27.0.tgz. Extracting by manifest.
2904 silly tarball no local data for node-exports-info@https://registry.npmjs.org/node-exports-info/-/node-exports-info-1.6.2.tgz. Extracting by manifest.
2905 silly tarball no local data for source-map-js@https://registry.npmjs.org/source-map-js/-/source-map-js-1.2.1.tgz. Extracting by manifest.
2906 silly tarball no local data for nanoid@https://registry.npmjs.org/nanoid/-/nanoid-3.3.18.tgz. Extracting by manifest.
2907 silly tarball no local data for p-limit@https://registry.npmjs.org/p-limit/-/p-limit-3.1.0.tgz. Extracting by manifest.
2908 silly tarball no local data for fast-levenshtein@https://registry.npmjs.org/fast-levenshtein/-/fast-levenshtein-2.0.6.tgz. Extracting by manifest.
2909 silly tarball no local data for yocto-queue@https://registry.npmjs.org/yocto-queue/-/yocto-queue-0.1.0.tgz. Extracting by manifest.
2910 silly tarball no local data for word-wrap@https://registry.npmjs.org/word-wrap/-/word-wrap-1.2.5.tgz. Extracting by manifest.
2911 silly tarball no local data for deep-is@https://registry.npmjs.org/deep-is/-/deep-is-0.1.4.tgz. Extracting by manifest.
2912 silly tarball no local data for sharp@https://registry.npmjs.org/sharp/-/sharp-0.35.3.tgz. Extracting by manifest.
2913 silly tarball no local data for tslib@https://registry.npmjs.org/tslib/-/tslib-2.8.1.tgz. Extracting by manifest.
2914 silly tarball no local data for react-is@https://registry.npmjs.org/react-is/-/react-is-16.13.1.tgz. Extracting by manifest.
2915 silly tarball no local data for postcss@https://registry.npmjs.org/postcss/-/postcss-8.5.23.tgz. Extracting by manifest.
2916 silly tarball no local data for @next/env@https://registry.npmjs.org/@next/env/-/env-16.3.2.tgz. Extracting by manifest.
2917 silly tarball no local data for @swc/helpers@https://registry.npmjs.org/@swc/helpers/-/helpers-0.5.23.tgz. Extracting by manifest.
2918 silly tarball no local data for styled-jsx@https://registry.npmjs.org/styled-jsx/-/styled-jsx-5.1.6.tgz. Extracting by manifest.
2919 silly tarball no local data for balanced-match@https://registry.npmjs.org/balanced-match/-/balanced-match-1.0.2.tgz. Extracting by manifest.
2920 silly tarball no local data for @next/swc-darwin-arm64@https://registry.npmjs.org/@next/swc-darwin-arm64/-/swc-darwin-arm64-16.3.2.tgz. Extracting by manifest.
2921 silly tarball no local data for brace-expansion@https://registry.npmjs.org/brace-expansion/-/brace-expansion-1.1.18.tgz. Extracting by manifest.
2922 silly tarball no local data for fill-range@https://registry.npmjs.org/fill-range/-/fill-range-7.1.1.tgz. Extracting by manifest.
2923 silly tarball no local data for callsites@https://registry.npmjs.org/callsites/-/callsites-3.1.0.tgz. Extracting by manifest.
2924 silly tarball no local data for to-regex-range@https://registry.npmjs.org/to-regex-range/-/to-regex-range-5.0.1.tgz. Extracting by manifest.
2925 silly tarball no local data for braces@https://registry.npmjs.org/braces/-/braces-3.0.3.tgz. Extracting by manifest.
2926 silly tarball no local data for concat-map@https://registry.npmjs.org/concat-map/-/concat-map-0.0.1.tgz. Extracting by manifest.
2927 silly tarball no local data for yallist@https://registry.npmjs.org/yallist/-/yallist-3.1.1.tgz. Extracting by manifest.
2928 silly tarball no local data for picomatch@https://registry.npmjs.org/picomatch/-/picomatch-2.3.2.tgz. Extracting by manifest.
2929 silly tarball no local data for type-check@https://registry.npmjs.org/type-check/-/type-check-0.4.0.tgz. Extracting by manifest.
2930 silly tarball no local data for prelude-ls@https://registry.npmjs.org/prelude-ls/-/prelude-ls-1.2.1.tgz. Extracting by manifest.
2931 silly tarball no local data for language-subtag-registry@https://registry.npmjs.org/language-subtag-registry/-/language-subtag-registry-0.3.23.tgz. Extracting by manifest.
2932 silly tarball no local data for argparse@https://registry.npmjs.org/argparse/-/argparse-2.0.1.tgz. Extracting by manifest.
2933 silly tarball no local data for json-buffer@https://registry.npmjs.org/json-buffer/-/json-buffer-3.0.1.tgz. Extracting by manifest.
2934 silly tarball no local data for p-locate@https://registry.npmjs.org/p-locate/-/p-locate-5.0.0.tgz. Extracting by manifest.
2935 silly tarball no local data for set-function-name@https://registry.npmjs.org/set-function-name/-/set-function-name-2.0.2.tgz. Extracting by manifest.
2936 silly tarball no local data for is-extglob@https://registry.npmjs.org/is-extglob/-/is-extglob-2.1.1.tgz. Extracting by manifest.
2937 silly tarball no local data for side-channel@https://registry.npmjs.org/side-channel/-/side-channel-1.1.1.tgz. Extracting by manifest.
2938 silly tarball no local data for resolve-from@https://registry.npmjs.org/resolve-from/-/resolve-from-4.0.0.tgz. Extracting by manifest.
2939 silly tarball no local data for hermes-estree@https://registry.npmjs.org/hermes-estree/-/hermes-estree-0.25.1.tgz. Extracting by manifest.
2940 silly tarball no local data for dunder-proto@https://registry.npmjs.org/dunder-proto/-/dunder-proto-1.0.1.tgz. Extracting by manifest.
2941 silly tarball no local data for parent-module@https://registry.npmjs.org/parent-module/-/parent-module-1.0.1.tgz. Extracting by manifest.
2942 silly tarball no local data for is-document.all@https://registry.npmjs.org/is-document.all/-/is-document.all-1.0.0.tgz. Extracting by manifest.
2943 silly tarball no local data for resolve-pkg-maps@https://registry.npmjs.org/resolve-pkg-maps/-/resolve-pkg-maps-1.0.0.tgz. Extracting by manifest.
2944 silly tarball no local data for functions-have-names@https://registry.npmjs.org/functions-have-names/-/functions-have-names-1.2.3.tgz. Extracting by manifest.
2945 silly tarball no local data for keyv@https://registry.npmjs.org/keyv/-/keyv-4.5.4.tgz. Extracting by manifest.
2946 silly tarball no local data for flat-cache@https://registry.npmjs.org/flat-cache/-/flat-cache-4.0.1.tgz. Extracting by manifest.
2947 silly tarball no local data for path-exists@https://registry.npmjs.org/path-exists/-/path-exists-4.0.0.tgz. Extracting by manifest.
2948 silly tarball no local data for flatted@https://registry.npmjs.org/flatted/-/flatted-3.4.4.tgz. Extracting by manifest.
2949 silly tarball no local data for fastq@https://registry.npmjs.org/fastq/-/fastq-1.20.1.tgz. Extracting by manifest.
2950 silly tarball no local data for reusify@https://registry.npmjs.org/reusify/-/reusify-1.1.0.tgz. Extracting by manifest.
2951 silly tarball no local data for run-parallel@https://registry.npmjs.org/run-parallel/-/run-parallel-1.2.0.tgz. Extracting by manifest.
2952 silly tarball no local data for @nodelib/fs.scandir@https://registry.npmjs.org/@nodelib/fs.scandir/-/fs.scandir-2.1.5.tgz. Extracting by manifest.
2953 silly tarball no local data for merge2@https://registry.npmjs.org/merge2/-/merge2-1.4.1.tgz. Extracting by manifest.
2954 silly tarball no local data for acorn-jsx@https://registry.npmjs.org/acorn-jsx/-/acorn-jsx-5.3.2.tgz. Extracting by manifest.
2955 silly tarball no local data for micromatch@https://registry.npmjs.org/micromatch/-/micromatch-4.0.8.tgz. Extracting by manifest.
2956 silly tarball no local data for @nodelib/fs.stat@https://registry.npmjs.org/@nodelib/fs.stat/-/fs.stat-2.0.5.tgz. Extracting by manifest.
2957 silly tarball no local data for @nodelib/fs.walk@https://registry.npmjs.org/@nodelib/fs.walk/-/fs.walk-1.2.8.tgz. Extracting by manifest.
2958 silly tarball no local data for esrecurse@https://registry.npmjs.org/esrecurse/-/esrecurse-4.3.0.tgz. Extracting by manifest.
2959 silly tarball no local data for locate-path@https://registry.npmjs.org/locate-path/-/locate-path-6.0.0.tgz. Extracting by manifest.
2960 silly tarball no local data for update-browserslist-db@https://registry.npmjs.org/update-browserslist-db/-/update-browserslist-db-1.3.1.tgz. Extracting by manifest.
2961 silly tarball no local data for node-releases@https://registry.npmjs.org/node-releases/-/node-releases-2.0.53.tgz. Extracting by manifest.
2962 silly tarball no local data for @jridgewell/resolve-uri@https://registry.npmjs.org/@jridgewell/resolve-uri/-/resolve-uri-3.1.2.tgz. Extracting by manifest.
2963 silly tarball no local data for caniuse-lite@https://registry.npmjs.org/caniuse-lite/-/caniuse-lite-1.0.30001809.tgz. Extracting by manifest.
2964 silly tarball no local data for acorn@https://registry.npmjs.org/acorn/-/acorn-8.18.0.tgz. Extracting by manifest.
2965 silly tarball no local data for @babel/helper-string-parser@https://registry.npmjs.org/@babel/helper-string-parser/-/helper-string-parser-7.29.7.tgz. Extracting by manifest.
2966 silly tarball no local data for @babel/helper-module-imports@https://registry.npmjs.org/@babel/helper-module-imports/-/helper-module-imports-7.29.7.tgz. Extracting by manifest.
2967 silly tarball no local data for @babel/helper-globals@https://registry.npmjs.org/@babel/helper-globals/-/helper-globals-7.29.7.tgz. Extracting by manifest.
2968 silly tarball no local data for browserslist@https://registry.npmjs.org/browserslist/-/browserslist-4.28.8.tgz. Extracting by manifest.
2969 silly tarball no local data for lru-cache@https://registry.npmjs.org/lru-cache/-/lru-cache-5.1.1.tgz. Extracting by manifest.
2970 silly tarball no local data for @babel/compat-data@https://registry.npmjs.org/@babel/compat-data/-/compat-data-7.29.7.tgz. Extracting by manifest.
2971 silly tarball no local data for @babel/helper-validator-option@https://registry.npmjs.org/@babel/helper-validator-option/-/helper-validator-option-7.29.7.tgz. Extracting by manifest.
2972 silly tarball no local data for jsesc@https://registry.npmjs.org/jsesc/-/jsesc-3.1.0.tgz. Extracting by manifest.
2973 silly tarball no local data for baseline-browser-mapping@https://registry.npmjs.org/baseline-browser-mapping/-/baseline-browser-mapping-2.11.18.tgz. Extracting by manifest.
2974 silly tarball no local data for electron-to-chromium@https://registry.npmjs.org/electron-to-chromium/-/electron-to-chromium-1.5.412.tgz. Extracting by manifest.
2975 silly tarball no local data for js-tokens@https://registry.npmjs.org/js-tokens/-/js-tokens-4.0.0.tgz. Extracting by manifest.
2976 silly tarball no local data for picocolors@https://registry.npmjs.org/picocolors/-/picocolors-1.1.1.tgz. Extracting by manifest.
2977 silly tarball no local data for @babel/helper-validator-identifier@https://registry.npmjs.org/@babel/helper-validator-identifier/-/helper-validator-identifier-7.29.7.tgz. Extracting by manifest.
2978 silly tarball no local data for @jridgewell/trace-mapping@https://registry.npmjs.org/@jridgewell/trace-mapping/-/trace-mapping-0.3.31.tgz. Extracting by manifest.
2979 silly tarball no local data for @jridgewell/gen-mapping@https://registry.npmjs.org/@jridgewell/gen-mapping/-/gen-mapping-0.3.13.tgz. Extracting by manifest.
2980 silly tarball no local data for @jridgewell/sourcemap-codec@https://registry.npmjs.org/@jridgewell/sourcemap-codec/-/sourcemap-codec-1.5.5.tgz. Extracting by manifest.
2981 silly tarball no local data for gensync@https://registry.npmjs.org/gensync/-/gensync-1.0.0-beta.2.tgz. Extracting by manifest.
2982 silly tarball no local data for @jridgewell/remapping@https://registry.npmjs.org/@jridgewell/remapping/-/remapping-2.3.5.tgz. Extracting by manifest.
2983 silly tarball no local data for @babel/types@https://registry.npmjs.org/@babel/types/-/types-7.29.8.tgz. Extracting by manifest.
2984 silly tarball no local data for @babel/template@https://registry.npmjs.org/@babel/template/-/template-7.29.7.tgz. Extracting by manifest.
2985 silly tarball no local data for json5@https://registry.npmjs.org/json5/-/json5-2.2.3.tgz. Extracting by manifest.
2986 silly tarball no local data for @babel/traverse@https://registry.npmjs.org/@babel/traverse/-/traverse-7.29.8.tgz. Extracting by manifest.
2987 silly tarball no local data for @babel/helpers@https://registry.npmjs.org/@babel/helpers/-/helpers-7.29.7.tgz. Extracting by manifest.
2988 silly tarball no local data for convert-source-map@https://registry.npmjs.org/convert-source-map/-/convert-source-map-2.0.0.tgz. Extracting by manifest.
2989 silly tarball no local data for zod-validation-error@https://registry.npmjs.org/zod-validation-error/-/zod-validation-error-4.0.2.tgz. Extracting by manifest.
2990 silly tarball no local data for @babel/helper-module-transforms@https://registry.npmjs.org/@babel/helper-module-transforms/-/helper-module-transforms-7.29.7.tgz. Extracting by manifest.
2991 silly tarball no local data for hermes-parser@https://registry.npmjs.org/hermes-parser/-/hermes-parser-0.25.1.tgz. Extracting by manifest.
2992 silly tarball no local data for @babel/generator@https://registry.npmjs.org/@babel/generator/-/generator-7.29.8.tgz. Extracting by manifest.
2993 silly tarball no local data for @babel/code-frame@https://registry.npmjs.org/@babel/code-frame/-/code-frame-7.29.7.tgz. Extracting by manifest.
2994 silly tarball no local data for zod@https://registry.npmjs.org/zod/-/zod-4.4.3.tgz. Extracting by manifest.
2995 silly tarball no local data for @babel/parser@https://registry.npmjs.org/@babel/parser/-/parser-7.29.8.tgz. Extracting by manifest.
2996 silly tarball no local data for @babel/core@https://registry.npmjs.org/@babel/core/-/core-7.29.7.tgz. Extracting by manifest.
2997 silly tarball no local data for string.prototype.matchall@https://registry.npmjs.org/string.prototype.matchall/-/string.prototype.matchall-4.0.12.tgz. Extracting by manifest.
2998 silly tarball no local data for string.prototype.repeat@https://registry.npmjs.org/string.prototype.repeat/-/string.prototype.repeat-1.0.0.tgz. Extracting by manifest.
2999 silly tarball no local data for prop-types@https://registry.npmjs.org/prop-types/-/prop-types-15.8.1.tgz. Extracting by manifest.
3000 silly tarball no local data for iterator.prototype@https://registry.npmjs.org/iterator.prototype/-/iterator.prototype-1.1.5.tgz. Extracting by manifest.
3001 silly tarball no local data for estraverse@https://registry.npmjs.org/estraverse/-/estraverse-5.3.0.tgz. Extracting by manifest.
3002 silly tarball no local data for object.entries@https://registry.npmjs.org/object.entries/-/object.entries-1.1.9.tgz. Extracting by manifest.
3003 silly tarball no local data for string.prototype.includes@https://registry.npmjs.org/string.prototype.includes/-/string.prototype.includes-2.0.1.tgz. Extracting by manifest.
3004 silly tarball no local data for array.prototype.tosorted@https://registry.npmjs.org/array.prototype.tosorted/-/array.prototype.tosorted-1.1.4.tgz. Extracting by manifest.
3005 silly tarball no local data for array.prototype.findlast@https://registry.npmjs.org/array.prototype.findlast/-/array.prototype.findlast-1.2.5.tgz. Extracting by manifest.
3006 silly tarball no local data for language-tags@https://registry.npmjs.org/language-tags/-/language-tags-1.0.9.tgz. Extracting by manifest.
3007 silly tarball no local data for jsx-ast-utils@https://registry.npmjs.org/jsx-ast-utils/-/jsx-ast-utils-3.3.5.tgz. Extracting by manifest.
3008 silly tarball no local data for @babel/helper-compilation-targets@https://registry.npmjs.org/@babel/helper-compilation-targets/-/helper-compilation-targets-7.29.7.tgz. Extracting by manifest.
3009 silly tarball no local data for damerau-levenshtein@https://registry.npmjs.org/damerau-levenshtein/-/damerau-levenshtein-1.0.8.tgz. Extracting by manifest.
3010 silly tarball no local data for axobject-query@https://registry.npmjs.org/axobject-query/-/axobject-query-4.1.0.tgz. Extracting by manifest.
3011 silly tarball no local data for emoji-regex@https://registry.npmjs.org/emoji-regex/-/emoji-regex-9.2.2.tgz. Extracting by manifest.
3012 silly tarball no local data for es-iterator-helpers@https://registry.npmjs.org/es-iterator-helpers/-/es-iterator-helpers-1.4.0.tgz. Extracting by manifest.
3013 silly tarball no local data for aria-query@https://registry.npmjs.org/aria-query/-/aria-query-5.3.2.tgz. Extracting by manifest.
3014 silly tarball no local data for es-abstract-get@https://registry.npmjs.org/es-abstract-get/-/es-abstract-get-1.0.0.tgz. Extracting by manifest.
3015 silly tarball no local data for is-symbol@https://registry.npmjs.org/is-symbol/-/is-symbol-1.1.1.tgz. Extracting by manifest.
3016 silly tarball no local data for has-tostringtag@https://registry.npmjs.org/has-tostringtag/-/has-tostringtag-1.0.2.tgz. Extracting by manifest.
3017 silly tarball no local data for is-date-object@https://registry.npmjs.org/is-date-object/-/is-date-object-1.1.0.tgz. Extracting by manifest.
3018 silly tarball no local data for possible-typed-array-names@https://registry.npmjs.org/possible-typed-array-names/-/possible-typed-array-names-1.1.0.tgz. Extracting by manifest.
3019 silly tarball no local data for typed-array-byte-length@https://registry.npmjs.org/typed-array-byte-length/-/typed-array-byte-length-1.0.3.tgz. Extracting by manifest.
3020 silly tarball no local data for ast-types-flow@https://registry.npmjs.org/ast-types-flow/-/ast-types-flow-0.0.8.tgz. Extracting by manifest.
3021 silly tarball no local data for which-typed-array@https://registry.npmjs.org/which-typed-array/-/which-typed-array-1.1.22.tgz. Extracting by manifest.
3022 silly tarball no local data for typed-array-length@https://registry.npmjs.org/typed-array-length/-/typed-array-length-1.0.8.tgz. Extracting by manifest.
3023 silly tarball no local data for typed-array-byte-offset@https://registry.npmjs.org/typed-array-byte-offset/-/typed-array-byte-offset-1.0.4.tgz. Extracting by manifest.
3024 silly tarball no local data for axe-core@https://registry.npmjs.org/axe-core/-/axe-core-4.13.0.tgz. Extracting by manifest.
3025 silly tarball no local data for unbox-primitive@https://registry.npmjs.org/unbox-primitive/-/unbox-primitive-1.1.0.tgz. Extracting by manifest.
3026 silly tarball no local data for string.prototype.trimstart@https://registry.npmjs.org/string.prototype.trimstart/-/string.prototype.trimstart-1.0.8.tgz. Extracting by manifest.
3027 silly tarball no local data for typed-array-buffer@https://registry.npmjs.org/typed-array-buffer/-/typed-array-buffer-1.0.3.tgz. Extracting by manifest.
3028 silly tarball no local data for string.prototype.trim@https://registry.npmjs.org/string.prototype.trim/-/string.prototype.trim-1.2.11.tgz. Extracting by manifest.
3029 silly tarball no local data for set-proto@https://registry.npmjs.org/set-proto/-/set-proto-1.0.0.tgz. Extracting by manifest.
3030 silly tarball no local data for safe-push-apply@https://registry.npmjs.org/safe-push-apply/-/safe-push-apply-1.0.0.tgz. Extracting by manifest.
3031 silly tarball no local data for safe-regex-test@https://registry.npmjs.org/safe-regex-test/-/safe-regex-test-1.1.0.tgz. Extracting by manifest.
3032 silly tarball no local data for safe-array-concat@https://registry.npmjs.org/safe-array-concat/-/safe-array-concat-1.1.4.tgz. Extracting by manifest.
3033 silly tarball no local data for stop-iteration-iterator@https://registry.npmjs.org/stop-iteration-iterator/-/stop-iteration-iterator-1.1.0.tgz. Extracting by manifest.
3034 silly tarball no local data for regexp.prototype.flags@https://registry.npmjs.org/regexp.prototype.flags/-/regexp.prototype.flags-1.5.4.tgz. Extracting by manifest.
3035 silly tarball no local data for own-keys@https://registry.npmjs.org/own-keys/-/own-keys-1.0.2.tgz. Extracting by manifest.
3036 silly tarball no local data for object.assign@https://registry.npmjs.org/object.assign/-/object.assign-4.1.7.tgz. Extracting by manifest.
3037 silly tarball no local data for object-inspect@https://registry.npmjs.org/object-inspect/-/object-inspect-1.13.4.tgz. Extracting by manifest.
3038 silly tarball no local data for is-shared-array-buffer@https://registry.npmjs.org/is-shared-array-buffer/-/is-shared-array-buffer-1.0.4.tgz. Extracting by manifest.
3039 silly tarball no local data for is-regex@https://registry.npmjs.org/is-regex/-/is-regex-1.2.1.tgz. Extracting by manifest.
3040 silly tarball no local data for is-data-view@https://registry.npmjs.org/is-data-view/-/is-data-view-1.0.2.tgz. Extracting by manifest.
3041 silly tarball no local data for is-weakref@https://registry.npmjs.org/is-weakref/-/is-weakref-1.1.1.tgz. Extracting by manifest.
3042 silly tarball no local data for is-negative-zero@https://registry.npmjs.org/is-negative-zero/-/is-negative-zero-2.0.3.tgz. Extracting by manifest.
3043 silly tarball no local data for is-typed-array@https://registry.npmjs.org/is-typed-array/-/is-typed-array-1.1.15.tgz. Extracting by manifest.
3044 silly tarball no local data for is-set@https://registry.npmjs.org/is-set/-/is-set-2.0.3.tgz. Extracting by manifest.
3045 silly tarball no local data for is-array-buffer@https://registry.npmjs.org/is-array-buffer/-/is-array-buffer-3.0.5.tgz. Extracting by manifest.
3046 silly tarball no local data for internal-slot@https://registry.npmjs.org/internal-slot/-/internal-slot-1.1.0.tgz. Extracting by manifest.
3047 silly tarball no local data for globalthis@https://registry.npmjs.org/globalthis/-/globalthis-1.0.4.tgz. Extracting by manifest.
3048 silly tarball no local data for has-proto@https://registry.npmjs.org/has-proto/-/has-proto-1.2.0.tgz. Extracting by manifest.
3049 silly tarball no local data for get-symbol-description@https://registry.npmjs.org/get-symbol-description/-/get-symbol-description-1.1.0.tgz. Extracting by manifest.
3050 silly tarball no local data for is-callable@https://registry.npmjs.org/is-callable/-/is-callable-1.2.7.tgz. Extracting by manifest.
3051 silly tarball no local data for es-to-primitive@https://registry.npmjs.org/es-to-primitive/-/es-to-primitive-1.3.4.tgz. Extracting by manifest.
3052 silly tarball no local data for get-proto@https://registry.npmjs.org/get-proto/-/get-proto-1.0.1.tgz. Extracting by manifest.
3053 silly tarball no local data for function.prototype.name@https://registry.npmjs.org/function.prototype.name/-/function.prototype.name-1.2.0.tgz. Extracting by manifest.
3054 silly tarball no local data for data-view-byte-offset@https://registry.npmjs.org/data-view-byte-offset/-/data-view-byte-offset-1.0.1.tgz. Extracting by manifest.
3055 silly tarball no local data for has-symbols@https://registry.npmjs.org/has-symbols/-/has-symbols-1.1.0.tgz. Extracting by manifest.
3056 silly tarball no local data for data-view-buffer@https://registry.npmjs.org/data-view-buffer/-/data-view-buffer-1.0.2.tgz. Extracting by manifest.
3057 silly tarball no local data for data-view-byte-length@https://registry.npmjs.org/data-view-byte-length/-/data-view-byte-length-1.0.2.tgz. Extracting by manifest.
3058 silly tarball no local data for array-buffer-byte-length@https://registry.npmjs.org/array-buffer-byte-length/-/array-buffer-byte-length-1.0.2.tgz. Extracting by manifest.
3059 silly tarball no local data for gopd@https://registry.npmjs.org/gopd/-/gopd-1.2.0.tgz. Extracting by manifest.
3060 silly tarball no local data for arraybuffer.prototype.slice@https://registry.npmjs.org/arraybuffer.prototype.slice/-/arraybuffer.prototype.slice-1.0.4.tgz. Extracting by manifest.
3061 silly tarball no local data for object-keys@https://registry.npmjs.org/object-keys/-/object-keys-1.1.1.tgz. Extracting by manifest.
3062 silly tarball no local data for define-data-property@https://registry.npmjs.org/define-data-property/-/define-data-property-1.1.4.tgz. Extracting by manifest.
3063 silly tarball no local data for available-typed-arrays@https://registry.npmjs.org/available-typed-arrays/-/available-typed-arrays-1.0.7.tgz. Extracting by manifest.
3064 silly tarball no local data for function-bind@https://registry.npmjs.org/function-bind/-/function-bind-1.1.2.tgz. Extracting by manifest.
3065 silly tarball no local data for es-set-tostringtag@https://registry.npmjs.org/es-set-tostringtag/-/es-set-tostringtag-2.1.0.tgz. Extracting by manifest.
3066 silly tarball no local data for has-property-descriptors@https://registry.npmjs.org/has-property-descriptors/-/has-property-descriptors-1.0.2.tgz. Extracting by manifest.
3067 silly tarball no local data for set-function-length@https://registry.npmjs.org/set-function-length/-/set-function-length-1.2.2.tgz. Extracting by manifest.
3068 silly tarball no local data for es-shim-unscopables@https://registry.npmjs.org/es-shim-unscopables/-/es-shim-unscopables-1.1.0.tgz. Extracting by manifest.
3069 silly tarball no local data for es-errors@https://registry.npmjs.org/es-errors/-/es-errors-1.3.0.tgz. Extracting by manifest.
3070 silly tarball no local data for math-intrinsics@https://registry.npmjs.org/math-intrinsics/-/math-intrinsics-1.1.0.tgz. Extracting by manifest.
3071 silly tarball no local data for get-intrinsic@https://registry.npmjs.org/get-intrinsic/-/get-intrinsic-1.3.0.tgz. Extracting by manifest.
3072 silly tarball no local data for es-define-property@https://registry.npmjs.org/es-define-property/-/es-define-property-1.0.1.tgz. Extracting by manifest.
3073 silly tarball no local data for es-object-atoms@https://registry.npmjs.org/es-object-atoms/-/es-object-atoms-1.1.2.tgz. Extracting by manifest.
3074 silly tarball no local data for call-bind-apply-helpers@https://registry.npmjs.org/call-bind-apply-helpers/-/call-bind-apply-helpers-1.0.2.tgz. Extracting by manifest.
3075 silly tarball no local data for es-abstract@https://registry.npmjs.org/es-abstract/-/es-abstract-1.24.2.tgz. Extracting by manifest.
3076 silly tarball no local data for call-bound@https://registry.npmjs.org/call-bound/-/call-bound-1.0.4.tgz. Extracting by manifest.
3077 silly tarball no local data for define-properties@https://registry.npmjs.org/define-properties/-/define-properties-1.2.1.tgz. Extracting by manifest.
3078 silly tarball no local data for semver@https://registry.npmjs.org/semver/-/semver-6.3.1.tgz. Extracting by manifest.
3079 silly tarball no local data for string.prototype.trimend@https://registry.npmjs.org/string.prototype.trimend/-/string.prototype.trimend-1.0.10.tgz. Extracting by manifest.
3080 silly tarball no local data for tsconfig-paths@https://registry.npmjs.org/tsconfig-paths/-/tsconfig-paths-3.15.0.tgz. Extracting by manifest.
3081 silly tarball no local data for object.values@https://registry.npmjs.org/object.values/-/object.values-1.2.1.tgz. Extracting by manifest.
3082 silly tarball no local data for object.groupby@https://registry.npmjs.org/object.groupby/-/object.groupby-1.0.3.tgz. Extracting by manifest.
3083 silly tarball no local data for call-bind@https://registry.npmjs.org/call-bind/-/call-bind-1.0.9.tgz. Extracting by manifest.
3084 silly tarball no local data for eslint-module-utils@https://registry.npmjs.org/eslint-module-utils/-/eslint-module-utils-2.14.0.tgz. Extracting by manifest.
3085 silly tarball no local data for object.fromentries@https://registry.npmjs.org/object.fromentries/-/object.fromentries-2.0.8.tgz. Extracting by manifest.
3086 silly tarball no local data for array.prototype.flatmap@https://registry.npmjs.org/array.prototype.flatmap/-/array.prototype.flatmap-1.3.3.tgz. Extracting by manifest.
3087 silly tarball no local data for doctrine@https://registry.npmjs.org/doctrine/-/doctrine-2.1.0.tgz. Extracting by manifest.
3088 silly tarball no local data for hasown@https://registry.npmjs.org/hasown/-/hasown-2.0.4.tgz. Extracting by manifest.
3089 silly tarball no local data for is-string@https://registry.npmjs.org/is-string/-/is-string-1.1.1.tgz. Extracting by manifest.
3090 silly tarball no local data for array.prototype.findlastindex@https://registry.npmjs.org/array.prototype.findlastindex/-/array.prototype.findlastindex-1.2.6.tgz. Extracting by manifest.
3091 silly tarball no local data for unrs-resolver@https://registry.npmjs.org/unrs-resolver/-/unrs-resolver-1.12.2.tgz. Extracting by manifest.
3092 silly tarball no local data for array-includes@https://registry.npmjs.org/array-includes/-/array-includes-3.1.9.tgz. Extracting by manifest.
3093 silly tarball no local data for stable-hash@https://registry.npmjs.org/stable-hash/-/stable-hash-0.0.5.tgz. Extracting by manifest.
3094 silly tarball no local data for tinyglobby@https://registry.npmjs.org/tinyglobby/-/tinyglobby-0.2.17.tgz. Extracting by manifest.
3095 silly tarball no local data for @rtsao/scc@https://registry.npmjs.org/@rtsao/scc/-/scc-1.1.0.tgz. Extracting by manifest.
3096 silly tarball no local data for get-tsconfig@https://registry.npmjs.org/get-tsconfig/-/get-tsconfig-4.14.3.tgz. Extracting by manifest.
3097 silly tarball no local data for is-bun-module@https://registry.npmjs.org/is-bun-module/-/is-bun-module-2.0.0.tgz. Extracting by manifest.
3098 silly tarball no local data for color-convert@https://registry.npmjs.org/color-convert/-/color-convert-2.0.1.tgz. Extracting by manifest.
3099 silly tarball no local data for color-name@https://registry.npmjs.org/color-name/-/color-name-1.1.4.tgz. Extracting by manifest.
3100 silly tarball no local data for array.prototype.flat@https://registry.npmjs.org/array.prototype.flat/-/array.prototype.flat-1.3.3.tgz. Extracting by manifest.
3101 silly tarball no local data for supports-color@https://registry.npmjs.org/supports-color/-/supports-color-7.2.0.tgz. Extracting by manifest.
3102 silly tarball no local data for is-core-module@https://registry.npmjs.org/is-core-module/-/is-core-module-2.16.2.tgz. Extracting by manifest.
3103 silly tarball no local data for strip-json-comments@https://registry.npmjs.org/strip-json-comments/-/strip-json-comments-3.1.1.tgz. Extracting by manifest.
3104 silly tarball no local data for resolve@https://registry.npmjs.org/resolve/-/resolve-2.0.0-next.7.tgz. Extracting by manifest.
3105 silly tarball no local data for js-yaml@https://registry.npmjs.org/js-yaml/-/js-yaml-4.3.1.tgz. Extracting by manifest.
3106 silly tarball no local data for @nolyfill/is-core-module@https://registry.npmjs.org/@nolyfill/is-core-module/-/is-core-module-1.0.39.tgz. Extracting by manifest.
3107 silly tarball no local data for ansi-styles@https://registry.npmjs.org/ansi-styles/-/ansi-styles-4.3.0.tgz. Extracting by manifest.
3108 silly tarball no local data for @eslint/object-schema@https://registry.npmjs.org/@eslint/object-schema/-/object-schema-2.1.7.tgz. Extracting by manifest.
3109 silly tarball no local data for import-fresh@https://registry.npmjs.org/import-fresh/-/import-fresh-3.3.1.tgz. Extracting by manifest.
3110 silly tarball no local data for minimatch@https://registry.npmjs.org/minimatch/-/minimatch-3.1.5.tgz. Extracting by manifest.
3111 silly tarball no local data for eslint-scope@https://registry.npmjs.org/eslint-scope/-/eslint-scope-8.4.0.tgz. Extracting by manifest.
3112 silly tarball no local data for eslint-visitor-keys@https://registry.npmjs.org/eslint-visitor-keys/-/eslint-visitor-keys-4.2.1.tgz. Extracting by manifest.
3113 silly tarball no local data for chalk@https://registry.npmjs.org/chalk/-/chalk-4.1.2.tgz. Extracting by manifest.
3114 silly tarball no local data for lodash.merge@https://registry.npmjs.org/lodash.merge/-/lodash.merge-4.6.2.tgz. Extracting by manifest.
3115 silly tarball no local data for @types/json-schema@https://registry.npmjs.org/@types/json-schema/-/json-schema-7.0.15.tgz. Extracting by manifest.
3116 silly tarball no local data for espree@https://registry.npmjs.org/espree/-/espree-10.4.0.tgz. Extracting by manifest.
3117 silly tarball no local data for @types/estree@https://registry.npmjs.org/@types/estree/-/estree-1.0.9.tgz. Extracting by manifest.
3118 silly tarball no local data for @eslint/js@https://registry.npmjs.org/@eslint/js/-/js-9.39.5.tgz. Extracting by manifest.
3119 silly tarball no local data for @eslint/core@https://registry.npmjs.org/@eslint/core/-/core-0.17.0.tgz. Extracting by manifest.
3120 silly tarball no local data for @eslint/config-array@https://registry.npmjs.org/@eslint/config-array/-/config-array-0.21.2.tgz. Extracting by manifest.
3121 silly tarball no local data for @eslint/config-helpers@https://registry.npmjs.org/@eslint/config-helpers/-/config-helpers-0.4.2.tgz. Extracting by manifest.
3122 silly tarball no local data for @eslint/eslintrc@https://registry.npmjs.org/@eslint/eslintrc/-/eslintrc-3.3.6.tgz. Extracting by manifest.
3123 silly tarball no local data for @eslint/plugin-kit@https://registry.npmjs.org/@eslint/plugin-kit/-/plugin-kit-0.4.1.tgz. Extracting by manifest.
3124 silly tarball no local data for fast-glob@https://registry.npmjs.org/fast-glob/-/fast-glob-3.3.1.tgz. Extracting by manifest.
3125 silly tarball no local data for typescript-eslint@https://registry.npmjs.org/typescript-eslint/-/typescript-eslint-8.67.0.tgz. Extracting by manifest.
3126 silly tarball no local data for globals@https://registry.npmjs.org/globals/-/globals-16.4.0.tgz. Extracting by manifest.
3127 silly tarball no local data for eslint@https://registry.npmjs.org/eslint/-/eslint-9.39.5.tgz. Extracting by manifest.
3128 silly tarball no local data for eslint-plugin-react@https://registry.npmjs.org/eslint-plugin-react/-/eslint-plugin-react-7.37.5.tgz. Extracting by manifest.
3129 silly tarball no local data for eslint-plugin-import@https://registry.npmjs.org/eslint-plugin-import/-/eslint-plugin-import-2.32.0.tgz. Extracting by manifest.
3130 silly tarball no local data for typescript@https://registry.npmjs.org/typescript/-/typescript-6.0.3.tgz. Extracting by manifest.
3131 silly tarball no local data for eslint-plugin-react-hooks@https://registry.npmjs.org/eslint-plugin-react-hooks/-/eslint-plugin-react-hooks-7.1.1.tgz. Extracting by manifest.
3132 silly tarball no local data for eslint-plugin-jsx-a11y@https://registry.npmjs.org/eslint-plugin-jsx-a11y/-/eslint-plugin-jsx-a11y-6.10.2.tgz. Extracting by manifest.
3133 silly tarball no local data for ms@https://registry.npmjs.org/ms/-/ms-2.1.3.tgz. Extracting by manifest.
3134 silly tarball no local data for @next/eslint-plugin-next@https://registry.npmjs.org/@next/eslint-plugin-next/-/eslint-plugin-next-16.3.2.tgz. Extracting by manifest.
3135 silly tarball no local data for eslint-import-resolver-typescript@https://registry.npmjs.org/eslint-import-resolver-typescript/-/eslint-import-resolver-typescript-3.10.1.tgz. Extracting by manifest.
3136 silly tarball no local data for shebang-command@https://registry.npmjs.org/shebang-command/-/shebang-command-2.0.0.tgz. Extracting by manifest.
3137 silly tarball no local data for path-key@https://registry.npmjs.org/path-key/-/path-key-3.1.1.tgz. Extracting by manifest.
3138 silly tarball no local data for which@https://registry.npmjs.org/which/-/which-2.0.2.tgz. Extracting by manifest.
3139 silly tarball no local data for eslint-import-resolver-node@https://registry.npmjs.org/eslint-import-resolver-node/-/eslint-import-resolver-node-0.3.10.tgz. Extracting by manifest.
3140 silly tarball no local data for uri-js@https://registry.npmjs.org/uri-js/-/uri-js-4.4.1.tgz. Extracting by manifest.
3141 silly tarball no local data for json-schema-traverse@https://registry.npmjs.org/json-schema-traverse/-/json-schema-traverse-0.4.1.tgz. Extracting by manifest.
3142 silly tarball no local data for @humanfs/types@https://registry.npmjs.org/@humanfs/types/-/types-0.15.0.tgz. Extracting by manifest.
3143 silly tarball no local data for fast-json-stable-stringify@https://registry.npmjs.org/fast-json-stable-stringify/-/fast-json-stable-stringify-2.1.0.tgz. Extracting by manifest.
3144 silly tarball no local data for @humanfs/core@https://registry.npmjs.org/@humanfs/core/-/core-0.19.2.tgz. Extracting by manifest.
3145 silly tarball no local data for optionator@https://registry.npmjs.org/optionator/-/optionator-0.9.4.tgz. Extracting by manifest.
3146 silly tarball no local data for natural-compare@https://registry.npmjs.org/natural-compare/-/natural-compare-1.4.0.tgz. Extracting by manifest.
3147 silly tarball no local data for json-stable-stringify-without-jsonify@https://registry.npmjs.org/json-stable-stringify-without-jsonify/-/json-stable-stringify-without-jsonify-1.0.1.tgz. Extracting by manifest.
3148 silly tarball no local data for imurmurhash@https://registry.npmjs.org/imurmurhash/-/imurmurhash-0.1.4.tgz. Extracting by manifest.
3149 silly tarball no local data for find-up@https://registry.npmjs.org/find-up/-/find-up-5.0.0.tgz. Extracting by manifest.
3150 silly tarball no local data for levn@https://registry.npmjs.org/levn/-/levn-0.4.1.tgz. Extracting by manifest.
3151 silly tarball no local data for is-glob@https://registry.npmjs.org/is-glob/-/is-glob-4.0.3.tgz. Extracting by manifest.
3152 silly tarball no local data for file-entry-cache@https://registry.npmjs.org/file-entry-cache/-/file-entry-cache-8.0.0.tgz. Extracting by manifest.
3153 silly tarball no local data for ignore@https://registry.npmjs.org/ignore/-/ignore-5.3.2.tgz. Extracting by manifest.
3154 silly tarball no local data for esquery@https://registry.npmjs.org/esquery/-/esquery-1.7.0.tgz. Extracting by manifest.
3155 silly tarball no local data for glob-parent@https://registry.npmjs.org/glob-parent/-/glob-parent-6.0.2.tgz. Extracting by manifest.
3156 silly tarball no local data for esutils@https://registry.npmjs.org/esutils/-/esutils-2.0.3.tgz. Extracting by manifest.
3157 silly tarball no local data for fast-deep-equal@https://registry.npmjs.org/fast-deep-equal/-/fast-deep-equal-3.1.3.tgz. Extracting by manifest.
3158 silly tarball no local data for cross-spawn@https://registry.npmjs.org/cross-spawn/-/cross-spawn-7.0.6.tgz. Extracting by manifest.
3159 silly tarball no local data for ajv@https://registry.npmjs.org/ajv/-/ajv-6.15.0.tgz. Extracting by manifest.
3160 silly tarball no local data for @humanwhocodes/retry@https://registry.npmjs.org/@humanwhocodes/retry/-/retry-0.4.3.tgz. Extracting by manifest.
3161 silly tarball no local data for debug@https://registry.npmjs.org/debug/-/debug-4.4.3.tgz. Extracting by manifest.
3162 silly tarball no local data for @humanfs/node@https://registry.npmjs.org/@humanfs/node/-/node-0.16.8.tgz. Extracting by manifest.
3163 silly tarball no local data for @eslint-community/regexpp@https://registry.npmjs.org/@eslint-community/regexpp/-/regexpp-4.12.2.tgz. Extracting by manifest.
3164 silly tarball no local data for @eslint-community/eslint-utils@https://registry.npmjs.org/@eslint-community/eslint-utils/-/eslint-utils-4.10.1.tgz. Extracting by manifest.
3165 silly tarball no local data for @humanwhocodes/module-importer@https://registry.npmjs.org/@humanwhocodes/module-importer/-/module-importer-1.0.1.tgz. Extracting by manifest.
3166 silly tarball no local data for escape-string-regexp@https://registry.npmjs.org/escape-string-regexp/-/escape-string-regexp-4.0.0.tgz. Extracting by manifest.
3167 silly tarball no local data for undici-types@https://registry.npmjs.org/undici-types/-/undici-types-8.3.0.tgz. Extracting by manifest.
3168 silly tarball no local data for csstype@https://registry.npmjs.org/csstype/-/csstype-3.2.3.tgz. Extracting by manifest.
3169 silly tarball no local data for react-dom@https://registry.npmjs.org/react-dom/-/react-dom-19.2.8.tgz. Extracting by manifest.
3170 silly tarball no local data for eslint-config-next@https://registry.npmjs.org/eslint-config-next/-/eslint-config-next-16.3.2.tgz. Extracting by manifest.
3171 silly tarball no local data for @types/react-dom@https://registry.npmjs.org/@types/react-dom/-/react-dom-19.2.4.tgz. Extracting by manifest.
3172 silly tarball no local data for lenis@https://registry.npmjs.org/lenis/-/lenis-1.3.26.tgz. Extracting by manifest.
3173 silly tarball no local data for next@https://registry.npmjs.org/next/-/next-16.3.2.tgz. Extracting by manifest.
3174 silly tarball no local data for @types/react@https://registry.npmjs.org/@types/react/-/react-19.2.18.tgz. Extracting by manifest.
3175 silly tarball no local data for @types/node@https://registry.npmjs.org/@types/node/-/node-26.2.0.tgz. Extracting by manifest.
3176 silly tarball no local data for react@https://registry.npmjs.org/react/-/react-19.2.8.tgz. Extracting by manifest.
3177 silly tarball no local data for gsap@https://registry.npmjs.org/gsap/-/gsap-3.15.0.tgz. Extracting by manifest.
3178 silly tarball no local data for @gsap/react@https://registry.npmjs.org/@gsap/react/-/react-2.1.2.tgz. Extracting by manifest.
3179 silly tarball no local data for balanced-match@https://registry.npmjs.org/balanced-match/-/balanced-match-4.0.4.tgz. Extracting by manifest.
3180 silly tarball no local data for eslint-visitor-keys@https://registry.npmjs.org/eslint-visitor-keys/-/eslint-visitor-keys-5.0.1.tgz. Extracting by manifest.
3181 silly tarball no local data for ignore@https://registry.npmjs.org/ignore/-/ignore-7.0.6.tgz. Extracting by manifest.
3182 silly tarball no local data for semver@https://registry.npmjs.org/semver/-/semver-7.8.5.tgz. Extracting by manifest.
3183 silly tarball no local data for brace-expansion@https://registry.npmjs.org/brace-expansion/-/brace-expansion-5.0.9.tgz. Extracting by manifest.
3184 silly tarball no local data for json5@https://registry.npmjs.org/json5/-/json5-1.0.2.tgz. Extracting by manifest.
3185 silly tarball no local data for semver@https://registry.npmjs.org/semver/-/semver-7.8.5.tgz. Extracting by manifest.
3186 silly tarball no local data for tailwindcss@https://registry.npmjs.org/tailwindcss/-/tailwindcss-4.3.3.tgz. Extracting by manifest.
3187 silly tarball no local data for minimatch@https://registry.npmjs.org/minimatch/-/minimatch-10.2.6.tgz. Extracting by manifest.
3188 silly tarball no local data for debug@https://registry.npmjs.org/debug/-/debug-3.2.7.tgz. Extracting by manifest.
3189 silly tarball no local data for picomatch@https://registry.npmjs.org/picomatch/-/picomatch-4.0.5.tgz. Extracting by manifest.
3190 silly tarball no local data for glob-parent@https://registry.npmjs.org/glob-parent/-/glob-parent-5.1.2.tgz. Extracting by manifest.
3191 silly tarball no local data for debug@https://registry.npmjs.org/debug/-/debug-3.2.7.tgz. Extracting by manifest.
3192 silly tarball no local data for semver@https://registry.npmjs.org/semver/-/semver-7.8.5.tgz. Extracting by manifest.
3193 silly tarball no local data for eslint-visitor-keys@https://registry.npmjs.org/eslint-visitor-keys/-/eslint-visitor-keys-3.4.3.tgz. Extracting by manifest.
3194 silly tarball no local data for debug@https://registry.npmjs.org/debug/-/debug-3.2.7.tgz. Extracting by manifest.
3195 silly tarball no local data for fdir@https://registry.npmjs.org/fdir/-/fdir-6.5.0.tgz. Extracting by manifest.
3196 silly tarball no local data for globals@https://registry.npmjs.org/globals/-/globals-14.0.0.tgz. Extracting by manifest.
3197 silly tarball no local data for @eslint-community/eslint-utils@https://registry.npmjs.org/@eslint-community/eslint-utils/-/eslint-utils-4.9.1.tgz. Extracting by manifest.
3198 silly tarball no local data for eslint-visitor-keys@https://registry.npmjs.org/eslint-visitor-keys/-/eslint-visitor-keys-3.4.3.tgz. Extracting by manifest.
3199 http fetch GET 200 https://registry.npmjs.org/is-map/-/is-map-2.0.3.tgz 79ms (cache miss)
3200 http fetch GET 200 https://registry.npmjs.org/async-function/-/async-function-1.0.0.tgz 79ms (cache miss)
3201 http fetch GET 200 https://registry.npmjs.org/is-weakmap/-/is-weakmap-2.0.2.tgz 80ms (cache miss)
3202 http fetch GET 200 https://registry.npmjs.org/is-async-function/-/is-async-function-2.1.1.tgz 79ms (cache miss)
3203 http fetch GET 200 https://registry.npmjs.org/is-weakset/-/is-weakset-2.0.4.tgz 80ms (cache miss)
3204 http fetch GET 200 https://registry.npmjs.org/is-generator-function/-/is-generator-function-1.1.2.tgz 81ms (cache miss)
3205 http fetch GET 200 https://registry.npmjs.org/is-number-object/-/is-number-object-1.1.1.tgz 80ms (cache miss)
3206 http fetch GET 200 https://registry.npmjs.org/which-collection/-/which-collection-1.0.2.tgz 81ms (cache miss)
3207 http fetch GET 200 https://registry.npmjs.org/punycode/-/punycode-2.3.1.tgz 106ms (cache miss)
3208 http fetch GET 200 https://registry.npmjs.org/which-boxed-primitive/-/which-boxed-primitive-1.1.1.tgz 109ms (cache miss)
3209 http fetch GET 200 https://registry.npmjs.org/napi-postinstall/-/napi-postinstall-0.3.4.tgz 111ms (cache miss)
3210 http fetch GET 200 https://registry.npmjs.org/has-bigints/-/has-bigints-1.1.0.tgz 122ms (cache miss)
3211 http fetch GET 200 https://registry.npmjs.org/@typescript-eslint/tsconfig-utils/-/tsconfig-utils-8.67.0.tgz 122ms (cache miss)
3212 http fetch GET 200 https://registry.npmjs.org/generator-function/-/generator-function-2.0.1.tgz 139ms (cache miss)
3213 http fetch GET 200 https://registry.npmjs.org/isexe/-/isexe-2.0.0.tgz 144ms (cache miss)
3214 http fetch GET 200 https://registry.npmjs.org/escalade/-/escalade-3.2.0.tgz 144ms (cache miss)
3215 http fetch GET 200 https://registry.npmjs.org/@typescript-eslint/visitor-keys/-/visitor-keys-8.67.0.tgz 154ms (cache miss)
3216 http fetch GET 200 https://registry.npmjs.org/is-bigint/-/is-bigint-1.1.0.tgz 155ms (cache miss)
3217 http fetch GET 200 https://registry.npmjs.org/is-finalizationregistry/-/is-finalizationregistry-1.1.1.tgz 158ms (cache miss)
3218 http fetch GET 200 https://registry.npmjs.org/@typescript-eslint/types/-/types-8.67.0.tgz 159ms (cache miss)
3219 http fetch GET 200 https://registry.npmjs.org/is-boolean-object/-/is-boolean-object-1.2.2.tgz 167ms (cache miss)
3220 http fetch GET 200 https://registry.npmjs.org/@typescript-eslint/type-utils/-/type-utils-8.67.0.tgz 166ms (cache miss)
3221 http fetch GET 200 https://registry.npmjs.org/@typescript-eslint/utils/-/utils-8.67.0.tgz 171ms (cache miss)
3222 http fetch GET 200 https://registry.npmjs.org/ts-api-utils/-/ts-api-utils-2.5.0.tgz 176ms (cache miss)
3223 http fetch GET 200 https://registry.npmjs.org/@typescript-eslint/parser/-/parser-8.67.0.tgz 186ms (cache miss)
3224 http fetch GET 200 https://registry.npmjs.org/for-each/-/for-each-0.3.5.tgz 192ms (cache miss)
3225 http fetch GET 200 https://registry.npmjs.org/strip-bom/-/strip-bom-3.0.0.tgz 194ms (cache miss)
3226 http fetch GET 200 https://registry.npmjs.org/reflect.getprototypeof/-/reflect.getprototypeof-1.0.10.tgz 197ms (cache miss)
3227 http fetch GET 200 https://registry.npmjs.org/minimist/-/minimist-1.2.8.tgz 198ms (cache miss)
3228 http fetch GET 200 https://registry.npmjs.org/has-flag/-/has-flag-4.0.0.tgz 199ms (cache miss)
3229 http fetch GET 200 https://registry.npmjs.org/@typescript-eslint/project-service/-/project-service-8.67.0.tgz 203ms (cache miss)
3230 http fetch GET 200 https://registry.npmjs.org/client-only/-/client-only-0.0.1.tgz 207ms (cache miss)
3231 http fetch GET 200 https://registry.npmjs.org/which-builtin-type/-/which-builtin-type-1.2.1.tgz 211ms (cache miss)
3232 http fetch GET 200 https://registry.npmjs.org/@types/json5/-/json5-0.0.29.tgz 211ms (cache miss)
3233 http fetch GET 200 https://registry.npmjs.org/is-number/-/is-number-7.0.0.tgz 219ms (cache miss)
3234 http fetch GET 200 https://registry.npmjs.org/@typescript-eslint/typescript-estree/-/typescript-estree-8.67.0.tgz 223ms (cache miss)
3235 http fetch GET 200 https://registry.npmjs.org/side-channel-weakmap/-/side-channel-weakmap-1.0.2.tgz 226ms (cache miss)
3236 http fetch GET 200 https://registry.npmjs.org/shebang-regex/-/shebang-regex-3.0.0.tgz 226ms (cache miss)
3237 http fetch GET 200 https://registry.npmjs.org/side-channel-list/-/side-channel-list-1.0.1.tgz 234ms (cache miss)
3238 http fetch GET 200 https://registry.npmjs.org/detect-libc/-/detect-libc-2.1.2.tgz 234ms (cache miss)
3239 http fetch GET 200 https://registry.npmjs.org/queue-microtask/-/queue-microtask-1.2.3.tgz 272ms (cache miss)
3240 http fetch GET 200 https://registry.npmjs.org/scheduler/-/scheduler-0.27.0.tgz 293ms (cache miss)
3241 http fetch GET 200 https://registry.npmjs.org/loose-envify/-/loose-envify-1.4.0.tgz 293ms (cache miss)
3242 http fetch GET 200 https://registry.npmjs.org/object-assign/-/object-assign-4.1.1.tgz 306ms (cache miss)
3243 http fetch GET 200 https://registry.npmjs.org/@typescript-eslint/scope-manager/-/scope-manager-8.67.0.tgz 317ms (cache miss)
3244 http fetch GET 200 https://registry.npmjs.org/node-exports-info/-/node-exports-info-1.6.2.tgz 322ms (cache miss)
3245 http fetch GET 200 https://registry.npmjs.org/yocto-queue/-/yocto-queue-0.1.0.tgz 393ms (cache miss)
3246 http fetch GET 200 https://registry.npmjs.org/source-map-js/-/source-map-js-1.2.1.tgz 446ms (cache miss)
3247 http fetch GET 200 https://registry.npmjs.org/@typescript-eslint/eslint-plugin/-/eslint-plugin-8.67.0.tgz 457ms (cache miss)
3248 http fetch GET 200 https://registry.npmjs.org/deep-is/-/deep-is-0.1.4.tgz 474ms (cache miss)
3249 http fetch POST 200 https://registry.npmjs.org/-/npm/v1/security/advisories/bulk 549ms
3250 silly audit report {}
3251 http fetch GET 200 https://registry.npmjs.org/path-parse/-/path-parse-1.0.7.tgz 546ms (cache miss)
3252 http fetch GET 200 https://registry.npmjs.org/side-channel-map/-/side-channel-map-1.0.1.tgz 550ms (cache miss)
3253 http fetch GET 200 https://registry.npmjs.org/@next/env/-/env-16.3.2.tgz 610ms (cache miss)
3254 http fetch GET 200 https://registry.npmjs.org/@img/sharp-darwin-arm64/-/sharp-darwin-arm64-0.35.3.tgz 618ms (cache miss)
3255 http fetch GET 200 https://registry.npmjs.org/@unrs/resolver-binding-darwin-arm64/-/resolver-binding-darwin-arm64-1.12.2.tgz 626ms (cache miss)
3256 http fetch GET 200 https://registry.npmjs.org/p-limit/-/p-limit-3.1.0.tgz 628ms (cache miss)
3257 http fetch GET 200 https://registry.npmjs.org/postcss/-/postcss-8.5.23.tgz 635ms (cache miss)
3258 http fetch GET 200 https://registry.npmjs.org/fast-levenshtein/-/fast-levenshtein-2.0.6.tgz 635ms (cache miss)
3259 http fetch GET 200 https://registry.npmjs.org/supports-preserve-symlinks-flag/-/supports-preserve-symlinks-flag-1.0.0.tgz 649ms (cache miss)
3260 http fetch GET 200 https://registry.npmjs.org/balanced-match/-/balanced-match-1.0.2.tgz 656ms (cache miss)
3261 http fetch GET 200 https://registry.npmjs.org/fill-range/-/fill-range-7.1.1.tgz 665ms (cache miss)
3262 http fetch GET 200 https://registry.npmjs.org/brace-expansion/-/brace-expansion-1.1.18.tgz 703ms (cache miss)
3263 http fetch GET 200 https://registry.npmjs.org/callsites/-/callsites-3.1.0.tgz 726ms (cache miss)
3264 http fetch GET 200 https://registry.npmjs.org/to-regex-range/-/to-regex-range-5.0.1.tgz 731ms (cache miss)
3265 http fetch GET 200 https://registry.npmjs.org/concat-map/-/concat-map-0.0.1.tgz 733ms (cache miss)
3266 http fetch GET 200 https://registry.npmjs.org/@img/colour/-/colour-1.1.0.tgz 758ms (cache miss)
3267 http fetch GET 200 https://registry.npmjs.org/styled-jsx/-/styled-jsx-5.1.6.tgz 759ms (cache miss)
3268 http fetch GET 200 https://registry.npmjs.org/braces/-/braces-3.0.3.tgz 763ms (cache miss)
3269 http fetch GET 200 https://registry.npmjs.org/react-is/-/react-is-16.13.1.tgz 795ms (cache miss)
3270 http fetch GET 200 https://registry.npmjs.org/picomatch/-/picomatch-2.3.2.tgz 821ms (cache miss)
3271 http fetch GET 200 https://registry.npmjs.org/yallist/-/yallist-3.1.1.tgz 842ms (cache miss)
3272 http fetch GET 200 https://registry.npmjs.org/p-locate/-/p-locate-5.0.0.tgz 876ms (cache miss)
3273 http fetch GET 200 https://registry.npmjs.org/set-function-name/-/set-function-name-2.0.2.tgz 886ms (cache miss)
3274 http fetch GET 200 https://registry.npmjs.org/word-wrap/-/word-wrap-1.2.5.tgz 891ms (cache miss)
3275 http fetch GET 200 https://registry.npmjs.org/json-buffer/-/json-buffer-3.0.1.tgz 898ms (cache miss)
3276 http fetch GET 200 https://registry.npmjs.org/language-subtag-registry/-/language-subtag-registry-0.3.23.tgz 914ms (cache miss)
3277 http fetch GET 200 https://registry.npmjs.org/is-extglob/-/is-extglob-2.1.1.tgz 922ms (cache miss)
3278 http fetch GET 200 https://registry.npmjs.org/resolve-from/-/resolve-from-4.0.0.tgz 923ms (cache miss)
3279 http fetch GET 200 https://registry.npmjs.org/side-channel/-/side-channel-1.1.1.tgz 938ms (cache miss)
3280 http fetch GET 200 https://registry.npmjs.org/parent-module/-/parent-module-1.0.1.tgz 961ms (cache miss)
3281 http fetch GET 200 https://registry.npmjs.org/isarray/-/isarray-2.0.5.tgz 974ms (cache miss)
3282 http fetch GET 200 https://registry.npmjs.org/dunder-proto/-/dunder-proto-1.0.1.tgz 972ms (cache miss)
3283 http fetch GET 200 https://registry.npmjs.org/hermes-estree/-/hermes-estree-0.25.1.tgz 975ms (cache miss)
3284 http fetch GET 200 https://registry.npmjs.org/resolve-pkg-maps/-/resolve-pkg-maps-1.0.0.tgz 980ms (cache miss)
3285 http fetch GET 200 https://registry.npmjs.org/is-document.all/-/is-document.all-1.0.0.tgz 996ms (cache miss)
3286 http fetch GET 200 https://registry.npmjs.org/keyv/-/keyv-4.5.4.tgz 1006ms (cache miss)
3287 http fetch GET 200 https://registry.npmjs.org/path-exists/-/path-exists-4.0.0.tgz 1009ms (cache miss)
3288 http fetch GET 200 https://registry.npmjs.org/flat-cache/-/flat-cache-4.0.1.tgz 1009ms (cache miss)
3289 http fetch GET 200 https://registry.npmjs.org/functions-have-names/-/functions-have-names-1.2.3.tgz 1009ms (cache miss)
3290 http fetch GET 200 https://registry.npmjs.org/nanoid/-/nanoid-3.3.18.tgz 1032ms (cache miss)
3291 http fetch GET 200 https://registry.npmjs.org/sharp/-/sharp-0.35.3.tgz 1033ms (cache miss)
3292 http fetch GET 200 https://registry.npmjs.org/fastq/-/fastq-1.20.1.tgz 1032ms (cache miss)
3293 http fetch GET 200 https://registry.npmjs.org/type-check/-/type-check-0.4.0.tgz 1037ms (cache miss)
3294 http fetch GET 200 https://registry.npmjs.org/flatted/-/flatted-3.4.4.tgz 1037ms (cache miss)
3295 http fetch GET 200 https://registry.npmjs.org/reusify/-/reusify-1.1.0.tgz 1038ms (cache miss)
3296 http fetch GET 200 https://registry.npmjs.org/run-parallel/-/run-parallel-1.2.0.tgz 1038ms (cache miss)
3297 http fetch GET 200 https://registry.npmjs.org/argparse/-/argparse-2.0.1.tgz 1044ms (cache miss)
3298 http fetch GET 200 https://registry.npmjs.org/merge2/-/merge2-1.4.1.tgz 1042ms (cache miss)
3299 http fetch GET 200 https://registry.npmjs.org/@nodelib/fs.scandir/-/fs.scandir-2.1.5.tgz 1049ms (cache miss)
3300 http fetch GET 200 https://registry.npmjs.org/prelude-ls/-/prelude-ls-1.2.1.tgz 1055ms (cache miss)
3301 http fetch GET 200 https://registry.npmjs.org/update-browserslist-db/-/update-browserslist-db-1.3.1.tgz 1064ms (cache miss)
3302 http fetch GET 200 https://registry.npmjs.org/locate-path/-/locate-path-6.0.0.tgz 1068ms (cache miss)
3303 http fetch GET 200 https://registry.npmjs.org/esrecurse/-/esrecurse-4.3.0.tgz 1073ms (cache miss)
3304 http fetch GET 200 https://registry.npmjs.org/acorn-jsx/-/acorn-jsx-5.3.2.tgz 1073ms (cache miss)
3305 http fetch GET 200 https://registry.npmjs.org/@swc/helpers/-/helpers-0.5.23.tgz 1081ms (cache miss)
3306 http fetch GET 200 https://registry.npmjs.org/@nodelib/fs.walk/-/fs.walk-1.2.8.tgz 1080ms (cache miss)
3307 http fetch GET 200 https://registry.npmjs.org/micromatch/-/micromatch-4.0.8.tgz 1080ms (cache miss)
3308 http fetch GET 200 https://registry.npmjs.org/node-releases/-/node-releases-2.0.53.tgz 1156ms (cache miss)
3309 http fetch GET 200 https://registry.npmjs.org/browserslist/-/browserslist-4.28.8.tgz 1172ms (cache miss)
3310 http fetch GET 200 https://registry.npmjs.org/@babel/compat-data/-/compat-data-7.29.7.tgz 1173ms (cache miss)
3311 http fetch GET 200 https://registry.npmjs.org/tslib/-/tslib-2.8.1.tgz 1289ms (cache miss)
3312 http fetch GET 200 https://registry.npmjs.org/baseline-browser-mapping/-/baseline-browser-mapping-2.11.18.tgz 1296ms (cache miss)
3313 http fetch GET 200 https://registry.npmjs.org/jsesc/-/jsesc-3.1.0.tgz 1300ms (cache miss)
3314 http fetch GET 200 https://registry.npmjs.org/js-tokens/-/js-tokens-4.0.0.tgz 1322ms (cache miss)
3315 http fetch GET 200 https://registry.npmjs.org/picocolors/-/picocolors-1.1.1.tgz 1330ms (cache miss)
3316 http fetch GET 200 https://registry.npmjs.org/@babel/helper-string-parser/-/helper-string-parser-7.29.7.tgz 1372ms (cache miss)
3317 http fetch GET 200 https://registry.npmjs.org/@babel/helper-globals/-/helper-globals-7.29.7.tgz 1381ms (cache miss)
3318 http fetch GET 200 https://registry.npmjs.org/lru-cache/-/lru-cache-5.1.1.tgz 1388ms (cache miss)
3319 http fetch GET 200 https://registry.npmjs.org/@jridgewell/remapping/-/remapping-2.3.5.tgz 1458ms (cache miss)
3320 http fetch GET 200 https://registry.npmjs.org/acorn/-/acorn-8.18.0.tgz 1478ms (cache miss)
3321 http fetch GET 200 https://registry.npmjs.org/caniuse-lite/-/caniuse-lite-1.0.30001809.tgz 1554ms (cache miss)
3322 http fetch GET 200 https://registry.npmjs.org/@nodelib/fs.stat/-/fs.stat-2.0.5.tgz 1598ms (cache miss)
3323 http fetch GET 200 https://registry.npmjs.org/@babel/helper-validator-option/-/helper-validator-option-7.29.7.tgz 1629ms (cache miss)
3324 http fetch GET 200 https://registry.npmjs.org/json5/-/json5-2.2.3.tgz 1665ms (cache miss)
3325 http fetch GET 200 https://registry.npmjs.org/@jridgewell/gen-mapping/-/gen-mapping-0.3.13.tgz 1666ms (cache miss)
3326 http fetch GET 200 https://registry.npmjs.org/@jridgewell/sourcemap-codec/-/sourcemap-codec-1.5.5.tgz 1674ms (cache miss)
3327 http fetch GET 200 https://registry.npmjs.org/electron-to-chromium/-/electron-to-chromium-1.5.412.tgz 1682ms (cache miss)
3328 http fetch GET 200 https://registry.npmjs.org/convert-source-map/-/convert-source-map-2.0.0.tgz 1723ms (cache miss)
3329 http fetch GET 200 https://registry.npmjs.org/gensync/-/gensync-1.0.0-beta.2.tgz 1756ms (cache miss)
3330 http fetch GET 200 https://registry.npmjs.org/@babel/helper-module-imports/-/helper-module-imports-7.29.7.tgz 1815ms (cache miss)
3331 http fetch GET 200 https://registry.npmjs.org/zod-validation-error/-/zod-validation-error-4.0.2.tgz 1833ms (cache miss)
3332 http fetch GET 200 https://registry.npmjs.org/@babel/generator/-/generator-7.29.8.tgz 2002ms (cache miss)
3333 http fetch GET 200 https://registry.npmjs.org/@babel/template/-/template-7.29.7.tgz 2038ms (cache miss)
3334 http fetch GET 200 https://registry.npmjs.org/@jridgewell/resolve-uri/-/resolve-uri-3.1.2.tgz 2064ms (cache miss)
3335 http fetch GET 200 https://registry.npmjs.org/string.prototype.repeat/-/string.prototype.repeat-1.0.0.tgz 2129ms (cache miss)
3336 http fetch GET 200 https://registry.npmjs.org/@babel/types/-/types-7.29.8.tgz 2350ms (cache miss)
3337 http fetch GET 200 https://registry.npmjs.org/@babel/core/-/core-7.29.7.tgz 2387ms (cache miss)
3338 http fetch GET 200 https://registry.npmjs.org/estraverse/-/estraverse-5.3.0.tgz 2431ms (cache miss)
3339 http fetch GET 200 https://registry.npmjs.org/@babel/code-frame/-/code-frame-7.29.7.tgz 2451ms (cache miss)
3340 http fetch GET 200 https://registry.npmjs.org/@babel/helper-module-transforms/-/helper-module-transforms-7.29.7.tgz 2453ms (cache miss)
3341 http fetch GET 200 https://registry.npmjs.org/@babel/helpers/-/helpers-7.29.7.tgz 2461ms (cache miss)
3342 http fetch GET 200 https://registry.npmjs.org/array.prototype.tosorted/-/array.prototype.tosorted-1.1.4.tgz 2507ms (cache miss)
3343 http fetch GET 200 https://registry.npmjs.org/array.prototype.findlast/-/array.prototype.findlast-1.2.5.tgz 2529ms (cache miss)
3344 http fetch GET 200 https://registry.npmjs.org/string.prototype.includes/-/string.prototype.includes-2.0.1.tgz 2548ms (cache miss)
3345 http fetch GET 200 https://registry.npmjs.org/prop-types/-/prop-types-15.8.1.tgz 2562ms (cache miss)
3346 http fetch GET 200 https://registry.npmjs.org/iterator.prototype/-/iterator.prototype-1.1.5.tgz 2612ms (cache miss)
3347 http fetch GET 200 https://registry.npmjs.org/jsx-ast-utils/-/jsx-ast-utils-3.3.5.tgz 2640ms (cache miss)
3348 http fetch GET 200 https://registry.npmjs.org/emoji-regex/-/emoji-regex-9.2.2.tgz 2699ms (cache miss)
3349 http fetch GET 200 https://registry.npmjs.org/object.entries/-/object.entries-1.1.9.tgz 2721ms (cache miss)
3350 http fetch GET 200 https://registry.npmjs.org/axobject-query/-/axobject-query-4.1.0.tgz 2727ms (cache miss)
3351 http fetch GET 200 https://registry.npmjs.org/@babel/helper-compilation-targets/-/helper-compilation-targets-7.29.7.tgz 2756ms (cache miss)
3352 http fetch GET 200 https://registry.npmjs.org/string.prototype.matchall/-/string.prototype.matchall-4.0.12.tgz 2764ms (cache miss)
3353 http fetch GET 200 https://registry.npmjs.org/language-tags/-/language-tags-1.0.9.tgz 2777ms (cache miss)
3354 http fetch GET 200 https://registry.npmjs.org/is-date-object/-/is-date-object-1.1.0.tgz 2852ms (cache miss)
3355 http fetch GET 200 https://registry.npmjs.org/is-symbol/-/is-symbol-1.1.1.tgz 2915ms (cache miss)
3356 http fetch GET 200 https://registry.npmjs.org/possible-typed-array-names/-/possible-typed-array-names-1.1.0.tgz 2921ms (cache miss)
3357 http fetch GET 200 https://registry.npmjs.org/zod/-/zod-4.4.3.tgz 2931ms (cache miss)
3358 http fetch GET 200 https://registry.npmjs.org/which-typed-array/-/which-typed-array-1.1.22.tgz 2968ms (cache miss)
3359 http fetch GET 200 https://registry.npmjs.org/@jridgewell/trace-mapping/-/trace-mapping-0.3.31.tgz 2997ms (cache miss)
3360 http fetch GET 200 https://registry.npmjs.org/typed-array-byte-length/-/typed-array-byte-length-1.0.3.tgz 3000ms (cache miss)
3361 http fetch GET 200 https://registry.npmjs.org/typed-array-length/-/typed-array-length-1.0.8.tgz 3008ms (cache miss)
3362 http fetch GET 200 https://registry.npmjs.org/ast-types-flow/-/ast-types-flow-0.0.8.tgz 3010ms (cache miss)
3363 http fetch GET 200 https://registry.npmjs.org/typed-array-byte-offset/-/typed-array-byte-offset-1.0.4.tgz 3031ms (cache miss)
3364 http fetch GET 200 https://registry.npmjs.org/es-abstract-get/-/es-abstract-get-1.0.0.tgz 3033ms (cache miss)
3365 http fetch GET 200 https://registry.npmjs.org/has-tostringtag/-/has-tostringtag-1.0.2.tgz 3050ms (cache miss)
3366 http fetch GET 200 https://registry.npmjs.org/unbox-primitive/-/unbox-primitive-1.1.0.tgz 3066ms (cache miss)
3367 http fetch GET 200 https://registry.npmjs.org/set-proto/-/set-proto-1.0.0.tgz 3086ms (cache miss)
3368 http fetch GET 200 https://registry.npmjs.org/aria-query/-/aria-query-5.3.2.tgz 3090ms (cache miss)
3369 http fetch GET 200 https://registry.npmjs.org/es-iterator-helpers/-/es-iterator-helpers-1.4.0.tgz 3121ms (cache miss)
3370 http fetch GET 200 https://registry.npmjs.org/typed-array-buffer/-/typed-array-buffer-1.0.3.tgz 3126ms (cache miss)
3371 http fetch GET 200 https://registry.npmjs.org/safe-array-concat/-/safe-array-concat-1.1.4.tgz 3134ms (cache miss)
3372 http fetch GET 200 https://registry.npmjs.org/safe-regex-test/-/safe-regex-test-1.1.0.tgz 3160ms (cache miss)
3373 http fetch GET 200 https://registry.npmjs.org/stop-iteration-iterator/-/stop-iteration-iterator-1.1.0.tgz 3161ms (cache miss)
3374 http fetch GET 200 https://registry.npmjs.org/regexp.prototype.flags/-/regexp.prototype.flags-1.5.4.tgz 3182ms (cache miss)
3375 http fetch GET 200 https://registry.npmjs.org/own-keys/-/own-keys-1.0.2.tgz 3188ms (cache miss)
3376 http fetch GET 200 https://registry.npmjs.org/object.assign/-/object.assign-4.1.7.tgz 3242ms (cache miss)
3377 http fetch GET 200 https://registry.npmjs.org/is-regex/-/is-regex-1.2.1.tgz 3250ms (cache miss)
3378 http fetch GET 200 https://registry.npmjs.org/object-inspect/-/object-inspect-1.13.4.tgz 3251ms (cache miss)
3379 http fetch GET 200 https://registry.npmjs.org/@babel/helper-validator-identifier/-/helper-validator-identifier-7.29.7.tgz 3256ms (cache miss)
3380 http fetch GET 200 https://registry.npmjs.org/is-data-view/-/is-data-view-1.0.2.tgz 3281ms (cache miss)
3381 http fetch GET 200 https://registry.npmjs.org/is-weakref/-/is-weakref-1.1.1.tgz 3299ms (cache miss)
3382 http fetch GET 200 https://registry.npmjs.org/is-typed-array/-/is-typed-array-1.1.15.tgz 3305ms (cache miss)
3383 http fetch GET 200 https://registry.npmjs.org/is-negative-zero/-/is-negative-zero-2.0.3.tgz 3305ms (cache miss)
3384 http fetch GET 200 https://registry.npmjs.org/damerau-levenshtein/-/damerau-levenshtein-1.0.8.tgz 3308ms (cache miss)
3385 http fetch GET 200 https://registry.npmjs.org/is-set/-/is-set-2.0.3.tgz 3323ms (cache miss)
3386 http fetch GET 200 https://registry.npmjs.org/string.prototype.trimstart/-/string.prototype.trimstart-1.0.8.tgz 3327ms (cache miss)
3387 http fetch GET 200 https://registry.npmjs.org/is-array-buffer/-/is-array-buffer-3.0.5.tgz 3349ms (cache miss)
3388 http fetch GET 200 https://registry.npmjs.org/has-proto/-/has-proto-1.2.0.tgz 3350ms (cache miss)
3389 http fetch GET 200 https://registry.npmjs.org/safe-push-apply/-/safe-push-apply-1.0.0.tgz 3364ms (cache miss)
3390 http fetch GET 200 https://registry.npmjs.org/internal-slot/-/internal-slot-1.1.0.tgz 3365ms (cache miss)
3391 http fetch GET 200 https://registry.npmjs.org/get-symbol-description/-/get-symbol-description-1.1.0.tgz 3365ms (cache miss)
3392 http fetch GET 200 https://registry.npmjs.org/globalthis/-/globalthis-1.0.4.tgz 3366ms (cache miss)
3393 http fetch GET 200 https://registry.npmjs.org/@babel/parser/-/parser-7.29.8.tgz 3395ms (cache miss)
3394 http fetch GET 200 https://registry.npmjs.org/has-symbols/-/has-symbols-1.1.0.tgz 3435ms (cache miss)
3395 http fetch GET 200 https://registry.npmjs.org/is-callable/-/is-callable-1.2.7.tgz 3440ms (cache miss)
3396 http fetch GET 200 https://registry.npmjs.org/data-view-buffer/-/data-view-buffer-1.0.2.tgz 3441ms (cache miss)
3397 http fetch GET 200 https://registry.npmjs.org/data-view-byte-length/-/data-view-byte-length-1.0.2.tgz 3446ms (cache miss)
3398 http fetch GET 200 https://registry.npmjs.org/es-to-primitive/-/es-to-primitive-1.3.4.tgz 3455ms (cache miss)
3399 http fetch GET 200 https://registry.npmjs.org/function.prototype.name/-/function.prototype.name-1.2.0.tgz 3465ms (cache miss)
3400 http fetch GET 200 https://registry.npmjs.org/get-proto/-/get-proto-1.0.1.tgz 3472ms (cache miss)
3401 http fetch GET 200 https://registry.npmjs.org/object-keys/-/object-keys-1.1.1.tgz 3484ms (cache miss)
3402 http fetch GET 200 https://registry.npmjs.org/arraybuffer.prototype.slice/-/arraybuffer.prototype.slice-1.0.4.tgz 3505ms (cache miss)
3403 http fetch GET 200 https://registry.npmjs.org/available-typed-arrays/-/available-typed-arrays-1.0.7.tgz 3539ms (cache miss)
3404 http fetch GET 200 https://registry.npmjs.org/has-property-descriptors/-/has-property-descriptors-1.0.2.tgz 3565ms (cache miss)
3405 http fetch GET 200 https://registry.npmjs.org/define-data-property/-/define-data-property-1.1.4.tgz 3576ms (cache miss)
3406 http fetch GET 200 https://registry.npmjs.org/set-function-length/-/set-function-length-1.2.2.tgz 3582ms (cache miss)
3407 http fetch GET 200 https://registry.npmjs.org/es-shim-unscopables/-/es-shim-unscopables-1.1.0.tgz 3606ms (cache miss)
3408 http fetch GET 200 https://registry.npmjs.org/es-errors/-/es-errors-1.3.0.tgz 3638ms (cache miss)
3409 http fetch GET 200 https://registry.npmjs.org/data-view-byte-offset/-/data-view-byte-offset-1.0.1.tgz 3657ms (cache miss)
3410 http fetch GET 200 https://registry.npmjs.org/get-intrinsic/-/get-intrinsic-1.3.0.tgz 3681ms (cache miss)
3411 http fetch GET 200 https://registry.npmjs.org/es-define-property/-/es-define-property-1.0.1.tgz 3690ms (cache miss)
3412 http fetch GET 200 https://registry.npmjs.org/es-object-atoms/-/es-object-atoms-1.1.2.tgz 3709ms (cache miss)
3413 http fetch GET 200 https://registry.npmjs.org/gopd/-/gopd-1.2.0.tgz 3744ms (cache miss)
3414 http fetch GET 200 https://registry.npmjs.org/call-bind-apply-helpers/-/call-bind-apply-helpers-1.0.2.tgz 3765ms (cache miss)
3415 http fetch GET 200 https://registry.npmjs.org/es-set-tostringtag/-/es-set-tostringtag-2.1.0.tgz 3789ms (cache miss)
3416 http fetch GET 200 https://registry.npmjs.org/function-bind/-/function-bind-1.1.2.tgz 3790ms (cache miss)
3417 http fetch GET 200 https://registry.npmjs.org/string.prototype.trim/-/string.prototype.trim-1.2.11.tgz 3800ms (cache miss)
3418 http fetch GET 200 https://registry.npmjs.org/math-intrinsics/-/math-intrinsics-1.1.0.tgz 3864ms (cache miss)
3419 http fetch GET 200 https://registry.npmjs.org/call-bound/-/call-bound-1.0.4.tgz 4059ms (cache miss)
3420 http fetch GET 200 https://registry.npmjs.org/is-shared-array-buffer/-/is-shared-array-buffer-1.0.4.tgz 4118ms (cache miss)
3421 http fetch GET 200 https://registry.npmjs.org/semver/-/semver-6.3.1.tgz 4131ms (cache miss)
3422 http fetch GET 200 https://registry.npmjs.org/call-bind/-/call-bind-1.0.9.tgz 4143ms (cache miss)
3423 http fetch GET 200 https://registry.npmjs.org/array-buffer-byte-length/-/array-buffer-byte-length-1.0.2.tgz 4150ms (cache miss)
3424 http fetch GET 200 https://registry.npmjs.org/object.groupby/-/object.groupby-1.0.3.tgz 4172ms (cache miss)
3425 http fetch GET 200 https://registry.npmjs.org/doctrine/-/doctrine-2.1.0.tgz 4221ms (cache miss)
3426 http fetch GET 200 https://registry.npmjs.org/eslint-module-utils/-/eslint-module-utils-2.14.0.tgz 4223ms (cache miss)
3427 http fetch GET 200 https://registry.npmjs.org/hasown/-/hasown-2.0.4.tgz 4223ms (cache miss)
3428 http fetch GET 200 https://registry.npmjs.org/array.prototype.flatmap/-/array.prototype.flatmap-1.3.3.tgz 4245ms (cache miss)
3429 http fetch GET 200 https://registry.npmjs.org/define-properties/-/define-properties-1.2.1.tgz 4284ms (cache miss)
3430 http fetch GET 200 https://registry.npmjs.org/array.prototype.findlastindex/-/array.prototype.findlastindex-1.2.6.tgz 4289ms (cache miss)
3431 http fetch GET 200 https://registry.npmjs.org/tsconfig-paths/-/tsconfig-paths-3.15.0.tgz 4301ms (cache miss)
3432 http fetch GET 200 https://registry.npmjs.org/hermes-parser/-/hermes-parser-0.25.1.tgz 4316ms (cache miss)
3433 http fetch GET 200 https://registry.npmjs.org/string.prototype.trimend/-/string.prototype.trimend-1.0.10.tgz 4339ms (cache miss)
3434 http fetch GET 200 https://registry.npmjs.org/stable-hash/-/stable-hash-0.0.5.tgz 4338ms (cache miss)
3435 http fetch GET 200 https://registry.npmjs.org/tinyglobby/-/tinyglobby-0.2.17.tgz 4343ms (cache miss)
3436 http fetch GET 200 https://registry.npmjs.org/@rtsao/scc/-/scc-1.1.0.tgz 4347ms (cache miss)
3437 http fetch GET 200 https://registry.npmjs.org/unrs-resolver/-/unrs-resolver-1.12.2.tgz 4356ms (cache miss)
3438 http fetch GET 200 https://registry.npmjs.org/array-includes/-/array-includes-3.1.9.tgz 4356ms (cache miss)
3439 http fetch GET 200 https://registry.npmjs.org/object.fromentries/-/object.fromentries-2.0.8.tgz 4411ms (cache miss)
3440 http fetch GET 200 https://registry.npmjs.org/array.prototype.flat/-/array.prototype.flat-1.3.3.tgz 4409ms (cache miss)
3441 http fetch GET 200 https://registry.npmjs.org/is-bun-module/-/is-bun-module-2.0.0.tgz 4414ms (cache miss)
3442 http fetch GET 200 https://registry.npmjs.org/supports-color/-/supports-color-7.2.0.tgz 4413ms (cache miss)
3443 http fetch GET 200 https://registry.npmjs.org/@babel/traverse/-/traverse-7.29.8.tgz 4429ms (cache miss)
3444 http fetch GET 200 https://registry.npmjs.org/color-convert/-/color-convert-2.0.1.tgz 4437ms (cache miss)
3445 http fetch GET 200 https://registry.npmjs.org/is-core-module/-/is-core-module-2.16.2.tgz 4444ms (cache miss)
3446 http fetch GET 200 https://registry.npmjs.org/import-fresh/-/import-fresh-3.3.1.tgz 4484ms (cache miss)
3447 http fetch GET 200 https://registry.npmjs.org/strip-json-comments/-/strip-json-comments-3.1.1.tgz 4498ms (cache miss)
3448 http fetch GET 200 https://registry.npmjs.org/ansi-styles/-/ansi-styles-4.3.0.tgz 4534ms (cache miss)
3449 http fetch GET 200 https://registry.npmjs.org/@eslint/object-schema/-/object-schema-2.1.7.tgz 4550ms (cache miss)
3450 http fetch GET 200 https://registry.npmjs.org/minimatch/-/minimatch-3.1.5.tgz 4604ms (cache miss)
3451 http fetch GET 200 https://registry.npmjs.org/color-name/-/color-name-1.1.4.tgz 4617ms (cache miss)
3452 http fetch GET 200 https://registry.npmjs.org/object.values/-/object.values-1.2.1.tgz 4630ms (cache miss)
3453 http fetch GET 200 https://registry.npmjs.org/resolve/-/resolve-2.0.0-next.7.tgz 4640ms (cache miss)
3454 http fetch GET 200 https://registry.npmjs.org/eslint-scope/-/eslint-scope-8.4.0.tgz 4668ms (cache miss)
3455 http fetch GET 200 https://registry.npmjs.org/chalk/-/chalk-4.1.2.tgz 4681ms (cache miss)
3456 http fetch GET 200 https://registry.npmjs.org/get-tsconfig/-/get-tsconfig-4.14.3.tgz 4699ms (cache miss)
3457 http fetch GET 200 https://registry.npmjs.org/eslint-visitor-keys/-/eslint-visitor-keys-4.2.1.tgz 4712ms (cache miss)
3458 http fetch GET 200 https://registry.npmjs.org/@eslint/js/-/js-9.39.5.tgz 4721ms (cache miss)
3459 http fetch GET 200 https://registry.npmjs.org/lodash.merge/-/lodash.merge-4.6.2.tgz 4725ms (cache miss)
3460 http fetch GET 200 https://registry.npmjs.org/es-abstract/-/es-abstract-1.24.2.tgz 4734ms (cache miss)
3461 http fetch GET 200 https://registry.npmjs.org/is-string/-/is-string-1.1.1.tgz 4752ms (cache miss)
3462 http fetch GET 200 https://registry.npmjs.org/typescript-eslint/-/typescript-eslint-8.67.0.tgz 4796ms (cache miss)
3463 http fetch GET 200 https://registry.npmjs.org/fast-glob/-/fast-glob-3.3.1.tgz 4868ms (cache miss)
3464 http fetch GET 200 https://registry.npmjs.org/espree/-/espree-10.4.0.tgz 4892ms (cache miss)
3465 http fetch GET 200 https://registry.npmjs.org/@types/json-schema/-/json-schema-7.0.15.tgz 4913ms (cache miss)
3466 http fetch GET 200 https://registry.npmjs.org/globals/-/globals-16.4.0.tgz 4916ms (cache miss)
3467 http fetch GET 200 https://registry.npmjs.org/@nolyfill/is-core-module/-/is-core-module-1.0.39.tgz 4922ms (cache miss)
3468 http fetch GET 200 https://registry.npmjs.org/@eslint/config-helpers/-/config-helpers-0.4.2.tgz 4922ms (cache miss)
3469 http fetch GET 200 https://registry.npmjs.org/@eslint/plugin-kit/-/plugin-kit-0.4.1.tgz 4985ms (cache miss)
3470 http fetch GET 200 https://registry.npmjs.org/ms/-/ms-2.1.3.tgz 5019ms (cache miss)
3471 http fetch GET 200 https://registry.npmjs.org/@types/estree/-/estree-1.0.9.tgz 5144ms (cache miss)
3472 http fetch GET 200 https://registry.npmjs.org/@eslint/config-array/-/config-array-0.21.2.tgz 5208ms (cache miss)
3473 http fetch GET 200 https://registry.npmjs.org/@eslint/eslintrc/-/eslintrc-3.3.6.tgz 5470ms (cache miss)
3474 http fetch GET 200 https://registry.npmjs.org/eslint-import-resolver-typescript/-/eslint-import-resolver-typescript-3.10.1.tgz 5495ms (cache miss)
3475 http fetch GET 200 https://registry.npmjs.org/path-key/-/path-key-3.1.1.tgz 5523ms (cache miss)
3476 http fetch GET 200 https://registry.npmjs.org/which/-/which-2.0.2.tgz 5535ms (cache miss)
3477 http fetch GET 200 https://registry.npmjs.org/eslint-import-resolver-node/-/eslint-import-resolver-node-0.3.10.tgz 5571ms (cache miss)
3478 http fetch GET 200 https://registry.npmjs.org/json-schema-traverse/-/json-schema-traverse-0.4.1.tgz 5650ms (cache miss)
3479 http fetch GET 200 https://registry.npmjs.org/@humanfs/types/-/types-0.15.0.tgz 5698ms (cache miss)
3480 http fetch GET 200 https://registry.npmjs.org/fast-json-stable-stringify/-/fast-json-stable-stringify-2.1.0.tgz 5744ms (cache miss)
3481 http fetch GET 200 https://registry.npmjs.org/@next/eslint-plugin-next/-/eslint-plugin-next-16.3.2.tgz 5862ms (cache miss)
3482 http fetch GET 200 https://registry.npmjs.org/@humanfs/core/-/core-0.19.2.tgz 5870ms (cache miss)
3483 http fetch GET 200 https://registry.npmjs.org/natural-compare/-/natural-compare-1.4.0.tgz 5906ms (cache miss)
3484 http fetch GET 200 https://registry.npmjs.org/json-stable-stringify-without-jsonify/-/json-stable-stringify-without-jsonify-1.0.1.tgz 5962ms (cache miss)
3485 http fetch GET 200 https://registry.npmjs.org/optionator/-/optionator-0.9.4.tgz 5972ms (cache miss)
3486 http fetch GET 200 https://registry.npmjs.org/find-up/-/find-up-5.0.0.tgz 6011ms (cache miss)
3487 http fetch GET 200 https://registry.npmjs.org/imurmurhash/-/imurmurhash-0.1.4.tgz 6045ms (cache miss)
3488 http fetch GET 200 https://registry.npmjs.org/eslint-plugin-jsx-a11y/-/eslint-plugin-jsx-a11y-6.10.2.tgz 6053ms (cache miss)
3489 http fetch GET 200 https://registry.npmjs.org/uri-js/-/uri-js-4.4.1.tgz 6070ms (cache miss)
3490 http fetch GET 200 https://registry.npmjs.org/levn/-/levn-0.4.1.tgz 6083ms (cache miss)
3491 http fetch GET 200 https://registry.npmjs.org/is-glob/-/is-glob-4.0.3.tgz 6106ms (cache miss)
3492 http fetch GET 200 https://registry.npmjs.org/file-entry-cache/-/file-entry-cache-8.0.0.tgz 6116ms (cache miss)
3493 http fetch GET 200 https://registry.npmjs.org/js-yaml/-/js-yaml-4.3.1.tgz 6145ms (cache miss)
3494 http fetch GET 200 https://registry.npmjs.org/shebang-command/-/shebang-command-2.0.0.tgz 6144ms (cache miss)
3495 http fetch GET 200 https://registry.npmjs.org/glob-parent/-/glob-parent-6.0.2.tgz 6164ms (cache miss)
3496 http fetch GET 200 https://registry.npmjs.org/@eslint/core/-/core-0.17.0.tgz 6169ms (cache miss)
3497 http fetch GET 200 https://registry.npmjs.org/ignore/-/ignore-5.3.2.tgz 6173ms (cache miss)
3498 http fetch GET 200 https://registry.npmjs.org/fast-deep-equal/-/fast-deep-equal-3.1.3.tgz 6182ms (cache miss)
3499 http fetch GET 200 https://registry.npmjs.org/cross-spawn/-/cross-spawn-7.0.6.tgz 6191ms (cache miss)
3500 http fetch GET 200 https://registry.npmjs.org/debug/-/debug-4.4.3.tgz 6268ms (cache miss)
3501 http fetch GET 200 https://registry.npmjs.org/@humanfs/node/-/node-0.16.8.tgz 6272ms (cache miss)
3502 http fetch GET 200 https://registry.npmjs.org/@humanwhocodes/retry/-/retry-0.4.3.tgz 6276ms (cache miss)
3503 http fetch GET 200 https://registry.npmjs.org/esutils/-/esutils-2.0.3.tgz 6498ms (cache miss)
3504 http fetch GET 200 https://registry.npmjs.org/eslint-plugin-import/-/eslint-plugin-import-2.32.0.tgz 6521ms (cache miss)
3505 http fetch GET 200 https://registry.npmjs.org/escape-string-regexp/-/escape-string-regexp-4.0.0.tgz 6550ms (cache miss)
3506 http fetch GET 200 https://registry.npmjs.org/@eslint-community/regexpp/-/regexpp-4.12.2.tgz 6561ms (cache miss)
3507 http fetch GET 200 https://registry.npmjs.org/eslint-config-next/-/eslint-config-next-16.3.2.tgz 6615ms (cache miss)
3508 http fetch GET 200 https://registry.npmjs.org/@types/react-dom/-/react-dom-19.2.4.tgz 6697ms (cache miss)
3509 http fetch GET 200 https://registry.npmjs.org/undici-types/-/undici-types-8.3.0.tgz 6774ms (cache miss)
3510 http fetch GET 200 https://registry.npmjs.org/esquery/-/esquery-1.7.0.tgz 6778ms (cache miss)
3511 http fetch GET 200 https://registry.npmjs.org/@eslint-community/eslint-utils/-/eslint-utils-4.10.1.tgz 6933ms (cache miss)
3512 http fetch GET 200 https://registry.npmjs.org/@humanwhocodes/module-importer/-/module-importer-1.0.1.tgz 7030ms (cache miss)
3513 http fetch GET 200 https://registry.npmjs.org/@types/react/-/react-19.2.18.tgz 7068ms (cache miss)
3514 http fetch GET 200 https://registry.npmjs.org/ajv/-/ajv-6.15.0.tgz 7237ms (cache miss)
3515 http fetch GET 200 https://registry.npmjs.org/react/-/react-19.2.8.tgz 7244ms (cache miss)
3516 http fetch GET 200 https://registry.npmjs.org/balanced-match/-/balanced-match-4.0.4.tgz 7299ms (cache miss)
3517 http fetch GET 200 https://registry.npmjs.org/eslint-plugin-react/-/eslint-plugin-react-7.37.5.tgz 7337ms (cache miss)
3518 http fetch GET 200 https://registry.npmjs.org/eslint-visitor-keys/-/eslint-visitor-keys-5.0.1.tgz 7376ms (cache miss)
3519 http fetch GET 200 https://registry.npmjs.org/csstype/-/csstype-3.2.3.tgz 7396ms (cache miss)
3520 http fetch GET 200 https://registry.npmjs.org/lenis/-/lenis-1.3.26.tgz 7412ms (cache miss)
3521 http fetch GET 200 https://registry.npmjs.org/brace-expansion/-/brace-expansion-5.0.9.tgz 7499ms (cache miss)
3522 http fetch GET 200 https://registry.npmjs.org/ignore/-/ignore-7.0.6.tgz 7532ms (cache miss)
3523 http fetch GET 200 https://registry.npmjs.org/json5/-/json5-1.0.2.tgz 7537ms (cache miss)
3524 http fetch GET 200 https://registry.npmjs.org/@gsap/react/-/react-2.1.2.tgz 7551ms (cache miss)
3525 http fetch GET 200 https://registry.npmjs.org/debug/-/debug-3.2.7.tgz 7647ms (cache miss)
3526 http fetch GET 200 https://registry.npmjs.org/picomatch/-/picomatch-4.0.5.tgz 7785ms (cache miss)
3527 http fetch GET 200 https://registry.npmjs.org/semver/-/semver-7.8.5.tgz 7862ms (cache miss)
3528 http fetch GET 200 https://registry.npmjs.org/glob-parent/-/glob-parent-5.1.2.tgz 7864ms (cache miss)
3529 http fetch GET 200 https://registry.npmjs.org/semver/-/semver-7.8.5.tgz 8043ms (cache miss)
3530 http fetch GET 200 https://registry.npmjs.org/debug/-/debug-3.2.7.tgz 8051ms (cache miss)
3531 http fetch GET 200 https://registry.npmjs.org/eslint/-/eslint-9.39.5.tgz 8062ms (cache miss)
3532 warn deprecated eslint@9.39.5: This version is no longer supported. Please see https://eslint.org/version-support for other options.
3533 http fetch GET 200 https://registry.npmjs.org/eslint-visitor-keys/-/eslint-visitor-keys-3.4.3.tgz 8122ms (cache miss)
3534 http fetch GET 200 https://registry.npmjs.org/minimatch/-/minimatch-10.2.6.tgz 8264ms (cache miss)
3535 http fetch GET 200 https://registry.npmjs.org/fdir/-/fdir-6.5.0.tgz 8363ms (cache miss)
3536 http fetch GET 200 https://registry.npmjs.org/debug/-/debug-3.2.7.tgz 8400ms (cache miss)
3537 http fetch GET 200 https://registry.npmjs.org/globals/-/globals-14.0.0.tgz 8449ms (cache miss)
3538 http fetch GET 200 https://registry.npmjs.org/eslint-visitor-keys/-/eslint-visitor-keys-3.4.3.tgz 8654ms (cache miss)
3539 http fetch GET 200 https://registry.npmjs.org/@eslint-community/eslint-utils/-/eslint-utils-4.9.1.tgz 8677ms (cache miss)
3540 http fetch GET 200 https://registry.npmjs.org/axe-core/-/axe-core-4.13.0.tgz 8867ms (cache miss)
3541 http fetch GET 200 https://registry.npmjs.org/@types/node/-/node-26.2.0.tgz 9099ms (cache miss)
3542 http fetch GET 200 https://registry.npmjs.org/semver/-/semver-7.8.5.tgz 9490ms (cache miss)
3543 http fetch GET 200 https://registry.npmjs.org/tailwindcss/-/tailwindcss-4.3.3.tgz 9583ms (cache miss)
3544 http fetch GET 200 https://registry.npmjs.org/eslint-plugin-react-hooks/-/eslint-plugin-react-hooks-7.1.1.tgz 11270ms (cache miss)
3545 http fetch GET 200 https://registry.npmjs.org/typescript/-/typescript-6.0.3.tgz 12416ms (cache miss)
3546 http fetch GET 200 https://registry.npmjs.org/@img/sharp-libvips-darwin-arm64/-/sharp-libvips-darwin-arm64-1.3.2.tgz 13068ms (cache miss)
3547 http fetch GET 200 https://registry.npmjs.org/gsap/-/gsap-3.15.0.tgz 13249ms (cache miss)
3548 http fetch GET 200 https://registry.npmjs.org/react-dom/-/react-dom-19.2.8.tgz 15807ms (cache miss)
3549 http fetch GET 200 https://registry.npmjs.org/@next/swc-darwin-arm64/-/swc-darwin-arm64-16.3.2.tgz 29294ms (cache miss)
3550 http fetch GET 200 https://registry.npmjs.org/next/-/next-16.3.2.tgz 39720ms (cache miss)
3551 info run unrs-resolver@1.12.2 postinstall node_modules/unrs-resolver node postinstall.js
3552 info run unrs-resolver@1.12.2 postinstall { code: 0, signal: null }
3553 silly ADD node_modules/is-weakset
3554 silly ADD node_modules/is-weakmap
3555 silly ADD node_modules/is-map
3556 silly ADD node_modules/generator-function
3557 silly ADD node_modules/async-function
3558 silly ADD node_modules/which-collection
3559 silly ADD node_modules/is-generator-function
3560 silly ADD node_modules/is-finalizationregistry
3561 silly ADD node_modules/is-async-function
3562 silly ADD node_modules/is-number-object
3563 silly ADD node_modules/is-boolean-object
3564 silly ADD node_modules/is-bigint
3565 silly ADD node_modules/isexe
3566 silly ADD node_modules/punycode
3567 silly ADD node_modules/escalade
3568 silly ADD node_modules/napi-postinstall
3569 silly ADD node_modules/@unrs/resolver-binding-darwin-arm64
3570 silly ADD node_modules/which-boxed-primitive
3571 silly ADD node_modules/has-bigints
3572 silly ADD node_modules/@typescript-eslint/tsconfig-utils
3573 silly ADD node_modules/@typescript-eslint/project-service
3574 silly ADD node_modules/@typescript-eslint/types
3575 silly ADD node_modules/ts-api-utils
3576 silly ADD node_modules/@typescript-eslint/visitor-keys
3577 silly ADD node_modules/@typescript-eslint/visitor-keys/node_modules/eslint-visitor-keys
3578 silly ADD node_modules/@typescript-eslint/type-utils
3579 silly ADD node_modules/@typescript-eslint/scope-manager
3580 silly ADD node_modules/@typescript-eslint/utils
3581 silly ADD node_modules/@typescript-eslint/typescript-estree
3582 silly ADD node_modules/@typescript-eslint/typescript-estree/node_modules/balanced-match
3583 silly ADD node_modules/@typescript-eslint/typescript-estree/node_modules/brace-expansion
3584 silly ADD node_modules/@typescript-eslint/typescript-estree/node_modules/semver
3585 silly ADD node_modules/@typescript-eslint/typescript-estree/node_modules/minimatch
3586 silly ADD node_modules/@typescript-eslint/parser
3587 silly ADD node_modules/@typescript-eslint/eslint-plugin
3588 silly ADD node_modules/@typescript-eslint/eslint-plugin/node_modules/ignore
3589 silly ADD node_modules/which-builtin-type
3590 silly ADD node_modules/reflect.getprototypeof
3591 silly ADD node_modules/for-each
3592 silly ADD node_modules/strip-bom
3593 silly ADD node_modules/minimist
3594 silly ADD node_modules/@types/json5
3595 silly ADD node_modules/is-number
3596 silly ADD node_modules/has-flag
3597 silly ADD node_modules/client-only
3598 silly ADD node_modules/side-channel-weakmap
3599 silly ADD node_modules/side-channel-map
3600 silly ADD node_modules/side-channel-list
3601 silly ADD node_modules/shebang-regex
3602 silly ADD node_modules/detect-libc
3603 silly ADD node_modules/@img/sharp-libvips-darwin-arm64
3604 silly ADD node_modules/@img/sharp-darwin-arm64
3605 silly ADD node_modules/@img/colour
3606 silly ADD node_modules/isarray
3607 silly ADD node_modules/queue-microtask
3608 silly ADD node_modules/supports-preserve-symlinks-flag
3609 silly ADD node_modules/path-parse
3610 silly ADD node_modules/node-exports-info
3611 silly ADD node_modules/scheduler
3612 silly ADD node_modules/react-is
3613 silly ADD node_modules/object-assign
3614 silly ADD node_modules/loose-envify
3615 silly ADD node_modules/source-map-js
3616 silly ADD node_modules/nanoid
3617 silly ADD node_modules/callsites
3618 silly ADD node_modules/yocto-queue
3619 silly ADD node_modules/p-limit
3620 silly ADD node_modules/word-wrap
3621 silly ADD node_modules/fast-levenshtein
3622 silly ADD node_modules/deep-is
3623 silly ADD node_modules/tslib
3624 silly ADD node_modules/styled-jsx
3625 silly ADD node_modules/sharp
3626 silly ADD node_modules/sharp/node_modules/semver
3627 silly ADD node_modules/postcss
3628 silly ADD node_modules/@swc/helpers
3629 silly ADD node_modules/@next/swc-darwin-arm64
3630 silly ADD node_modules/@next/env
3631 silly ADD node_modules/concat-map
3632 silly ADD node_modules/balanced-match
3633 silly ADD node_modules/brace-expansion
3634 silly ADD node_modules/to-regex-range
3635 silly ADD node_modules/fill-range
3636 silly ADD node_modules/picomatch
3637 silly ADD node_modules/braces
3638 silly ADD node_modules/yallist
3639 silly ADD node_modules/p-locate
3640 silly ADD node_modules/type-check
3641 silly ADD node_modules/prelude-ls
3642 silly ADD node_modules/language-subtag-registry
3643 silly ADD node_modules/json-buffer
3644 silly ADD node_modules/argparse
3645 silly ADD node_modules/set-function-name
3646 silly ADD node_modules/is-extglob
3647 silly ADD node_modules/side-channel
3648 silly ADD node_modules/resolve-from
3649 silly ADD node_modules/parent-module
3650 silly ADD node_modules/hermes-estree
3651 silly ADD node_modules/resolve-pkg-maps
3652 silly ADD node_modules/dunder-proto
3653 silly ADD node_modules/is-document.all
3654 silly ADD node_modules/functions-have-names
3655 silly ADD node_modules/keyv
3656 silly ADD node_modules/flatted
3657 silly ADD node_modules/path-exists
3658 silly ADD node_modules/locate-path
3659 silly ADD node_modules/flat-cache
3660 silly ADD node_modules/reusify
3661 silly ADD node_modules/run-parallel
3662 silly ADD node_modules/fastq
3663 silly ADD node_modules/@nodelib/fs.scandir
3664 silly ADD node_modules/micromatch
3665 silly ADD node_modules/merge2
3666 silly ADD node_modules/@nodelib/fs.walk
3667 silly ADD node_modules/@nodelib/fs.stat
3668 silly ADD node_modules/acorn-jsx
3669 silly ADD node_modules/acorn
3670 silly ADD node_modules/esrecurse
3671 silly ADD node_modules/update-browserslist-db
3672 silly ADD node_modules/node-releases
3673 silly ADD node_modules/electron-to-chromium
3674 silly ADD node_modules/caniuse-lite
3675 silly ADD node_modules/baseline-browser-mapping
3676 silly ADD node_modules/@jridgewell/resolve-uri
3677 silly ADD node_modules/@jridgewell/sourcemap-codec
3678 silly ADD node_modules/@babel/helper-string-parser
3679 silly ADD node_modules/@babel/helper-globals
3680 silly ADD node_modules/@babel/helper-module-imports
3681 silly ADD node_modules/lru-cache
3682 silly ADD node_modules/browserslist
3683 silly ADD node_modules/@babel/helper-validator-option
3684 silly ADD node_modules/@babel/compat-data
3685 silly ADD node_modules/jsesc
3686 silly ADD node_modules/@jridgewell/trace-mapping
3687 silly ADD node_modules/@jridgewell/gen-mapping
3688 silly ADD node_modules/picocolors
3689 silly ADD node_modules/js-tokens
3690 silly ADD node_modules/@babel/helper-validator-identifier
3691 silly ADD node_modules/json5
3692 silly ADD node_modules/gensync
3693 silly ADD node_modules/convert-source-map
3694 silly ADD node_modules/@jridgewell/remapping
3695 silly ADD node_modules/@babel/types
3696 silly ADD node_modules/@babel/traverse
3697 silly ADD node_modules/@babel/template
3698 silly ADD node_modules/@babel/helpers
3699 silly ADD node_modules/@babel/helper-module-transforms
3700 silly ADD node_modules/@babel/helper-compilation-targets
3701 silly ADD node_modules/@babel/generator
3702 silly ADD node_modules/@babel/code-frame
3703 silly ADD node_modules/zod-validation-error
3704 silly ADD node_modules/zod
3705 silly ADD node_modules/hermes-parser
3706 silly ADD node_modules/@babel/parser
3707 silly ADD node_modules/@babel/core
3708 silly ADD node_modules/iterator.prototype
3709 silly ADD node_modules/string.prototype.repeat
3710 silly ADD node_modules/string.prototype.matchall
3711 silly ADD node_modules/prop-types
3712 silly ADD node_modules/object.entries
3713 silly ADD node_modules/estraverse
3714 silly ADD node_modules/es-iterator-helpers
3715 silly ADD node_modules/array.prototype.tosorted
3716 silly ADD node_modules/array.prototype.findlast
3717 silly ADD node_modules/string.prototype.includes
3718 silly ADD node_modules/language-tags
3719 silly ADD node_modules/jsx-ast-utils
3720 silly ADD node_modules/emoji-regex
3721 silly ADD node_modules/damerau-levenshtein
3722 silly ADD node_modules/axobject-query
3723 silly ADD node_modules/axe-core
3724 silly ADD node_modules/ast-types-flow
3725 silly ADD node_modules/aria-query
3726 silly ADD node_modules/is-symbol
3727 silly ADD node_modules/is-date-object
3728 silly ADD node_modules/es-abstract-get
3729 silly ADD node_modules/has-tostringtag
3730 silly ADD node_modules/possible-typed-array-names
3731 silly ADD node_modules/which-typed-array
3732 silly ADD node_modules/unbox-primitive
3733 silly ADD node_modules/typed-array-length
3734 silly ADD node_modules/typed-array-byte-offset
3735 silly ADD node_modules/typed-array-byte-length
3736 silly ADD node_modules/typed-array-buffer
3737 silly ADD node_modules/string.prototype.trimstart
3738 silly ADD node_modules/string.prototype.trim
3739 silly ADD node_modules/stop-iteration-iterator
3740 silly ADD node_modules/set-proto
3741 silly ADD node_modules/safe-regex-test
3742 silly ADD node_modules/safe-push-apply
3743 silly ADD node_modules/safe-array-concat
3744 silly ADD node_modules/regexp.prototype.flags
3745 silly ADD node_modules/own-keys
3746 silly ADD node_modules/object.assign
3747 silly ADD node_modules/object-inspect
3748 silly ADD node_modules/is-weakref
3749 silly ADD node_modules/is-typed-array
3750 silly ADD node_modules/is-shared-array-buffer
3751 silly ADD node_modules/is-set
3752 silly ADD node_modules/is-regex
3753 silly ADD node_modules/is-negative-zero
3754 silly ADD node_modules/is-data-view
3755 silly ADD node_modules/is-callable
3756 silly ADD node_modules/is-array-buffer
3757 silly ADD node_modules/internal-slot
3758 silly ADD node_modules/has-symbols
3759 silly ADD node_modules/has-proto
3760 silly ADD node_modules/globalthis
3761 silly ADD node_modules/get-symbol-description
3762 silly ADD node_modules/get-proto
3763 silly ADD node_modules/function.prototype.name
3764 silly ADD node_modules/es-to-primitive
3765 silly ADD node_modules/es-set-tostringtag
3766 silly ADD node_modules/data-view-byte-offset
3767 silly ADD node_modules/data-view-byte-length
3768 silly ADD node_modules/data-view-buffer
3769 silly ADD node_modules/available-typed-arrays
3770 silly ADD node_modules/arraybuffer.prototype.slice
3771 silly ADD node_modules/array-buffer-byte-length
3772 silly ADD node_modules/gopd
3773 silly ADD node_modules/object-keys
3774 silly ADD node_modules/has-property-descriptors
3775 silly ADD node_modules/define-data-property
3776 silly ADD node_modules/function-bind
3777 silly ADD node_modules/set-function-length
3778 silly ADD node_modules/es-define-property
3779 silly ADD node_modules/call-bind-apply-helpers
3780 silly ADD node_modules/es-shim-unscopables
3781 silly ADD node_modules/es-errors
3782 silly ADD node_modules/math-intrinsics
3783 silly ADD node_modules/is-string
3784 silly ADD node_modules/get-intrinsic
3785 silly ADD node_modules/es-object-atoms
3786 silly ADD node_modules/es-abstract
3787 silly ADD node_modules/define-properties
3788 silly ADD node_modules/call-bound
3789 silly ADD node_modules/call-bind
3790 silly ADD node_modules/tsconfig-paths
3791 silly ADD node_modules/tsconfig-paths/node_modules/json5
3792 silly ADD node_modules/string.prototype.trimend
3793 silly ADD node_modules/semver
3794 silly ADD node_modules/object.values
3795 silly ADD node_modules/object.groupby
3796 silly ADD node_modules/object.fromentries
3797 silly ADD node_modules/hasown
3798 silly ADD node_modules/eslint-module-utils
3799 silly ADD node_modules/eslint-module-utils/node_modules/debug
3800 silly ADD node_modules/doctrine
3801 silly ADD node_modules/array.prototype.flatmap
3802 silly ADD node_modules/array.prototype.flat
3803 silly ADD node_modules/array.prototype.findlastindex
3804 silly ADD node_modules/array-includes
3805 silly ADD node_modules/@rtsao/scc
3806 silly ADD node_modules/unrs-resolver
3807 silly ADD node_modules/tinyglobby
3808 silly ADD node_modules/tinyglobby/node_modules/picomatch
3809 silly ADD node_modules/tinyglobby/node_modules/fdir
3810 silly ADD node_modules/stable-hash
3811 silly ADD node_modules/is-bun-module
3812 silly ADD node_modules/is-bun-module/node_modules/semver
3813 silly ADD node_modules/get-tsconfig
3814 silly ADD node_modules/@nolyfill/is-core-module
3815 silly ADD node_modules/resolve
3816 silly ADD node_modules/is-core-module
3817 silly ADD node_modules/color-name
3818 silly ADD node_modules/color-convert
3819 silly ADD node_modules/supports-color
3820 silly ADD node_modules/ansi-styles
3821 silly ADD node_modules/strip-json-comments
3822 silly ADD node_modules/js-yaml
3823 silly ADD node_modules/import-fresh
3824 silly ADD node_modules/@types/json-schema
3825 silly ADD node_modules/@eslint/object-schema
3826 silly ADD node_modules/minimatch
3827 silly ADD node_modules/lodash.merge
3828 silly ADD node_modules/espree
3829 silly ADD node_modules/eslint-visitor-keys
3830 silly ADD node_modules/eslint-scope
3831 silly ADD node_modules/chalk
3832 silly ADD node_modules/@types/estree
3833 silly ADD node_modules/@eslint/plugin-kit
3834 silly ADD node_modules/@eslint/js
3835 silly ADD node_modules/@eslint/eslintrc
3836 silly ADD node_modules/@eslint/eslintrc/node_modules/globals
3837 silly ADD node_modules/@eslint/core
3838 silly ADD node_modules/@eslint/config-helpers
3839 silly ADD node_modules/@eslint/config-array
3840 silly ADD node_modules/fast-glob
3841 silly ADD node_modules/fast-glob/node_modules/glob-parent
3842 silly ADD node_modules/typescript
3843 silly ADD node_modules/typescript-eslint
3844 silly ADD node_modules/globals
3845 silly ADD node_modules/eslint-plugin-react-hooks
3846 silly ADD node_modules/eslint-plugin-react
3847 silly ADD node_modules/eslint-plugin-jsx-a11y
3848 silly ADD node_modules/eslint
3849 silly ADD node_modules/eslint-plugin-import
3850 silly ADD node_modules/eslint-plugin-import/node_modules/debug
3851 silly ADD node_modules/eslint-import-resolver-typescript
3852 silly ADD node_modules/eslint-import-resolver-node
3853 silly ADD node_modules/eslint-import-resolver-node/node_modules/debug
3854 silly ADD node_modules/@next/eslint-plugin-next
3855 silly ADD node_modules/@next/eslint-plugin-next/node_modules/eslint-visitor-keys
3856 silly ADD node_modules/@next/eslint-plugin-next/node_modules/@eslint-community/eslint-utils
3857 silly ADD node_modules/ms
3858 silly ADD node_modules/which
3859 silly ADD node_modules/shebang-command
3860 silly ADD node_modules/path-key
3861 silly ADD node_modules/uri-js
3862 silly ADD node_modules/json-schema-traverse
3863 silly ADD node_modules/fast-json-stable-stringify
3864 silly ADD node_modules/@humanfs/types
3865 silly ADD node_modules/@humanfs/core
3866 silly ADD node_modules/levn
3867 silly ADD node_modules/optionator
3868 silly ADD node_modules/natural-compare
3869 silly ADD node_modules/json-stable-stringify-without-jsonify
3870 silly ADD node_modules/is-glob
3871 silly ADD node_modules/imurmurhash
3872 silly ADD node_modules/ignore
3873 silly ADD node_modules/glob-parent
3874 silly ADD node_modules/find-up
3875 silly ADD node_modules/file-entry-cache
3876 silly ADD node_modules/fast-deep-equal
3877 silly ADD node_modules/esutils
3878 silly ADD node_modules/esquery
3879 silly ADD node_modules/escape-string-regexp
3880 silly ADD node_modules/debug
3881 silly ADD node_modules/cross-spawn
3882 silly ADD node_modules/ajv
3883 silly ADD node_modules/@humanwhocodes/retry
3884 silly ADD node_modules/@humanwhocodes/module-importer
3885 silly ADD node_modules/@humanfs/node
3886 silly ADD node_modules/@eslint-community/regexpp
3887 silly ADD node_modules/@eslint-community/eslint-utils
3888 silly ADD node_modules/@eslint-community/eslint-utils/node_modules/eslint-visitor-keys
3889 silly ADD node_modules/csstype
3890 silly ADD node_modules/undici-types
3891 silly ADD node_modules/tailwindcss
3892 silly ADD node_modules/react-dom
3893 silly ADD node_modules/next
3894 silly ADD node_modules/lenis
3895 silly ADD node_modules/eslint-config-next
3896 silly ADD node_modules/@types/react-dom
3897 silly ADD node_modules/@types/react
3898 silly ADD node_modules/@types/node
3899 silly ADD node_modules/react
3900 silly ADD node_modules/gsap
3901 silly ADD node_modules/@gsap/react
3902 warn allow-scripts 1 package has install scripts not yet covered by allowScripts:
3902 warn allow-scripts   unrs-resolver@1.12.2 (postinstall: node postinstall.js)
3902 warn allow-scripts
3902 warn allow-scripts Run `npm approve-scripts --allow-scripts-pending` to review, or `npm approve-scripts <pkg>` to allow.
3903 verbose cwd /Users/rajatmittal/Documents/Codex/2026-08-23/he/MSA-BIT-Jaipur-v2
3904 verbose os Darwin 25.5.0
3905 verbose node v26.4.0
3906 verbose npm  v11.17.0
3907 notice
3907 notice New major version of npm available! 11.17.0 -> 12.0.2
3907 notice Changelog: https://github.com/npm/cli/releases/tag/v12.0.2
3907 notice To update run: npm install -g npm@12.0.2
3907 notice  { force: true, Symbol(proc-log.meta): true }
3908 verbose exit 0
3909 info ok
