0 verbose cli /opt/homebrew/Cellar/node/26.4.0/bin/node /opt/homebrew/bin/npm
1 info using npm@11.17.0
2 info using node@v26.4.0
3 silly config load:file:/opt/homebrew/lib/node_modules/npm/npmrc
4 silly config load:file:/Users/rajatmittal/Documents/Codex/2026-08-23/he/MSA-BIT-Jaipur-v2/.npmrc
5 silly config load:file:/Users/rajatmittal/.npmrc
6 silly config load:file:/opt/homebrew/etc/npmrc
7 verbose title npm install
8 verbose argv "install" "--cache" ".npm-cache" "--loglevel" "error"
9 verbose logfile logs-max:10 dir:/Users/rajatmittal/Documents/Codex/2026-08-23/he/MSA-BIT-Jaipur-v2/.npm-cache/_logs/2026-08-23T05_48_35_677Z-
10 verbose logfile /Users/rajatmittal/Documents/Codex/2026-08-23/he/MSA-BIT-Jaipur-v2/.npm-cache/_logs/2026-08-23T05_48_35_677Z-debug-0.log
11 silly logfile done cleaning log files
12 silly packumentCache heap:4395630592 maxSize:1098907648 maxEntrySize:549453824
13 silly idealTree buildDeps
14 silly fetch manifest @gsap/react@latest
15 silly packumentCache full:https://registry.npmjs.org/@gsap%2freact cache-miss
16 http cache https://registry.npmjs.org/@gsap%2freact 5ms (cache hit)
17 silly packumentCache full:https://registry.npmjs.org/@gsap%2freact set size:25309 disposed:false
18 silly fetch manifest gsap@latest
19 silly packumentCache full:https://registry.npmjs.org/gsap cache-miss
20 http cache https://registry.npmjs.org/gsap 2ms (cache hit)
21 silly packumentCache full:https://registry.npmjs.org/gsap set size:244463 disposed:false
22 silly fetch manifest react@latest
23 silly packumentCache full:https://registry.npmjs.org/react cache-miss
24 http cache https://registry.npmjs.org/react 6ms (cache hit)
25 silly packumentCache full:https://registry.npmjs.org/react set size:6902730 disposed:false
26 silly fetch manifest lenis@latest
27 silly packumentCache full:https://registry.npmjs.org/lenis cache-miss
28 http cache https://registry.npmjs.org/lenis 2ms (cache hit)
29 silly packumentCache full:https://registry.npmjs.org/lenis set size:352153 disposed:false
30 silly fetch manifest @nuxt/kit@>=3.0.0
31 silly packumentCache full:https://registry.npmjs.org/@nuxt%2fkit cache-miss
32 http cache https://registry.npmjs.org/@nuxt%2fkit 1ms (cache hit)
33 silly packumentCache full:https://registry.npmjs.org/@nuxt%2fkit set size:402804 disposed:false
34 silly fetch manifest vue@>=3.0.0
35 silly packumentCache full:https://registry.npmjs.org/vue cache-miss
36 http cache https://registry.npmjs.org/vue 2ms (cache hit)
37 silly packumentCache full:https://registry.npmjs.org/vue set size:2090619 disposed:false
38 silly fetch manifest typescript@latest
39 silly packumentCache full:https://registry.npmjs.org/typescript cache-miss
40 http cache https://registry.npmjs.org/typescript 12ms (cache hit)
41 silly packumentCache full:https://registry.npmjs.org/typescript set size:15580933 disposed:false
42 silly fetch manifest next@latest
43 silly packumentCache full:https://registry.npmjs.org/next cache-miss
44 http cache https://registry.npmjs.org/next 27ms (cache hit)
45 silly packumentCache full:https://registry.npmjs.org/next set size:31138674 disposed:false
46 silly fetch manifest @opentelemetry/api@^1.1.0
47 silly packumentCache full:https://registry.npmjs.org/@opentelemetry%2fapi cache-miss
48 http cache https://registry.npmjs.org/@opentelemetry%2fapi 2ms (cache hit)
49 silly packumentCache full:https://registry.npmjs.org/@opentelemetry%2fapi set size:272967 disposed:false
50 silly fetch manifest @playwright/test@^1.51.1
51 silly packumentCache full:https://registry.npmjs.org/@playwright%2ftest cache-miss
52 http cache https://registry.npmjs.org/@playwright%2ftest 8ms (cache hit)
53 silly packumentCache full:https://registry.npmjs.org/@playwright%2ftest set size:9446201 disposed:false
54 silly fetch manifest babel-plugin-react-compiler@*
55 silly packumentCache full:https://registry.npmjs.org/babel-plugin-react-compiler cache-miss
56 http cache https://registry.npmjs.org/babel-plugin-react-compiler 3ms (cache hit)
57 silly packumentCache full:https://registry.npmjs.org/babel-plugin-react-compiler set size:1356999 disposed:false
58 silly fetch manifest react-dom@latest
59 silly packumentCache full:https://registry.npmjs.org/react-dom cache-miss
60 http cache https://registry.npmjs.org/react-dom 8ms (cache hit)
61 silly packumentCache full:https://registry.npmjs.org/react-dom set size:9275431 disposed:false
62 silly fetch manifest sass@^1.3.0
63 silly packumentCache full:https://registry.npmjs.org/sass cache-miss
64 http cache https://registry.npmjs.org/sass 3ms (cache hit)
65 silly packumentCache full:https://registry.npmjs.org/sass set size:747752 disposed:false
66 silly fetch manifest @types/node@latest
67 silly packumentCache full:https://registry.npmjs.org/@types%2fnode cache-miss
68 http cache https://registry.npmjs.org/@types%2fnode 8ms (cache hit)
69 silly packumentCache full:https://registry.npmjs.org/@types%2fnode set size:11088606 disposed:false
70 silly fetch manifest @types/react@latest
71 silly packumentCache full:https://registry.npmjs.org/@types%2freact cache-miss
72 http cache https://registry.npmjs.org/@types%2freact 3ms (cache hit)
73 silly packumentCache full:https://registry.npmjs.org/@types%2freact set size:2637439 disposed:false
74 silly fetch manifest @types/react-dom@latest
75 silly packumentCache full:https://registry.npmjs.org/@types%2freact-dom cache-miss
76 http cache https://registry.npmjs.org/@types%2freact-dom 1ms (cache hit)
77 silly packumentCache full:https://registry.npmjs.org/@types%2freact-dom set size:432855 disposed:false
78 silly fetch manifest eslint@latest
79 silly packumentCache full:https://registry.npmjs.org/eslint cache-miss
80 http cache https://registry.npmjs.org/eslint 3ms (cache hit)
81 silly packumentCache full:https://registry.npmjs.org/eslint set size:2062456 disposed:false
82 silly fetch manifest jiti@*
83 silly packumentCache full:https://registry.npmjs.org/jiti cache-miss
84 http cache https://registry.npmjs.org/jiti 1ms (cache hit)
85 silly packumentCache full:https://registry.npmjs.org/jiti set size:387989 disposed:false
86 silly fetch manifest eslint-config-next@latest
87 silly packumentCache full:https://registry.npmjs.org/eslint-config-next cache-miss
88 http cache https://registry.npmjs.org/eslint-config-next 6ms (cache hit)
89 silly packumentCache full:https://registry.npmjs.org/eslint-config-next set size:7102557 disposed:false
90 silly fetch manifest tailwindcss@latest
91 silly packumentCache full:https://registry.npmjs.org/tailwindcss cache-miss
92 http cache https://registry.npmjs.org/tailwindcss 14ms (cache hit)
93 silly packumentCache full:https://registry.npmjs.org/tailwindcss set size:10868886 disposed:false
94 silly placeDep ROOT @gsap/react@2.1.2 REPLACE for: msa-bit-jaipur-v2@0.1.0 want: latest
95 silly placeDep ROOT @types/node@26.2.0 REPLACE for: msa-bit-jaipur-v2@0.1.0 want: latest
96 silly placeDep ROOT @types/react@19.2.18 REPLACE for: msa-bit-jaipur-v2@0.1.0 want: latest
97 silly placeDep ROOT @types/react-dom@19.2.4 REPLACE for: msa-bit-jaipur-v2@0.1.0 want: latest
98 silly placeDep ROOT eslint@10.9.0 REPLACE for: msa-bit-jaipur-v2@0.1.0 want: latest
99 silly placeDep ROOT eslint-config-next@16.3.2 REPLACE for: msa-bit-jaipur-v2@0.1.0 want: latest
100 silly placeDep ROOT gsap@3.15.0 REPLACE for: msa-bit-jaipur-v2@0.1.0 want: latest
101 silly placeDep ROOT lenis@1.3.26 REPLACE for: msa-bit-jaipur-v2@0.1.0 want: latest
102 silly placeDep ROOT next@16.3.2 REPLACE for: msa-bit-jaipur-v2@0.1.0 want: latest
103 silly placeDep ROOT react-dom@19.2.8 OK for: next@16.3.2 want: ^18.2.0 || 19.0.0-rc-de68d2f4-20241204 || ^19.0.0
104 silly placeDep ROOT react@19.2.8 REPLACE for: msa-bit-jaipur-v2@0.1.0 want: latest
105 silly placeDep ROOT tailwindcss@4.3.3 REPLACE for: msa-bit-jaipur-v2@0.1.0 want: latest
106 silly placeDep ROOT typescript@7.0.2 REPLACE for: msa-bit-jaipur-v2@0.1.0 want: latest
107 silly fetch manifest ajv@^6.14.0
108 silly packumentCache full:https://registry.npmjs.org/ajv cache-miss
109 silly fetch manifest espree@^11.2.0
110 silly packumentCache full:https://registry.npmjs.org/espree cache-miss
111 silly fetch manifest ignore@^5.2.0
112 silly packumentCache full:https://registry.npmjs.org/ignore cache-miss
113 silly fetch manifest minimatch@^10.2.5
114 silly packumentCache full:https://registry.npmjs.org/minimatch cache-miss
115 silly fetch manifest @eslint/core@^1.2.1
116 silly packumentCache full:https://registry.npmjs.org/@eslint%2fcore cache-miss
117 silly fetch manifest eslint-scope@^9.1.2
118 silly packumentCache full:https://registry.npmjs.org/eslint-scope cache-miss
119 silly fetch manifest fast-deep-equal@^3.1.3
120 silly packumentCache full:https://registry.npmjs.org/fast-deep-equal cache-miss
121 silly fetch manifest @eslint/plugin-kit@^0.7.2
122 silly packumentCache full:https://registry.npmjs.org/@eslint%2fplugin-kit cache-miss
123 silly fetch manifest eslint-visitor-keys@^5.0.1
124 silly packumentCache full:https://registry.npmjs.org/eslint-visitor-keys cache-miss
125 http cache https://registry.npmjs.org/eslint-scope 3ms (cache hit)
126 silly packumentCache full:https://registry.npmjs.org/eslint-scope set size:98867 disposed:false
127 silly fetch manifest @eslint/config-array@^0.23.5
128 silly packumentCache full:https://registry.npmjs.org/@eslint%2fconfig-array cache-miss
129 http cache https://registry.npmjs.org/ignore 4ms (cache hit)
130 silly packumentCache full:https://registry.npmjs.org/ignore set size:240910 disposed:false
131 silly fetch manifest @eslint/config-helpers@^0.7.0
132 silly packumentCache full:https://registry.npmjs.org/@eslint%2fconfig-helpers cache-miss
133 http cache https://registry.npmjs.org/@eslint%2fcore 5ms (cache hit)
134 silly packumentCache full:https://registry.npmjs.org/@eslint%2fcore set size:58023 disposed:false
135 silly fetch manifest eslint-plugin-react@^7.37.0
136 silly packumentCache full:https://registry.npmjs.org/eslint-plugin-react cache-miss
137 http cache https://registry.npmjs.org/fast-deep-equal 6ms (cache hit)
138 silly packumentCache full:https://registry.npmjs.org/fast-deep-equal set size:48634 disposed:false
139 silly fetch manifest eslint-plugin-import@^2.32.0
140 silly packumentCache full:https://registry.npmjs.org/eslint-plugin-import cache-miss
141 http cache https://registry.npmjs.org/espree 6ms (cache hit)
142 silly packumentCache full:https://registry.npmjs.org/espree set size:326080 disposed:false
143 silly fetch manifest eslint-plugin-jsx-a11y@^6.10.0
144 silly packumentCache full:https://registry.npmjs.org/eslint-plugin-jsx-a11y cache-miss
145 http cache https://registry.npmjs.org/ajv 8ms (cache hit)
146 silly packumentCache full:https://registry.npmjs.org/ajv set size:1142658 disposed:false
147 silly fetch manifest eslint-import-resolver-typescript@^3.5.2
148 silly packumentCache full:https://registry.npmjs.org/eslint-import-resolver-typescript cache-miss
149 http cache https://registry.npmjs.org/@eslint%2fplugin-kit 13ms (cache hit)
150 silly packumentCache full:https://registry.npmjs.org/@eslint%2fplugin-kit set size:76057 disposed:false
151 silly fetch manifest @next/swc-darwin-x64@16.3.2
152 silly packumentCache full:https://registry.npmjs.org/@next%2fswc-darwin-x64 cache-miss
153 http cache https://registry.npmjs.org/minimatch 14ms (cache hit)
154 silly packumentCache full:https://registry.npmjs.org/minimatch set size:377924 disposed:false
155 silly fetch manifest @next/swc-linux-x64-gnu@16.3.2
156 silly packumentCache full:https://registry.npmjs.org/@next%2fswc-linux-x64-gnu cache-miss
157 http cache https://registry.npmjs.org/eslint-visitor-keys 15ms (cache hit)
158 silly packumentCache full:https://registry.npmjs.org/eslint-visitor-keys set size:69949 disposed:false
159 silly fetch manifest @next/swc-linux-x64-musl@16.3.2
160 silly packumentCache full:https://registry.npmjs.org/@next%2fswc-linux-x64-musl cache-miss
161 http cache https://registry.npmjs.org/@eslint%2fconfig-helpers 13ms (cache hit)
162 silly packumentCache full:https://registry.npmjs.org/@eslint%2fconfig-helpers set size:55216 disposed:false
163 silly fetch manifest @next/swc-win32-x64-msvc@16.3.2
164 silly packumentCache full:https://registry.npmjs.org/@next%2fswc-win32-x64-msvc cache-miss
165 http cache https://registry.npmjs.org/@eslint%2fconfig-array 14ms (cache hit)
166 silly packumentCache full:https://registry.npmjs.org/@eslint%2fconfig-array set size:74140 disposed:false
167 silly fetch manifest @next/swc-linux-arm64-gnu@16.3.2
168 silly packumentCache full:https://registry.npmjs.org/@next%2fswc-linux-arm64-gnu cache-miss
169 http cache https://registry.npmjs.org/eslint-plugin-import 13ms (cache hit)
170 silly packumentCache full:https://registry.npmjs.org/eslint-plugin-import set size:484928 disposed:false
171 silly fetch manifest @next/swc-linux-arm64-musl@16.3.2
172 silly packumentCache full:https://registry.npmjs.org/@next%2fswc-linux-arm64-musl cache-miss
173 http cache https://registry.npmjs.org/eslint-plugin-react 15ms (cache hit)
174 silly packumentCache full:https://registry.npmjs.org/eslint-plugin-react set size:646827 disposed:false
175 silly fetch manifest @next/swc-win32-arm64-msvc@16.3.2
176 silly packumentCache full:https://registry.npmjs.org/@next%2fswc-win32-arm64-msvc cache-miss
177 http cache https://registry.npmjs.org/eslint-import-resolver-typescript 12ms (cache hit)
178 silly packumentCache full:https://registry.npmjs.org/eslint-import-resolver-typescript set size:337167 disposed:false
179 silly fetch manifest @typescript/typescript-aix-ppc64@7.0.2
180 silly packumentCache full:https://registry.npmjs.org/@typescript%2ftypescript-aix-ppc64 cache-miss
181 http cache https://registry.npmjs.org/eslint-plugin-jsx-a11y 17ms (cache hit)
182 silly packumentCache full:https://registry.npmjs.org/eslint-plugin-jsx-a11y set size:280052 disposed:false
183 silly fetch manifest @typescript/typescript-linux-arm@7.0.2
184 silly packumentCache full:https://registry.npmjs.org/@typescript%2ftypescript-linux-arm cache-miss
185 http cache https://registry.npmjs.org/@next%2fswc-darwin-x64 15ms (cache hit)
186 silly packumentCache full:https://registry.npmjs.org/@next%2fswc-darwin-x64 set size:5488212 disposed:false
187 silly fetch manifest @typescript/typescript-linux-x64@7.0.2
188 silly packumentCache full:https://registry.npmjs.org/@typescript%2ftypescript-linux-x64 cache-miss
189 http cache https://registry.npmjs.org/@next%2fswc-linux-x64-gnu 25ms (cache hit)
190 silly packumentCache full:https://registry.npmjs.org/@next%2fswc-linux-x64-gnu set size:5600977 disposed:false
191 silly fetch manifest @typescript/typescript-sunos-x64@7.0.2
192 silly packumentCache full:https://registry.npmjs.org/@typescript%2ftypescript-sunos-x64 cache-miss
193 http cache https://registry.npmjs.org/@next%2fswc-linux-x64-musl 40ms (cache hit)
194 silly packumentCache full:https://registry.npmjs.org/@next%2fswc-linux-x64-musl set size:5356642 disposed:false
195 silly fetch manifest @typescript/typescript-win32-x64@7.0.2
196 silly packumentCache full:https://registry.npmjs.org/@typescript%2ftypescript-win32-x64 cache-miss
197 http cache https://registry.npmjs.org/@typescript%2ftypescript-aix-ppc64 48ms (cache hit)
198 silly packumentCache full:https://registry.npmjs.org/@typescript%2ftypescript-aix-ppc64 set size:6049 disposed:false
199 silly fetch manifest @typescript/typescript-darwin-x64@7.0.2
200 silly packumentCache full:https://registry.npmjs.org/@typescript%2ftypescript-darwin-x64 cache-miss
201 http cache https://registry.npmjs.org/@typescript%2ftypescript-linux-arm 48ms (cache hit)
202 silly packumentCache full:https://registry.npmjs.org/@typescript%2ftypescript-linux-arm set size:108145 disposed:false
203 silly fetch manifest @typescript/typescript-netbsd-x64@7.0.2
204 silly packumentCache full:https://registry.npmjs.org/@typescript%2ftypescript-netbsd-x64 cache-miss
205 http cache https://registry.npmjs.org/@typescript%2ftypescript-linux-x64 37ms (cache hit)
206 silly packumentCache full:https://registry.npmjs.org/@typescript%2ftypescript-linux-x64 set size:112680 disposed:false
207 silly fetch manifest @typescript/typescript-freebsd-x64@7.0.2
208 silly packumentCache full:https://registry.npmjs.org/@typescript%2ftypescript-freebsd-x64 cache-miss
209 http cache https://registry.npmjs.org/@next%2fswc-linux-arm64-gnu 60ms (cache hit)
210 silly packumentCache full:https://registry.npmjs.org/@next%2fswc-linux-arm64-gnu set size:5405608 disposed:false
211 silly fetch manifest @typescript/typescript-linux-arm64@7.0.2
212 silly packumentCache full:https://registry.npmjs.org/@typescript%2ftypescript-linux-arm64 cache-miss
213 http cache https://registry.npmjs.org/@next%2fswc-linux-arm64-musl 70ms (cache hit)
214 silly packumentCache full:https://registry.npmjs.org/@next%2fswc-linux-arm64-musl set size:5424926 disposed:false
215 silly fetch manifest @typescript/typescript-linux-ppc64@7.0.2
216 silly packumentCache full:https://registry.npmjs.org/@typescript%2ftypescript-linux-ppc64 cache-miss
217 http cache https://registry.npmjs.org/@next%2fswc-win32-arm64-msvc 79ms (cache hit)
218 silly packumentCache full:https://registry.npmjs.org/@next%2fswc-win32-arm64-msvc set size:5386870 disposed:false
219 silly fetch manifest @typescript/typescript-linux-s390x@7.0.2
220 silly packumentCache full:https://registry.npmjs.org/@typescript%2ftypescript-linux-s390x cache-miss
221 http cache https://registry.npmjs.org/@next%2fswc-win32-x64-msvc 94ms (cache hit)
222 silly packumentCache full:https://registry.npmjs.org/@next%2fswc-win32-x64-msvc set size:5571738 disposed:false
223 silly fetch manifest @typescript/typescript-openbsd-x64@7.0.2
224 silly packumentCache full:https://registry.npmjs.org/@typescript%2ftypescript-openbsd-x64 cache-miss
225 http cache https://registry.npmjs.org/@typescript%2ftypescript-sunos-x64 77ms (cache hit)
226 silly packumentCache full:https://registry.npmjs.org/@typescript%2ftypescript-sunos-x64 set size:6046 disposed:false
227 silly fetch manifest @typescript/typescript-win32-arm64@7.0.2
228 silly packumentCache full:https://registry.npmjs.org/@typescript%2ftypescript-win32-arm64 cache-miss
229 http cache https://registry.npmjs.org/@typescript%2ftypescript-win32-x64 63ms (cache hit)
230 silly packumentCache full:https://registry.npmjs.org/@typescript%2ftypescript-win32-x64 set size:110160 disposed:false
231 silly fetch manifest @typescript/typescript-darwin-arm64@7.0.2
232 silly packumentCache full:https://registry.npmjs.org/@typescript%2ftypescript-darwin-arm64 cache-miss
233 http cache https://registry.npmjs.org/@typescript%2ftypescript-darwin-x64 58ms (cache hit)
234 silly packumentCache full:https://registry.npmjs.org/@typescript%2ftypescript-darwin-x64 set size:108477 disposed:false
235 silly fetch manifest @typescript/typescript-netbsd-arm64@7.0.2
236 silly packumentCache full:https://registry.npmjs.org/@typescript%2ftypescript-netbsd-arm64 cache-miss
237 http cache https://registry.npmjs.org/@typescript%2ftypescript-netbsd-x64 58ms (cache hit)
238 silly packumentCache full:https://registry.npmjs.org/@typescript%2ftypescript-netbsd-x64 set size:6065 disposed:false
239 silly fetch manifest @typescript/typescript-freebsd-arm64@7.0.2
240 silly packumentCache full:https://registry.npmjs.org/@typescript%2ftypescript-freebsd-arm64 cache-miss
241 http cache https://registry.npmjs.org/@typescript%2ftypescript-freebsd-x64 56ms (cache hit)
242 silly packumentCache full:https://registry.npmjs.org/@typescript%2ftypescript-freebsd-x64 set size:6088 disposed:false
243 silly fetch manifest @typescript/typescript-linux-loong64@7.0.2
244 silly packumentCache full:https://registry.npmjs.org/@typescript%2ftypescript-linux-loong64 cache-miss
245 http cache https://registry.npmjs.org/@typescript%2ftypescript-linux-arm64 45ms (cache hit)
246 silly packumentCache full:https://registry.npmjs.org/@typescript%2ftypescript-linux-arm64 set size:113187 disposed:false
247 silly fetch manifest @typescript/typescript-linux-riscv64@7.0.2
248 silly packumentCache full:https://registry.npmjs.org/@typescript%2ftypescript-linux-riscv64 cache-miss
249 http cache https://registry.npmjs.org/@typescript%2ftypescript-linux-ppc64 34ms (cache hit)
250 silly packumentCache full:https://registry.npmjs.org/@typescript%2ftypescript-linux-ppc64 set size:6087 disposed:false
251 silly fetch manifest @typescript/typescript-openbsd-arm64@7.0.2
252 silly packumentCache full:https://registry.npmjs.org/@typescript%2ftypescript-openbsd-arm64 cache-miss
253 http cache https://registry.npmjs.org/@typescript%2ftypescript-openbsd-x64 8ms (cache hit)
254 silly packumentCache full:https://registry.npmjs.org/@typescript%2ftypescript-openbsd-x64 set size:6086 disposed:false
255 silly fetch manifest @typescript/typescript-linux-mips64el@7.0.2
256 silly packumentCache full:https://registry.npmjs.org/@typescript%2ftypescript-linux-mips64el cache-miss
257 http cache https://registry.npmjs.org/@typescript%2ftypescript-linux-s390x 23ms (cache hit)
258 silly packumentCache full:https://registry.npmjs.org/@typescript%2ftypescript-linux-s390x set size:6086 disposed:false
259 http cache https://registry.npmjs.org/@typescript%2ftypescript-win32-arm64 4ms (cache hit)
260 silly packumentCache full:https://registry.npmjs.org/@typescript%2ftypescript-win32-arm64 set size:108813 disposed:false
261 http cache https://registry.npmjs.org/@typescript%2ftypescript-freebsd-arm64 3ms (cache hit)
262 silly packumentCache full:https://registry.npmjs.org/@typescript%2ftypescript-freebsd-arm64 set size:6126 disposed:false
263 http cache https://registry.npmjs.org/@typescript%2ftypescript-darwin-arm64 5ms (cache hit)
264 silly packumentCache full:https://registry.npmjs.org/@typescript%2ftypescript-darwin-arm64 set size:112347 disposed:false
265 http cache https://registry.npmjs.org/@typescript%2ftypescript-linux-loong64 4ms (cache hit)
266 silly packumentCache full:https://registry.npmjs.org/@typescript%2ftypescript-linux-loong64 set size:6127 disposed:false
267 http cache https://registry.npmjs.org/@typescript%2ftypescript-linux-riscv64 3ms (cache hit)
268 silly packumentCache full:https://registry.npmjs.org/@typescript%2ftypescript-linux-riscv64 set size:6127 disposed:false
269 http cache https://registry.npmjs.org/@typescript%2ftypescript-netbsd-arm64 4ms (cache hit)
270 silly packumentCache full:https://registry.npmjs.org/@typescript%2ftypescript-netbsd-arm64 set size:6109 disposed:false
271 http cache https://registry.npmjs.org/@typescript%2ftypescript-openbsd-arm64 3ms (cache hit)
272 silly packumentCache full:https://registry.npmjs.org/@typescript%2ftypescript-openbsd-arm64 set size:6126 disposed:false
273 http cache https://registry.npmjs.org/@typescript%2ftypescript-linux-mips64el 3ms (cache hit)
274 silly packumentCache full:https://registry.npmjs.org/@typescript%2ftypescript-linux-mips64el set size:6146 disposed:false
275 silly placeDep ROOT @eslint/config-array@0.23.5 OK for: eslint@10.9.0 want: ^0.23.5
276 silly placeDep ROOT @eslint/config-helpers@0.7.0 OK for: eslint@10.9.0 want: ^0.7.0
277 silly placeDep ROOT @eslint/core@1.2.1 OK for: eslint@10.9.0 want: ^1.2.1
278 silly placeDep ROOT @eslint/plugin-kit@0.7.2 OK for: eslint@10.9.0 want: ^0.7.2
279 silly placeDep ROOT ajv@6.15.0 OK for: eslint@10.9.0 want: ^6.14.0
280 silly placeDep ROOT eslint-scope@9.1.2 OK for: eslint@10.9.0 want: ^9.1.2
281 silly placeDep ROOT eslint-visitor-keys@5.0.1 OK for: eslint@10.9.0 want: ^5.0.1
282 silly placeDep ROOT espree@11.2.0 OK for: eslint@10.9.0 want: ^11.2.0
283 silly placeDep ROOT fast-deep-equal@3.1.3 OK for: eslint@10.9.0 want: ^3.1.3
284 silly placeDep ROOT ignore@5.3.2 OK for: eslint@10.9.0 want: ^5.2.0
285 silly placeDep ROOT minimatch@10.2.6 REPLACE for: eslint@10.9.0 want: ^10.2.5
286 silly fetch manifest @eslint/object-schema@^3.0.5
287 silly packumentCache full:https://registry.npmjs.org/@eslint%2fobject-schema cache-miss
288 silly fetch manifest minimatch@^10.2.4
289 silly packumentCache full:https://registry.npmjs.org/minimatch cache-hit
290 silly fetch manifest @types/json-schema@^7.0.15
291 silly packumentCache full:https://registry.npmjs.org/@types%2fjson-schema cache-miss
292 silly fetch manifest uri-js@^4.2.2
293 silly packumentCache full:https://registry.npmjs.org/uri-js cache-miss
294 silly fetch manifest fast-deep-equal@^3.1.1
295 silly packumentCache full:https://registry.npmjs.org/fast-deep-equal cache-hit
296 silly fetch manifest json-schema-traverse@^0.4.1
297 silly packumentCache full:https://registry.npmjs.org/json-schema-traverse cache-miss
298 silly fetch manifest fast-json-stable-stringify@^2.0.0
299 silly packumentCache full:https://registry.npmjs.org/fast-json-stable-stringify cache-miss
300 silly fetch manifest @types/esrecurse@^4.3.1
301 silly packumentCache full:https://registry.npmjs.org/@types%2fesrecurse cache-miss
302 silly fetch manifest esrecurse@^4.3.0
303 silly packumentCache full:https://registry.npmjs.org/esrecurse cache-miss
304 silly fetch manifest acorn@^8.16.0
305 silly packumentCache full:https://registry.npmjs.org/acorn cache-miss
306 silly fetch manifest acorn-jsx@^5.3.2
307 silly packumentCache full:https://registry.npmjs.org/acorn-jsx cache-miss
308 http cache https://registry.npmjs.org/json-schema-traverse 3ms (cache hit)
309 silly packumentCache full:https://registry.npmjs.org/json-schema-traverse set size:23537 disposed:false
310 silly fetch manifest brace-expansion@^5.0.8
311 silly packumentCache full:https://registry.npmjs.org/brace-expansion cache-miss
312 http cache https://registry.npmjs.org/@eslint%2fobject-schema 3ms (cache hit)
313 silly packumentCache full:https://registry.npmjs.org/@eslint%2fobject-schema set size:38535 disposed:false
314 http cache https://registry.npmjs.org/acorn 3ms (cache hit)
315 silly packumentCache full:https://registry.npmjs.org/acorn set size:383439 disposed:false
316 http cache https://registry.npmjs.org/fast-json-stable-stringify 5ms (cache hit)
317 silly packumentCache full:https://registry.npmjs.org/fast-json-stable-stringify set size:11337 disposed:false
318 http cache https://registry.npmjs.org/@types%2fjson-schema 5ms (cache hit)
319 silly packumentCache full:https://registry.npmjs.org/@types%2fjson-schema set size:44704 disposed:false
320 http cache https://registry.npmjs.org/uri-js 5ms (cache hit)
321 silly packumentCache full:https://registry.npmjs.org/uri-js set size:42559 disposed:false
322 http cache https://registry.npmjs.org/@types%2fesrecurse 6ms (cache hit)
323 silly packumentCache full:https://registry.npmjs.org/@types%2fesrecurse set size:3878 disposed:false
324 http cache https://registry.npmjs.org/esrecurse 6ms (cache hit)
325 silly packumentCache full:https://registry.npmjs.org/esrecurse set size:29005 disposed:false
326 http cache https://registry.npmjs.org/acorn-jsx 5ms (cache hit)
327 silly packumentCache full:https://registry.npmjs.org/acorn-jsx set size:71068 disposed:false
328 http cache https://registry.npmjs.org/brace-expansion 4ms (cache hit)
329 silly packumentCache full:https://registry.npmjs.org/brace-expansion set size:101024 disposed:false
330 silly placeDep ROOT @eslint/object-schema@3.0.5 OK for: @eslint/config-array@0.23.5 want: ^3.0.5
331 silly placeDep ROOT @types/json-schema@7.0.15 OK for: @eslint/core@1.2.1 want: ^7.0.15
332 silly placeDep ROOT fast-json-stable-stringify@2.1.0 OK for: ajv@6.15.0 want: ^2.0.0
333 silly placeDep ROOT json-schema-traverse@0.4.1 OK for: ajv@6.15.0 want: ^0.4.1
334 silly placeDep ROOT uri-js@4.4.1 OK for: ajv@6.15.0 want: ^4.2.2
335 silly fetch manifest punycode@^2.1.0
336 silly packumentCache full:https://registry.npmjs.org/punycode cache-miss
337 http cache https://registry.npmjs.org/punycode 1ms (cache hit)
338 silly packumentCache full:https://registry.npmjs.org/punycode set size:61278 disposed:false
339 silly fetch manifest typescript-eslint@^8.46.0
340 silly packumentCache full:https://registry.npmjs.org/typescript-eslint cache-miss
341 http cache https://registry.npmjs.org/typescript-eslint 4ms (cache hit)
342 silly packumentCache full:https://registry.npmjs.org/typescript-eslint set size:4562520 disposed:false
343 silly fetch manifest eslint@>=9.0.0
344 silly packumentCache full:https://registry.npmjs.org/eslint cache-miss
345 http cache https://registry.npmjs.org/eslint 2ms (cache hit)
346 silly packumentCache full:https://registry.npmjs.org/eslint set size:2062456 disposed:false
347 silly fetch manifest typescript@>=3.3.1
348 silly packumentCache full:https://registry.npmjs.org/typescript cache-miss
349 http cache https://registry.npmjs.org/typescript 14ms (cache hit)
350 silly packumentCache full:https://registry.npmjs.org/typescript set size:15580933 disposed:false
351 silly fetch manifest typescript@>=4.8.4 <6.1.0
352 silly packumentCache full:https://registry.npmjs.org/typescript cache-miss
353 http cache https://registry.npmjs.org/typescript 10ms (cache hit)
354 silly packumentCache full:https://registry.npmjs.org/typescript set size:15580933 disposed:false
355 silly fetch manifest eslint@^3 || ^4 || ^5 || ^6 || ^7 || ^8 || ^9.7
356 silly packumentCache full:https://registry.npmjs.org/eslint cache-miss
357 http cache https://registry.npmjs.org/eslint 6ms (cache hit)
358 silly packumentCache full:https://registry.npmjs.org/eslint set size:2062456 disposed:false
359 silly fetch manifest eslint@^2 || ^3 || ^4 || ^5 || ^6 || ^7.2.0 || ^8 || ^9
360 silly packumentCache full:https://registry.npmjs.org/eslint cache-miss
361 http cache https://registry.npmjs.org/eslint 2ms (cache hit)
362 silly packumentCache full:https://registry.npmjs.org/eslint set size:2062456 disposed:false
363 silly fetch manifest eslint@^3 || ^4 || ^5 || ^6 || ^7 || ^8 || ^9
364 silly packumentCache full:https://registry.npmjs.org/eslint cache-miss
365 http cache https://registry.npmjs.org/eslint 2ms (cache hit)
366 silly packumentCache full:https://registry.npmjs.org/eslint set size:2062456 disposed:false
367 silly fetch manifest eslint-plugin-import-x@*
368 silly packumentCache full:https://registry.npmjs.org/eslint-plugin-import-x cache-miss
369 http cache https://registry.npmjs.org/eslint-plugin-import-x 1ms (cache hit)
370 silly packumentCache full:https://registry.npmjs.org/eslint-plugin-import-x set size:276235 disposed:false
371 silly fetch manifest @typescript-eslint/utils@^8.56.0
372 silly packumentCache full:https://registry.npmjs.org/@typescript-eslint%2futils cache-miss
373 http cache https://registry.npmjs.org/@typescript-eslint%2futils 8ms (cache hit)
374 silly packumentCache full:https://registry.npmjs.org/@typescript-eslint%2futils set size:10761579 disposed:false
375 silly fetch manifest eslint-import-resolver-node@^0.3.6
376 silly packumentCache full:https://registry.npmjs.org/eslint-import-resolver-node cache-miss
377 http cache https://registry.npmjs.org/eslint-import-resolver-node 1ms (cache hit)
378 silly packumentCache full:https://registry.npmjs.org/eslint-import-resolver-node set size:39118 disposed:false
379 silly placeDep ROOT eslint-import-resolver-typescript@3.10.1 OK for: eslint-config-next@16.3.2 want: ^3.5.2
380 silly placeDep ROOT eslint-plugin-import@2.32.0 OK for: eslint-config-next@16.3.2 want: ^2.32.0
381 silly placeDep ROOT eslint@9.39.5 REPLACE for: eslint-plugin-import@2.32.0 want: ^2 || ^3 || ^4 || ^5 || ^6 || ^7.2.0 || ^8 || ^9
382 silly placeDep ROOT eslint-plugin-jsx-a11y@6.10.2 OK for: eslint-config-next@16.3.2 want: ^6.10.0
383 silly placeDep ROOT eslint-plugin-react@7.37.5 OK for: eslint-config-next@16.3.2 want: ^7.37.0
384 silly placeDep ROOT typescript-eslint@8.67.0 OK for: eslint-config-next@16.3.2 want: ^8.46.0
385 silly placeDep ROOT typescript@6.0.3 REPLACE for: typescript-eslint@8.67.0 want: >=4.8.4 <6.1.0
386 silly fetch manifest tinyglobby@^0.2.13
387 silly packumentCache full:https://registry.npmjs.org/tinyglobby cache-miss
388 silly fetch manifest stable-hash@^0.0.5
389 silly packumentCache full:https://registry.npmjs.org/stable-hash cache-miss
390 silly fetch manifest get-tsconfig@^4.10.0
391 silly packumentCache full:https://registry.npmjs.org/get-tsconfig cache-miss
392 silly fetch manifest is-bun-module@^2.0.0
393 silly packumentCache full:https://registry.npmjs.org/is-bun-module cache-miss
394 silly fetch manifest unrs-resolver@^1.6.2
395 silly packumentCache full:https://registry.npmjs.org/unrs-resolver cache-miss
396 silly fetch manifest @nolyfill/is-core-module@1.0.39
397 silly packumentCache full:https://registry.npmjs.org/@nolyfill%2fis-core-module cache-miss
398 silly fetch manifest @rtsao/scc@^1.1.0
399 silly packumentCache full:https://registry.npmjs.org/@rtsao%2fscc cache-miss
400 silly fetch manifest array.prototype.findlastindex@^1.2.6
401 silly packumentCache full:https://registry.npmjs.org/array.prototype.findlastindex cache-miss
402 silly fetch manifest debug@^3.2.7
403 silly packumentCache full:https://registry.npmjs.org/debug cache-miss
404 http cache https://registry.npmjs.org/get-tsconfig 3ms (cache hit)
405 silly packumentCache full:https://registry.npmjs.org/get-tsconfig set size:146232 disposed:false
406 silly fetch manifest eslint-module-utils@^2.12.1
407 silly packumentCache full:https://registry.npmjs.org/eslint-module-utils cache-miss
408 http cache https://registry.npmjs.org/array.prototype.findlastindex 2ms (cache hit)
409 silly packumentCache full:https://registry.npmjs.org/array.prototype.findlastindex set size:44828 disposed:false
410 silly fetch manifest minimatch@^3.1.2
411 silly packumentCache full:https://registry.npmjs.org/minimatch cache-hit
412 silly fetch manifest object.groupby@^1.0.3
413 silly packumentCache full:https://registry.npmjs.org/object.groupby cache-miss
414 http cache https://registry.npmjs.org/is-bun-module 4ms (cache hit)
415 silly packumentCache full:https://registry.npmjs.org/is-bun-module set size:19768 disposed:false
416 silly fetch manifest tsconfig-paths@^3.15.0
417 silly packumentCache full:https://registry.npmjs.org/tsconfig-paths cache-miss
418 http cache https://registry.npmjs.org/tinyglobby 4ms (cache hit)
419 silly packumentCache full:https://registry.npmjs.org/tinyglobby set size:54291 disposed:false
420 silly fetch manifest chalk@^4.0.0
421 silly packumentCache full:https://registry.npmjs.org/chalk cache-miss
422 http cache https://registry.npmjs.org/stable-hash 6ms (cache hit)
423 silly packumentCache full:https://registry.npmjs.org/stable-hash set size:18359 disposed:false
424 silly fetch manifest espree@^10.4.0
425 silly packumentCache full:https://registry.npmjs.org/espree cache-hit
426 silly fetch manifest minimatch@^3.1.5
427 silly packumentCache full:https://registry.npmjs.org/minimatch cache-hit
428 silly fetch manifest @eslint/js@9.39.5
429 silly packumentCache full:https://registry.npmjs.org/@eslint%2fjs cache-miss
430 http cache https://registry.npmjs.org/unrs-resolver 6ms (cache hit)
431 silly packumentCache full:https://registry.npmjs.org/unrs-resolver set size:151128 disposed:false
432 silly fetch manifest @eslint/core@^0.17.0
433 silly packumentCache full:https://registry.npmjs.org/@eslint%2fcore cache-hit
434 silly fetch manifest eslint-scope@^8.4.0
435 silly packumentCache full:https://registry.npmjs.org/eslint-scope cache-hit
436 silly fetch manifest lodash.merge@^4.6.2
437 silly packumentCache full:https://registry.npmjs.org/lodash.merge cache-miss
438 http cache https://registry.npmjs.org/@rtsao%2fscc 6ms (cache hit)
439 silly packumentCache full:https://registry.npmjs.org/@rtsao%2fscc set size:6332 disposed:false
440 silly fetch manifest @types/estree@^1.0.6
441 silly packumentCache full:https://registry.npmjs.org/@types%2festree cache-miss
442 http cache https://registry.npmjs.org/debug 6ms (cache hit)
443 silly packumentCache full:https://registry.npmjs.org/debug set size:195840 disposed:false
444 silly fetch manifest @eslint/eslintrc@^3.3.6
445 silly packumentCache full:https://registry.npmjs.org/@eslint%2feslintrc cache-miss
446 http cache https://registry.npmjs.org/@nolyfill%2fis-core-module 8ms (cache hit)
447 silly packumentCache full:https://registry.npmjs.org/@nolyfill%2fis-core-module set size:10461 disposed:false
448 silly fetch manifest @eslint/plugin-kit@^0.4.1
449 silly packumentCache full:https://registry.npmjs.org/@eslint%2fplugin-kit cache-hit
450 silly fetch manifest eslint-visitor-keys@^4.2.1
451 silly packumentCache full:https://registry.npmjs.org/eslint-visitor-keys cache-hit
452 silly fetch manifest @eslint/config-array@^0.21.2
453 silly packumentCache full:https://registry.npmjs.org/@eslint%2fconfig-array cache-hit
454 silly fetch manifest @eslint/config-helpers@^0.4.2
455 silly packumentCache full:https://registry.npmjs.org/@eslint%2fconfig-helpers cache-hit
456 silly fetch manifest aria-query@^5.3.2
457 silly packumentCache full:https://registry.npmjs.org/aria-query cache-miss
458 http cache https://registry.npmjs.org/tsconfig-paths 7ms (cache hit)
459 silly packumentCache full:https://registry.npmjs.org/tsconfig-paths set size:192565 disposed:false
460 silly fetch manifest ast-types-flow@^0.0.8
461 silly packumentCache full:https://registry.npmjs.org/ast-types-flow cache-miss
462 http cache https://registry.npmjs.org/eslint-module-utils 9ms (cache hit)
463 silly packumentCache full:https://registry.npmjs.org/eslint-module-utils set size:83654 disposed:false
464 silly fetch manifest axe-core@^4.10.0
465 silly packumentCache full:https://registry.npmjs.org/axe-core cache-miss
466 http cache https://registry.npmjs.org/object.groupby 8ms (cache hit)
467 silly packumentCache full:https://registry.npmjs.org/object.groupby set size:15504 disposed:false
468 silly fetch manifest axobject-query@^4.1.0
469 silly packumentCache full:https://registry.npmjs.org/axobject-query cache-miss
470 http cache https://registry.npmjs.org/chalk 7ms (cache hit)
471 silly packumentCache full:https://registry.npmjs.org/chalk set size:134775 disposed:false
472 silly fetch manifest damerau-levenshtein@^1.0.8
473 silly packumentCache full:https://registry.npmjs.org/damerau-levenshtein cache-miss
474 http cache https://registry.npmjs.org/@eslint%2fjs 7ms (cache hit)
475 silly packumentCache full:https://registry.npmjs.org/@eslint%2fjs set size:141633 disposed:false
476 silly fetch manifest emoji-regex@^9.2.2
477 silly packumentCache full:https://registry.npmjs.org/emoji-regex cache-miss
478 http cache https://registry.npmjs.org/@types%2festree 7ms (cache hit)
479 silly packumentCache full:https://registry.npmjs.org/@types%2festree set size:76072 disposed:false
480 silly fetch manifest language-tags@^1.0.9
481 silly packumentCache full:https://registry.npmjs.org/language-tags cache-miss
482 http cache https://registry.npmjs.org/lodash.merge 7ms (cache hit)
483 silly packumentCache full:https://registry.npmjs.org/lodash.merge set size:78575 disposed:false
484 silly fetch manifest string.prototype.includes@^2.0.1
485 silly packumentCache full:https://registry.npmjs.org/string.prototype.includes cache-miss
486 http cache https://registry.npmjs.org/aria-query 5ms (cache hit)
487 silly packumentCache full:https://registry.npmjs.org/aria-query set size:98864 disposed:false
488 silly fetch manifest array.prototype.findlast@^1.2.5
489 silly packumentCache full:https://registry.npmjs.org/array.prototype.findlast cache-miss
490 http cache https://registry.npmjs.org/@eslint%2feslintrc 7ms (cache hit)
491 silly packumentCache full:https://registry.npmjs.org/@eslint%2feslintrc set size:171352 disposed:false
492 silly fetch manifest array.prototype.tosorted@^1.1.4
493 silly packumentCache full:https://registry.npmjs.org/array.prototype.tosorted cache-miss
494 http cache https://registry.npmjs.org/axobject-query 5ms (cache hit)
495 silly packumentCache full:https://registry.npmjs.org/axobject-query set size:75032 disposed:false
496 silly fetch manifest es-iterator-helpers@^1.2.1
497 silly packumentCache full:https://registry.npmjs.org/es-iterator-helpers cache-miss
498 http cache https://registry.npmjs.org/language-tags 4ms (cache hit)
499 silly packumentCache full:https://registry.npmjs.org/language-tags set size:38675 disposed:false
500 silly fetch manifest prop-types@^15.8.1
501 silly packumentCache full:https://registry.npmjs.org/prop-types cache-miss
502 http cache https://registry.npmjs.org/ast-types-flow 7ms (cache hit)
503 silly packumentCache full:https://registry.npmjs.org/ast-types-flow set size:15144 disposed:false
504 silly fetch manifest string.prototype.matchall@^4.0.12
505 silly packumentCache full:https://registry.npmjs.org/string.prototype.matchall cache-miss
506 http cache https://registry.npmjs.org/damerau-levenshtein 5ms (cache hit)
507 silly packumentCache full:https://registry.npmjs.org/damerau-levenshtein set size:23390 disposed:false
508 silly fetch manifest string.prototype.repeat@^1.0.0
509 silly packumentCache full:https://registry.npmjs.org/string.prototype.repeat cache-miss
510 http cache https://registry.npmjs.org/emoji-regex 6ms (cache hit)
511 silly packumentCache full:https://registry.npmjs.org/emoji-regex set size:89064 disposed:false
512 silly fetch manifest @typescript-eslint/utils@8.67.0
513 silly packumentCache full:https://registry.npmjs.org/@typescript-eslint%2futils cache-miss
514 http cache https://registry.npmjs.org/string.prototype.includes 5ms (cache hit)
515 silly packumentCache full:https://registry.npmjs.org/string.prototype.includes set size:10217 disposed:false
516 silly fetch manifest @typescript-eslint/parser@8.67.0
517 silly packumentCache full:https://registry.npmjs.org/@typescript-eslint%2fparser cache-miss
518 http cache https://registry.npmjs.org/axe-core 13ms (cache hit)
519 silly packumentCache full:https://registry.npmjs.org/axe-core set size:9918111 disposed:false
520 silly fetch manifest @typescript-eslint/eslint-plugin@8.67.0
521 silly packumentCache full:https://registry.npmjs.org/@typescript-eslint%2feslint-plugin cache-miss
522 http cache https://registry.npmjs.org/array.prototype.findlast 28ms (cache hit)
523 silly packumentCache full:https://registry.npmjs.org/array.prototype.findlast set size:40323 disposed:false
524 silly fetch manifest @typescript-eslint/typescript-estree@8.67.0
525 silly packumentCache full:https://registry.npmjs.org/@typescript-eslint%2ftypescript-estree cache-miss
526 http cache https://registry.npmjs.org/array.prototype.tosorted 30ms (cache hit)
527 silly packumentCache full:https://registry.npmjs.org/array.prototype.tosorted set size:24661 disposed:false
528 http cache https://registry.npmjs.org/es-iterator-helpers 30ms (cache hit)
529 silly packumentCache full:https://registry.npmjs.org/es-iterator-helpers set size:281513 disposed:false
530 http cache https://registry.npmjs.org/string.prototype.matchall 30ms (cache hit)
531 silly packumentCache full:https://registry.npmjs.org/string.prototype.matchall set size:63239 disposed:false
532 http cache https://registry.npmjs.org/prop-types 31ms (cache hit)
533 silly packumentCache full:https://registry.npmjs.org/prop-types set size:76747 disposed:false
534 http cache https://registry.npmjs.org/string.prototype.repeat 30ms (cache hit)
535 silly packumentCache full:https://registry.npmjs.org/string.prototype.repeat set size:8608 disposed:false
536 http cache https://registry.npmjs.org/@typescript-eslint%2futils 36ms (cache hit)
537 silly packumentCache full:https://registry.npmjs.org/@typescript-eslint%2futils set size:10761579 disposed:false
538 http cache https://registry.npmjs.org/@typescript-eslint%2ftypescript-estree 42ms (cache hit)
539 silly packumentCache full:https://registry.npmjs.org/@typescript-eslint%2ftypescript-estree set size:16984426 disposed:false
540 http cache https://registry.npmjs.org/@typescript-eslint%2fparser 105ms (cache hit)
541 silly packumentCache full:https://registry.npmjs.org/@typescript-eslint%2fparser set size:15727240 disposed:false
542 http cache https://registry.npmjs.org/@typescript-eslint%2feslint-plugin 116ms (cache hit)
543 silly packumentCache full:https://registry.npmjs.org/@typescript-eslint%2feslint-plugin set size:18670781 disposed:false
544 silly placeDep ROOT @eslint/config-array@0.21.2 OK for: eslint@9.39.5 want: ^0.21.2
545 silly placeDep ROOT @eslint/config-helpers@0.4.2 OK for: eslint@9.39.5 want: ^0.4.2
546 silly placeDep ROOT @eslint/core@0.17.0 OK for: eslint@9.39.5 want: ^0.17.0
547 silly placeDep ROOT @eslint/eslintrc@3.3.6 OK for: eslint@9.39.5 want: ^3.3.6
548 silly placeDep ROOT @eslint/js@9.39.5 OK for: eslint@9.39.5 want: 9.39.5
549 silly placeDep ROOT @eslint/plugin-kit@0.4.1 OK for: eslint@9.39.5 want: ^0.4.1
550 silly placeDep ROOT @types/estree@1.0.9 OK for: eslint@9.39.5 want: ^1.0.6
551 silly placeDep ROOT chalk@4.1.2 OK for: eslint@9.39.5 want: ^4.0.0
552 silly placeDep ROOT eslint-scope@8.4.0 OK for: eslint@9.39.5 want: ^8.4.0
553 silly placeDep ROOT eslint-visitor-keys@4.2.1 OK for: eslint@9.39.5 want: ^4.2.1
554 silly placeDep ROOT espree@10.4.0 OK for: eslint@9.39.5 want: ^10.4.0
555 silly placeDep ROOT lodash.merge@4.6.2 OK for: eslint@9.39.5 want: ^4.6.2
556 silly placeDep ROOT minimatch@3.1.5 OK for: eslint@9.39.5 want: ^3.1.5
557 silly fetch manifest @eslint/object-schema@^2.1.7
558 silly packumentCache full:https://registry.npmjs.org/@eslint%2fobject-schema cache-hit
559 silly fetch manifest espree@^10.0.1
560 silly packumentCache full:https://registry.npmjs.org/espree cache-hit
561 silly fetch manifest globals@^14.0.0
562 silly packumentCache full:https://registry.npmjs.org/globals cache-miss
563 silly fetch manifest import-fresh@^3.2.1
564 silly packumentCache full:https://registry.npmjs.org/import-fresh cache-miss
565 silly fetch manifest js-yaml@^4.3.0
566 silly packumentCache full:https://registry.npmjs.org/js-yaml cache-miss
567 silly fetch manifest strip-json-comments@^3.1.1
568 silly packumentCache full:https://registry.npmjs.org/strip-json-comments cache-miss
569 silly fetch manifest ansi-styles@^4.1.0
570 silly packumentCache full:https://registry.npmjs.org/ansi-styles cache-miss
571 silly fetch manifest supports-color@^7.1.0
572 silly packumentCache full:https://registry.npmjs.org/supports-color cache-miss
573 silly fetch manifest acorn@^8.15.0
574 silly packumentCache full:https://registry.npmjs.org/acorn cache-hit
575 silly fetch manifest brace-expansion@^1.1.7
576 silly packumentCache full:https://registry.npmjs.org/brace-expansion cache-hit
577 http cache https://registry.npmjs.org/supports-color 2ms (cache hit)
578 silly packumentCache full:https://registry.npmjs.org/supports-color set size:124169 disposed:false
579 http cache https://registry.npmjs.org/strip-json-comments 3ms (cache hit)
580 silly packumentCache full:https://registry.npmjs.org/strip-json-comments set size:43569 disposed:false
581 http cache https://registry.npmjs.org/js-yaml 4ms (cache hit)
582 silly packumentCache full:https://registry.npmjs.org/js-yaml set size:182023 disposed:false
583 http cache https://registry.npmjs.org/import-fresh 5ms (cache hit)
584 silly packumentCache full:https://registry.npmjs.org/import-fresh set size:24604 disposed:false
585 http cache https://registry.npmjs.org/globals 5ms (cache hit)
586 silly packumentCache full:https://registry.npmjs.org/globals set size:335107 disposed:false
587 http cache https://registry.npmjs.org/ansi-styles 5ms (cache hit)
588 silly packumentCache full:https://registry.npmjs.org/ansi-styles set size:71772 disposed:false
589 silly placeDep ROOT @eslint/object-schema@2.1.7 OK for: @eslint/config-array@0.21.2 want: ^2.1.7
590 silly placeDep ROOT @types/json-schema@7.0.15 OK for: @eslint/core@0.17.0 want: ^7.0.15
591 silly placeDep node_modules/@eslint/eslintrc globals@14.0.0 OK for: @eslint/eslintrc@3.3.6 want: ^14.0.0
592 silly placeDep ROOT import-fresh@3.3.1 OK for: @eslint/eslintrc@3.3.6 want: ^3.2.1
593 silly placeDep ROOT js-yaml@4.3.1 OK for: @eslint/eslintrc@3.3.6 want: ^4.3.0
594 silly placeDep ROOT strip-json-comments@3.1.1 OK for: @eslint/eslintrc@3.3.6 want: ^3.1.1
595 silly fetch manifest resolve-from@^4.0.0
596 silly packumentCache full:https://registry.npmjs.org/resolve-from cache-miss
597 silly fetch manifest parent-module@^1.0.0
598 silly packumentCache full:https://registry.npmjs.org/parent-module cache-miss
599 silly fetch manifest argparse@^2.0.1
600 silly packumentCache full:https://registry.npmjs.org/argparse cache-miss
601 http cache https://registry.npmjs.org/resolve-from 1ms (cache hit)
602 silly packumentCache full:https://registry.npmjs.org/resolve-from set size:12911 disposed:false
603 http cache https://registry.npmjs.org/argparse 2ms (cache hit)
604 silly packumentCache full:https://registry.npmjs.org/argparse set size:51348 disposed:false
605 http cache https://registry.npmjs.org/parent-module 2ms (cache hit)
606 silly packumentCache full:https://registry.npmjs.org/parent-module set size:18255 disposed:false
607 silly placeDep ROOT ansi-styles@4.3.0 OK for: chalk@4.1.2 want: ^4.1.0
608 silly placeDep ROOT supports-color@7.2.0 OK for: chalk@4.1.2 want: ^7.1.0
609 silly fetch manifest color-convert@^2.0.1
610 silly packumentCache full:https://registry.npmjs.org/color-convert cache-miss
611 silly fetch manifest has-flag@^4.0.0
612 silly packumentCache full:https://registry.npmjs.org/has-flag cache-miss
613 http cache https://registry.npmjs.org/color-convert 1ms (cache hit)
614 silly packumentCache full:https://registry.npmjs.org/color-convert set size:72663 disposed:false
615 http cache https://registry.npmjs.org/has-flag 1ms (cache hit)
616 silly packumentCache full:https://registry.npmjs.org/has-flag set size:15180 disposed:false
617 silly placeDep ROOT color-convert@2.0.1 OK for: ansi-styles@4.3.0 want: ^2.0.1
618 silly fetch manifest color-name@~1.1.4
619 silly packumentCache full:https://registry.npmjs.org/color-name cache-miss
620 http cache https://registry.npmjs.org/color-name 0ms (cache hit)
621 silly packumentCache full:https://registry.npmjs.org/color-name set size:20968 disposed:false
622 silly placeDep ROOT color-name@1.1.4 OK for: color-convert@2.0.1 want: ~1.1.4
623 silly placeDep ROOT @nolyfill/is-core-module@1.0.39 OK for: eslint-import-resolver-typescript@3.10.1 want: 1.0.39
624 silly placeDep ROOT get-tsconfig@4.14.3 OK for: eslint-import-resolver-typescript@3.10.1 want: ^4.10.0
625 silly placeDep ROOT is-bun-module@2.0.0 OK for: eslint-import-resolver-typescript@3.10.1 want: ^2.0.0
626 silly placeDep ROOT stable-hash@0.0.5 OK for: eslint-import-resolver-typescript@3.10.1 want: ^0.0.5
627 silly placeDep ROOT tinyglobby@0.2.17 OK for: eslint-import-resolver-typescript@3.10.1 want: ^0.2.13
628 silly placeDep ROOT unrs-resolver@1.12.2 OK for: eslint-import-resolver-typescript@3.10.1 want: ^1.6.2
629 silly fetch manifest resolve-pkg-maps@^1.0.0
630 silly packumentCache full:https://registry.npmjs.org/resolve-pkg-maps cache-miss
631 silly fetch manifest semver@^7.7.1
632 silly packumentCache full:https://registry.npmjs.org/semver cache-miss
633 silly fetch manifest fdir@^6.5.0
634 silly packumentCache full:https://registry.npmjs.org/fdir cache-miss
635 silly fetch manifest picomatch@^4.0.4
636 silly packumentCache full:https://registry.npmjs.org/picomatch cache-miss
637 silly fetch manifest napi-postinstall@^0.3.4
638 silly packumentCache full:https://registry.npmjs.org/napi-postinstall cache-miss
639 silly fetch manifest @unrs/resolver-binding-darwin-arm64@1.12.2
640 silly packumentCache full:https://registry.npmjs.org/@unrs%2fresolver-binding-darwin-arm64 cache-miss
641 silly fetch manifest @unrs/resolver-binding-android-arm64@1.12.2
642 silly packumentCache full:https://registry.npmjs.org/@unrs%2fresolver-binding-android-arm64 cache-miss
643 silly fetch manifest @unrs/resolver-binding-win32-arm64-msvc@1.12.2
644 silly packumentCache full:https://registry.npmjs.org/@unrs%2fresolver-binding-win32-arm64-msvc cache-miss
645 silly fetch manifest @unrs/resolver-binding-linux-arm64-gnu@1.12.2
646 silly packumentCache full:https://registry.npmjs.org/@unrs%2fresolver-binding-linux-arm64-gnu cache-miss
647 http cache https://registry.npmjs.org/resolve-pkg-maps 3ms (cache hit)
648 silly packumentCache full:https://registry.npmjs.org/resolve-pkg-maps set size:11615 disposed:false
649 silly fetch manifest @unrs/resolver-binding-linux-arm64-musl@1.12.2
650 silly packumentCache full:https://registry.npmjs.org/@unrs%2fresolver-binding-linux-arm64-musl cache-miss
651 http cache https://registry.npmjs.org/napi-postinstall 3ms (cache hit)
652 silly packumentCache full:https://registry.npmjs.org/napi-postinstall set size:41400 disposed:false
653 silly fetch manifest @unrs/resolver-binding-openharmony-arm64@1.12.2
654 silly packumentCache full:https://registry.npmjs.org/@unrs%2fresolver-binding-openharmony-arm64 cache-miss
655 http cache https://registry.npmjs.org/fdir 3ms (cache hit)
656 silly packumentCache full:https://registry.npmjs.org/fdir set size:136182 disposed:false
657 silly fetch manifest @unrs/resolver-binding-android-arm-eabi@1.12.2
658 silly packumentCache full:https://registry.npmjs.org/@unrs%2fresolver-binding-android-arm-eabi cache-miss
659 http cache https://registry.npmjs.org/semver 4ms (cache hit)
660 silly packumentCache full:https://registry.npmjs.org/semver set size:246069 disposed:false
661 silly fetch manifest @unrs/resolver-binding-linux-arm-gnueabihf@1.12.2
662 silly packumentCache full:https://registry.npmjs.org/@unrs%2fresolver-binding-linux-arm-gnueabihf cache-miss
663 http cache https://registry.npmjs.org/picomatch 5ms (cache hit)
664 silly packumentCache full:https://registry.npmjs.org/picomatch set size:128942 disposed:false
665 silly fetch manifest @unrs/resolver-binding-linux-arm-musleabihf@1.12.2
666 silly packumentCache full:https://registry.npmjs.org/@unrs%2fresolver-binding-linux-arm-musleabihf cache-miss
667 http cache https://registry.npmjs.org/@unrs%2fresolver-binding-android-arm64 4ms (cache hit)
668 silly packumentCache full:https://registry.npmjs.org/@unrs%2fresolver-binding-android-arm64 set size:17616 disposed:false
669 silly fetch manifest @unrs/resolver-binding-win32-ia32-msvc@1.12.2
670 silly packumentCache full:https://registry.npmjs.org/@unrs%2fresolver-binding-win32-ia32-msvc cache-miss
671 http cache https://registry.npmjs.org/@unrs%2fresolver-binding-darwin-arm64 5ms (cache hit)
672 silly packumentCache full:https://registry.npmjs.org/@unrs%2fresolver-binding-darwin-arm64 set size:63676 disposed:false
673 silly fetch manifest @unrs/resolver-binding-linux-loong64-gnu@1.12.2
674 silly packumentCache full:https://registry.npmjs.org/@unrs%2fresolver-binding-linux-loong64-gnu cache-miss
675 http cache https://registry.npmjs.org/@unrs%2fresolver-binding-linux-arm64-gnu 5ms (cache hit)
676 silly packumentCache full:https://registry.npmjs.org/@unrs%2fresolver-binding-linux-arm64-gnu set size:65047 disposed:false
677 silly fetch manifest @unrs/resolver-binding-linux-loong64-musl@1.12.2
678 silly packumentCache full:https://registry.npmjs.org/@unrs%2fresolver-binding-linux-loong64-musl cache-miss
679 http cache https://registry.npmjs.org/@unrs%2fresolver-binding-win32-arm64-msvc 6ms (cache hit)
680 silly packumentCache full:https://registry.npmjs.org/@unrs%2fresolver-binding-win32-arm64-msvc set size:64613 disposed:false
681 silly fetch manifest @unrs/resolver-binding-linux-ppc64-gnu@1.12.2
682 silly packumentCache full:https://registry.npmjs.org/@unrs%2fresolver-binding-linux-ppc64-gnu cache-miss
683 http cache https://registry.npmjs.org/@unrs%2fresolver-binding-linux-arm64-musl 5ms (cache hit)
684 silly packumentCache full:https://registry.npmjs.org/@unrs%2fresolver-binding-linux-arm64-musl set size:65257 disposed:false
685 silly fetch manifest @unrs/resolver-binding-linux-riscv64-gnu@1.12.2
686 silly packumentCache full:https://registry.npmjs.org/@unrs%2fresolver-binding-linux-riscv64-gnu cache-miss
687 http cache https://registry.npmjs.org/@unrs%2fresolver-binding-linux-arm-gnueabihf 3ms (cache hit)
688 silly packumentCache full:https://registry.npmjs.org/@unrs%2fresolver-binding-linux-arm-gnueabihf set size:65279 disposed:false
689 silly fetch manifest @unrs/resolver-binding-linux-riscv64-musl@1.12.2
690 silly packumentCache full:https://registry.npmjs.org/@unrs%2fresolver-binding-linux-riscv64-musl cache-miss
691 http cache https://registry.npmjs.org/@unrs%2fresolver-binding-android-arm-eabi 4ms (cache hit)
692 silly packumentCache full:https://registry.npmjs.org/@unrs%2fresolver-binding-android-arm-eabi set size:17797 disposed:false
693 silly fetch manifest @unrs/resolver-binding-linux-s390x-gnu@1.12.2
694 silly packumentCache full:https://registry.npmjs.org/@unrs%2fresolver-binding-linux-s390x-gnu cache-miss
695 http cache https://registry.npmjs.org/@unrs%2fresolver-binding-openharmony-arm64 6ms (cache hit)
696 silly packumentCache full:https://registry.npmjs.org/@unrs%2fresolver-binding-openharmony-arm64 set size:7350 disposed:false
697 silly fetch manifest @unrs/resolver-binding-wasm32-wasi@1.12.2
698 silly packumentCache full:https://registry.npmjs.org/@unrs%2fresolver-binding-wasm32-wasi cache-miss
699 http cache https://registry.npmjs.org/@unrs%2fresolver-binding-linux-arm-musleabihf 4ms (cache hit)
700 silly packumentCache full:https://registry.npmjs.org/@unrs%2fresolver-binding-linux-arm-musleabihf set size:65533 disposed:false
701 silly fetch manifest @unrs/resolver-binding-darwin-x64@1.12.2
702 silly packumentCache full:https://registry.npmjs.org/@unrs%2fresolver-binding-darwin-x64 cache-miss
703 http cache https://registry.npmjs.org/@unrs%2fresolver-binding-linux-loong64-gnu 3ms (cache hit)
704 silly packumentCache full:https://registry.npmjs.org/@unrs%2fresolver-binding-linux-loong64-gnu set size:4107 disposed:false
705 silly fetch manifest @unrs/resolver-binding-win32-x64-msvc@1.12.2
706 silly packumentCache full:https://registry.npmjs.org/@unrs%2fresolver-binding-win32-x64-msvc cache-miss
707 http cache https://registry.npmjs.org/@unrs%2fresolver-binding-win32-ia32-msvc 3ms (cache hit)
708 silly packumentCache full:https://registry.npmjs.org/@unrs%2fresolver-binding-win32-ia32-msvc set size:64317 disposed:false
709 silly fetch manifest @unrs/resolver-binding-freebsd-x64@1.12.2
710 silly packumentCache full:https://registry.npmjs.org/@unrs%2fresolver-binding-freebsd-x64 cache-miss
711 http cache https://registry.npmjs.org/@unrs%2fresolver-binding-linux-loong64-musl 4ms (cache hit)
712 silly packumentCache full:https://registry.npmjs.org/@unrs%2fresolver-binding-linux-loong64-musl set size:4124 disposed:false
713 silly fetch manifest @unrs/resolver-binding-linux-x64-gnu@1.12.2
714 silly packumentCache full:https://registry.npmjs.org/@unrs%2fresolver-binding-linux-x64-gnu cache-miss
715 http cache https://registry.npmjs.org/@unrs%2fresolver-binding-linux-ppc64-gnu 4ms (cache hit)
716 silly packumentCache full:https://registry.npmjs.org/@unrs%2fresolver-binding-linux-ppc64-gnu set size:65057 disposed:false
717 silly fetch manifest @unrs/resolver-binding-linux-x64-musl@1.12.2
718 silly packumentCache full:https://registry.npmjs.org/@unrs%2fresolver-binding-linux-x64-musl cache-miss
719 http cache https://registry.npmjs.org/@unrs%2fresolver-binding-wasm32-wasi 3ms (cache hit)
720 silly packumentCache full:https://registry.npmjs.org/@unrs%2fresolver-binding-wasm32-wasi set size:67358 disposed:false
721 http cache https://registry.npmjs.org/@unrs%2fresolver-binding-linux-s390x-gnu 3ms (cache hit)
722 silly packumentCache full:https://registry.npmjs.org/@unrs%2fresolver-binding-linux-s390x-gnu set size:65047 disposed:false
723 http cache https://registry.npmjs.org/@unrs%2fresolver-binding-linux-riscv64-musl 4ms (cache hit)
724 silly packumentCache full:https://registry.npmjs.org/@unrs%2fresolver-binding-linux-riscv64-musl set size:45710 disposed:false
725 http cache https://registry.npmjs.org/@unrs%2fresolver-binding-linux-riscv64-gnu 4ms (cache hit)
726 silly packumentCache full:https://registry.npmjs.org/@unrs%2fresolver-binding-linux-riscv64-gnu set size:56387 disposed:false
727 http cache https://registry.npmjs.org/@unrs%2fresolver-binding-darwin-x64 4ms (cache hit)
728 silly packumentCache full:https://registry.npmjs.org/@unrs%2fresolver-binding-darwin-x64 set size:63092 disposed:false
729 http cache https://registry.npmjs.org/@unrs%2fresolver-binding-win32-x64-msvc 4ms (cache hit)
730 silly packumentCache full:https://registry.npmjs.org/@unrs%2fresolver-binding-win32-x64-msvc set size:64034 disposed:false
731 http cache https://registry.npmjs.org/@unrs%2fresolver-binding-freebsd-x64 4ms (cache hit)
732 silly packumentCache full:https://registry.npmjs.org/@unrs%2fresolver-binding-freebsd-x64 set size:63388 disposed:false
733 http cache https://registry.npmjs.org/@unrs%2fresolver-binding-linux-x64-gnu 4ms (cache hit)
734 silly packumentCache full:https://registry.npmjs.org/@unrs%2fresolver-binding-linux-x64-gnu set size:64469 disposed:false
735 http cache https://registry.npmjs.org/@unrs%2fresolver-binding-linux-x64-musl 4ms (cache hit)
736 silly packumentCache full:https://registry.npmjs.org/@unrs%2fresolver-binding-linux-x64-musl set size:64685 disposed:false
737 silly placeDep ROOT @rtsao/scc@1.1.0 OK for: eslint-plugin-import@2.32.0 want: ^1.1.0
738 silly placeDep ROOT array.prototype.findlastindex@1.2.6 OK for: eslint-plugin-import@2.32.0 want: ^1.2.6
739 silly placeDep node_modules/eslint-plugin-import debug@3.2.7 OK for: eslint-plugin-import@2.32.0 want: ^3.2.7
740 silly placeDep ROOT eslint-module-utils@2.14.0 OK for: eslint-plugin-import@2.32.0 want: ^2.12.1
741 silly placeDep ROOT object.groupby@1.0.3 OK for: eslint-plugin-import@2.32.0 want: ^1.0.3
742 silly placeDep ROOT tsconfig-paths@3.15.0 OK for: eslint-plugin-import@2.32.0 want: ^3.15.0
743 silly fetch manifest json5@^1.0.2
744 silly packumentCache full:https://registry.npmjs.org/json5 cache-miss
745 silly fetch manifest minimist@^1.2.6
746 silly packumentCache full:https://registry.npmjs.org/minimist cache-miss
747 silly fetch manifest strip-bom@^3.0.0
748 silly packumentCache full:https://registry.npmjs.org/strip-bom cache-miss
749 silly fetch manifest @types/json5@^0.0.29
750 silly packumentCache full:https://registry.npmjs.org/@types%2fjson5 cache-miss
751 http cache https://registry.npmjs.org/json5 1ms (cache hit)
752 silly packumentCache full:https://registry.npmjs.org/json5 set size:86136 disposed:false
753 http cache https://registry.npmjs.org/@types%2fjson5 1ms (cache hit)
754 silly packumentCache full:https://registry.npmjs.org/@types%2fjson5 set size:19581 disposed:false
755 http cache https://registry.npmjs.org/strip-bom 2ms (cache hit)
756 silly packumentCache full:https://registry.npmjs.org/strip-bom set size:19359 disposed:false
757 http cache https://registry.npmjs.org/minimist 2ms (cache hit)
758 silly packumentCache full:https://registry.npmjs.org/minimist set size:77063 disposed:false
759 silly placeDep node_modules/eslint-module-utils debug@3.2.7 OK for: eslint-module-utils@2.14.0 want: ^3.2.7
760 silly placeDep ROOT aria-query@5.3.2 OK for: eslint-plugin-jsx-a11y@6.10.2 want: ^5.3.2
761 silly placeDep ROOT ast-types-flow@0.0.8 OK for: eslint-plugin-jsx-a11y@6.10.2 want: ^0.0.8
762 silly placeDep ROOT axe-core@4.13.0 OK for: eslint-plugin-jsx-a11y@6.10.2 want: ^4.10.0
763 silly placeDep ROOT axobject-query@4.1.0 OK for: eslint-plugin-jsx-a11y@6.10.2 want: ^4.1.0
764 silly placeDep ROOT damerau-levenshtein@1.0.8 OK for: eslint-plugin-jsx-a11y@6.10.2 want: ^1.0.8
765 silly placeDep ROOT emoji-regex@9.2.2 OK for: eslint-plugin-jsx-a11y@6.10.2 want: ^9.2.2
766 silly placeDep ROOT language-tags@1.0.9 OK for: eslint-plugin-jsx-a11y@6.10.2 want: ^1.0.9
767 silly placeDep ROOT string.prototype.includes@2.0.1 OK for: eslint-plugin-jsx-a11y@6.10.2 want: ^2.0.1
768 silly fetch manifest language-subtag-registry@^0.3.20
769 silly packumentCache full:https://registry.npmjs.org/language-subtag-registry cache-miss
770 http cache https://registry.npmjs.org/language-subtag-registry 1ms (cache hit)
771 silly packumentCache full:https://registry.npmjs.org/language-subtag-registry set size:46437 disposed:false
772 silly placeDep ROOT array.prototype.findlast@1.2.5 OK for: eslint-plugin-react@7.37.5 want: ^1.2.5
773 silly placeDep ROOT array.prototype.tosorted@1.1.4 OK for: eslint-plugin-react@7.37.5 want: ^1.1.4
774 silly placeDep ROOT es-iterator-helpers@1.4.0 OK for: eslint-plugin-react@7.37.5 want: ^1.2.1
775 silly placeDep ROOT prop-types@15.8.1 OK for: eslint-plugin-react@7.37.5 want: ^15.8.1
776 silly placeDep ROOT string.prototype.matchall@4.0.12 OK for: eslint-plugin-react@7.37.5 want: ^4.0.12
777 silly placeDep ROOT string.prototype.repeat@1.0.0 OK for: eslint-plugin-react@7.37.5 want: ^1.0.0
778 silly fetch manifest iterator.prototype@^1.1.5
779 silly packumentCache full:https://registry.npmjs.org/iterator.prototype cache-miss
780 silly fetch manifest loose-envify@^1.4.0
781 silly packumentCache full:https://registry.npmjs.org/loose-envify cache-miss
782 silly fetch manifest object-assign@^4.1.1
783 silly packumentCache full:https://registry.npmjs.org/object-assign cache-miss
784 silly fetch manifest react-is@^16.13.1
785 silly packumentCache full:https://registry.npmjs.org/react-is cache-miss
786 http cache https://registry.npmjs.org/loose-envify 1ms (cache hit)
787 silly packumentCache full:https://registry.npmjs.org/loose-envify set size:12559 disposed:false
788 http cache https://registry.npmjs.org/iterator.prototype 1ms (cache hit)
789 silly packumentCache full:https://registry.npmjs.org/iterator.prototype set size:26870 disposed:false
790 http cache https://registry.npmjs.org/object-assign 1ms (cache hit)
791 silly packumentCache full:https://registry.npmjs.org/object-assign set size:28988 disposed:false
792 http cache https://registry.npmjs.org/react-is 5ms (cache hit)
793 silly packumentCache full:https://registry.npmjs.org/react-is set size:5585783 disposed:false
794 silly placeDep ROOT iterator.prototype@1.1.5 OK for: es-iterator-helpers@1.4.0 want: ^1.1.5
795 silly placeDep ROOT esrecurse@4.3.0 OK for: eslint-scope@8.4.0 want: ^4.3.0
796 silly placeDep ROOT acorn@8.18.0 OK for: espree@10.4.0 want: ^8.15.0
797 silly placeDep ROOT acorn-jsx@5.3.2 OK for: espree@10.4.0 want: ^5.3.2
798 silly placeDep ROOT resolve-pkg-maps@1.0.0 OK for: get-tsconfig@4.14.3 want: ^1.0.0
799 silly placeDep ROOT parent-module@1.0.1 OK for: import-fresh@3.3.1 want: ^1.0.0
800 silly placeDep ROOT resolve-from@4.0.0 OK for: import-fresh@3.3.1 want: ^4.0.0
801 silly fetch manifest callsites@^3.0.0
802 silly packumentCache full:https://registry.npmjs.org/callsites cache-miss
803 http cache https://registry.npmjs.org/callsites 2ms (cache hit)
804 silly packumentCache full:https://registry.npmjs.org/callsites set size:21349 disposed:false
805 silly placeDep node_modules/is-bun-module semver@7.8.5 OK for: is-bun-module@2.0.0 want: ^7.7.1
806 silly placeDep ROOT argparse@2.0.1 OK for: js-yaml@4.3.1 want: ^2.0.1
807 silly placeDep ROOT language-subtag-registry@0.3.23 OK for: language-tags@1.0.9 want: ^0.3.20
808 silly placeDep ROOT brace-expansion@1.1.18 OK for: minimatch@3.1.5 want: ^1.1.7
809 silly fetch manifest concat-map@0.0.1
810 silly packumentCache full:https://registry.npmjs.org/concat-map cache-miss
811 silly fetch manifest balanced-match@^1.0.0
812 silly packumentCache full:https://registry.npmjs.org/balanced-match cache-miss
813 http cache https://registry.npmjs.org/concat-map 1ms (cache hit)
814 silly packumentCache full:https://registry.npmjs.org/concat-map set size:9290 disposed:false
815 http cache https://registry.npmjs.org/balanced-match 1ms (cache hit)
816 silly packumentCache full:https://registry.npmjs.org/balanced-match set size:39082 disposed:false
817 silly placeDep ROOT balanced-match@1.0.2 OK for: brace-expansion@1.1.18 want: ^1.0.0
818 silly placeDep ROOT concat-map@0.0.1 OK for: brace-expansion@1.1.18 want: 0.0.1
819 silly placeDep ROOT @next/swc-darwin-x64@16.3.2 OK for: next@16.3.2 want: 16.3.2
820 silly placeDep ROOT @next/swc-linux-arm64-gnu@16.3.2 OK for: next@16.3.2 want: 16.3.2
821 silly placeDep ROOT @next/swc-linux-arm64-musl@16.3.2 OK for: next@16.3.2 want: 16.3.2
822 silly placeDep ROOT @next/swc-linux-x64-gnu@16.3.2 OK for: next@16.3.2 want: 16.3.2
823 silly placeDep ROOT @next/swc-linux-x64-musl@16.3.2 OK for: next@16.3.2 want: 16.3.2
824 silly placeDep ROOT @next/swc-win32-arm64-msvc@16.3.2 OK for: next@16.3.2 want: 16.3.2
825 silly placeDep ROOT @next/swc-win32-x64-msvc@16.3.2 OK for: next@16.3.2 want: 16.3.2
826 silly placeDep ROOT callsites@3.1.0 OK for: parent-module@1.0.1 want: ^3.0.0
827 silly placeDep ROOT loose-envify@1.4.0 OK for: prop-types@15.8.1 want: ^1.4.0
828 silly placeDep ROOT object-assign@4.1.1 OK for: prop-types@15.8.1 want: ^4.1.1
829 silly placeDep ROOT react-is@16.13.1 OK for: prop-types@15.8.1 want: ^16.13.1
830 silly placeDep ROOT has-flag@4.0.0 OK for: supports-color@7.2.0 want: ^4.0.0
831 silly placeDep node_modules/tinyglobby fdir@6.5.0 OK for: tinyglobby@0.2.17 want: ^6.5.0
832 silly placeDep node_modules/tinyglobby picomatch@4.0.5 OK for: fdir@6.5.0 want: ^3 || ^4
833 silly placeDep ROOT @types/json5@0.0.29 OK for: tsconfig-paths@3.15.0 want: ^0.0.29
834 silly placeDep node_modules/tsconfig-paths json5@1.0.2 OK for: tsconfig-paths@3.15.0 want: ^1.0.2
835 silly placeDep ROOT minimist@1.2.8 OK for: tsconfig-paths@3.15.0 want: ^1.2.6
836 silly placeDep ROOT strip-bom@3.0.0 OK for: tsconfig-paths@3.15.0 want: ^3.0.0
837 silly fetch manifest minimist@^1.2.0
838 silly packumentCache full:https://registry.npmjs.org/minimist cache-hit
839 silly fetch manifest eslint@^8.57.0 || ^9.0.0 || ^10.0.0
840 silly packumentCache full:https://registry.npmjs.org/eslint cache-miss
841 http cache https://registry.npmjs.org/eslint 2ms (cache hit)
842 silly packumentCache full:https://registry.npmjs.org/eslint set size:2062456 disposed:false
843 silly placeDep ROOT @typescript-eslint/eslint-plugin@8.67.0 OK for: typescript-eslint@8.67.0 want: 8.67.0
844 silly placeDep ROOT @typescript-eslint/parser@8.67.0 OK for: @typescript-eslint/eslint-plugin@8.67.0 want: ^8.67.0
845 silly placeDep ROOT @typescript-eslint/typescript-estree@8.67.0 OK for: typescript-eslint@8.67.0 want: 8.67.0
846 silly placeDep ROOT @typescript-eslint/utils@8.67.0 OK for: typescript-eslint@8.67.0 want: 8.67.0
847 silly fetch manifest ignore@^7.0.5
848 silly packumentCache full:https://registry.npmjs.org/ignore cache-hit
849 silly fetch manifest ts-api-utils@^2.5.0
850 silly packumentCache full:https://registry.npmjs.org/ts-api-utils cache-miss
851 silly fetch manifest @typescript-eslint/type-utils@8.67.0
852 silly packumentCache full:https://registry.npmjs.org/@typescript-eslint%2ftype-utils cache-miss
853 silly fetch manifest @typescript-eslint/visitor-keys@8.67.0
854 silly packumentCache full:https://registry.npmjs.org/@typescript-eslint%2fvisitor-keys cache-miss
855 silly fetch manifest @typescript-eslint/scope-manager@8.67.0
856 silly packumentCache full:https://registry.npmjs.org/@typescript-eslint%2fscope-manager cache-miss
857 silly fetch manifest @typescript-eslint/types@8.67.0
858 silly packumentCache full:https://registry.npmjs.org/@typescript-eslint%2ftypes cache-miss
859 silly fetch manifest @typescript-eslint/visitor-keys@8.67.0
860 silly packumentCache full:https://registry.npmjs.org/@typescript-eslint%2fvisitor-keys cache-miss
861 silly fetch manifest @typescript-eslint/scope-manager@8.67.0
862 silly packumentCache full:https://registry.npmjs.org/@typescript-eslint%2fscope-manager cache-miss
863 silly fetch manifest semver@^7.7.3
864 silly packumentCache full:https://registry.npmjs.org/semver cache-hit
865 silly fetch manifest minimatch@^10.2.2
866 silly packumentCache full:https://registry.npmjs.org/minimatch cache-hit
867 silly fetch manifest ts-api-utils@^2.5.0
868 silly packumentCache full:https://registry.npmjs.org/ts-api-utils cache-miss
869 silly fetch manifest @typescript-eslint/types@8.67.0
870 silly packumentCache full:https://registry.npmjs.org/@typescript-eslint%2ftypes cache-miss
871 http cache https://registry.npmjs.org/@typescript-eslint%2fvisitor-keys 12ms (cache hit)
872 silly packumentCache full:https://registry.npmjs.org/@typescript-eslint%2fvisitor-keys set size:12340793 disposed:false
873 silly fetch manifest @typescript-eslint/tsconfig-utils@8.67.0
874 silly packumentCache full:https://registry.npmjs.org/@typescript-eslint%2ftsconfig-utils cache-miss
875 http cache https://registry.npmjs.org/ts-api-utils 36ms (cache hit)
876 silly packumentCache full:https://registry.npmjs.org/ts-api-utils set size:226785 disposed:false
877 silly fetch manifest @typescript-eslint/project-service@8.67.0
878 silly packumentCache full:https://registry.npmjs.org/@typescript-eslint%2fproject-service cache-miss
879 http cache https://registry.npmjs.org/@typescript-eslint%2fscope-manager 45ms (cache hit)
880 silly packumentCache full:https://registry.npmjs.org/@typescript-eslint%2fscope-manager set size:12982088 disposed:false
881 silly fetch manifest @typescript-eslint/types@8.67.0
882 silly packumentCache full:https://registry.npmjs.org/@typescript-eslint%2ftypes cache-miss
883 http cache https://registry.npmjs.org/@typescript-eslint%2fscope-manager 71ms (cache hit)
884 silly packumentCache full:https://registry.npmjs.org/@typescript-eslint%2fscope-manager set size:12982088 disposed:false
885 http cache https://registry.npmjs.org/@typescript-eslint%2fvisitor-keys 101ms (cache hit)
886 silly packumentCache full:https://registry.npmjs.org/@typescript-eslint%2fvisitor-keys set size:12340793 disposed:false
887 http cache https://registry.npmjs.org/@typescript-eslint%2ftypes 130ms (cache hit)
888 silly packumentCache full:https://registry.npmjs.org/@typescript-eslint%2ftypes set size:12803198 disposed:false
889 http cache https://registry.npmjs.org/ts-api-utils 160ms (cache hit)
890 silly packumentCache full:https://registry.npmjs.org/ts-api-utils set size:226785 disposed:false
891 silly packumentCache full:https://registry.npmjs.org/ts-api-utils dispose
892 http cache https://registry.npmjs.org/@typescript-eslint%2ftypes 170ms (cache hit)
893 silly packumentCache full:https://registry.npmjs.org/@typescript-eslint%2ftypes set size:12803198 disposed:false
894 http cache https://registry.npmjs.org/@typescript-eslint%2ftype-utils 195ms (cache hit)
895 silly packumentCache full:https://registry.npmjs.org/@typescript-eslint%2ftype-utils set size:9854835 disposed:false
896 http cache https://registry.npmjs.org/@typescript-eslint%2ftsconfig-utils 186ms (cache hit)
897 silly packumentCache full:https://registry.npmjs.org/@typescript-eslint%2ftsconfig-utils set size:1759368 disposed:false
898 http cache https://registry.npmjs.org/@typescript-eslint%2fproject-service 188ms (cache hit)
899 silly packumentCache full:https://registry.npmjs.org/@typescript-eslint%2fproject-service set size:1869535 disposed:false
900 http cache https://registry.npmjs.org/@typescript-eslint%2ftypes 176ms (cache hit)
901 silly packumentCache full:https://registry.npmjs.org/@typescript-eslint%2ftypes set size:12803198 disposed:false
902 silly placeDep ROOT @typescript-eslint/scope-manager@8.67.0 OK for: @typescript-eslint/eslint-plugin@8.67.0 want: 8.67.0
903 silly placeDep ROOT @typescript-eslint/type-utils@8.67.0 OK for: @typescript-eslint/eslint-plugin@8.67.0 want: 8.67.0
904 silly placeDep ROOT @typescript-eslint/visitor-keys@8.67.0 OK for: @typescript-eslint/eslint-plugin@8.67.0 want: 8.67.0
905 silly placeDep node_modules/@typescript-eslint/eslint-plugin ignore@7.0.6 OK for: @typescript-eslint/eslint-plugin@8.67.0 want: ^7.0.5
906 silly placeDep ROOT ts-api-utils@2.5.0 OK for: @typescript-eslint/eslint-plugin@8.67.0 want: ^2.5.0
907 silly fetch manifest eslint-visitor-keys@^5.0.0
908 silly packumentCache full:https://registry.npmjs.org/eslint-visitor-keys cache-hit
909 silly placeDep ROOT @typescript-eslint/types@8.67.0 OK for: @typescript-eslint/parser@8.67.0 want: 8.67.0
910 silly placeDep ROOT @typescript-eslint/project-service@8.67.0 OK for: @typescript-eslint/typescript-estree@8.67.0 want: 8.67.0
911 silly placeDep ROOT @typescript-eslint/tsconfig-utils@8.67.0 OK for: @typescript-eslint/typescript-estree@8.67.0 want: 8.67.0
912 silly placeDep node_modules/@typescript-eslint/typescript-estree minimatch@10.2.6 OK for: @typescript-eslint/typescript-estree@8.67.0 want: ^10.2.2
913 silly placeDep node_modules/@typescript-eslint/typescript-estree semver@7.8.5 OK for: @typescript-eslint/typescript-estree@8.67.0 want: ^7.7.3
914 silly fetch manifest @typescript-eslint/tsconfig-utils@^8.67.0
915 silly packumentCache full:https://registry.npmjs.org/@typescript-eslint%2ftsconfig-utils cache-miss
916 http cache https://registry.npmjs.org/@typescript-eslint%2ftsconfig-utils 2ms (cache hit)
917 silly packumentCache full:https://registry.npmjs.org/@typescript-eslint%2ftsconfig-utils set size:1759368 disposed:false
918 silly placeDep node_modules/@typescript-eslint/visitor-keys eslint-visitor-keys@5.0.1 OK for: @typescript-eslint/visitor-keys@8.67.0 want: ^5.0.0
919 silly placeDep ROOT @unrs/resolver-binding-android-arm-eabi@1.12.2 OK for: unrs-resolver@1.12.2 want: 1.12.2
920 silly placeDep ROOT @unrs/resolver-binding-android-arm64@1.12.2 OK for: unrs-resolver@1.12.2 want: 1.12.2
921 silly placeDep ROOT @unrs/resolver-binding-darwin-arm64@1.12.2 OK for: unrs-resolver@1.12.2 want: 1.12.2
922 silly placeDep ROOT @unrs/resolver-binding-darwin-x64@1.12.2 OK for: unrs-resolver@1.12.2 want: 1.12.2
923 silly placeDep ROOT @unrs/resolver-binding-freebsd-x64@1.12.2 OK for: unrs-resolver@1.12.2 want: 1.12.2
924 silly placeDep ROOT @unrs/resolver-binding-linux-arm-gnueabihf@1.12.2 OK for: unrs-resolver@1.12.2 want: 1.12.2
925 silly placeDep ROOT @unrs/resolver-binding-linux-arm-musleabihf@1.12.2 OK for: unrs-resolver@1.12.2 want: 1.12.2
926 silly placeDep ROOT @unrs/resolver-binding-linux-arm64-gnu@1.12.2 OK for: unrs-resolver@1.12.2 want: 1.12.2
927 silly placeDep ROOT @unrs/resolver-binding-linux-arm64-musl@1.12.2 OK for: unrs-resolver@1.12.2 want: 1.12.2
928 silly placeDep ROOT @unrs/resolver-binding-linux-loong64-gnu@1.12.2 OK for: unrs-resolver@1.12.2 want: 1.12.2
929 silly placeDep ROOT @unrs/resolver-binding-linux-loong64-musl@1.12.2 OK for: unrs-resolver@1.12.2 want: 1.12.2
930 silly placeDep ROOT @unrs/resolver-binding-linux-ppc64-gnu@1.12.2 OK for: unrs-resolver@1.12.2 want: 1.12.2
931 silly placeDep ROOT @unrs/resolver-binding-linux-riscv64-gnu@1.12.2 OK for: unrs-resolver@1.12.2 want: 1.12.2
932 silly placeDep ROOT @unrs/resolver-binding-linux-riscv64-musl@1.12.2 OK for: unrs-resolver@1.12.2 want: 1.12.2
933 silly placeDep ROOT @unrs/resolver-binding-linux-s390x-gnu@1.12.2 OK for: unrs-resolver@1.12.2 want: 1.12.2
934 silly placeDep ROOT @unrs/resolver-binding-linux-x64-gnu@1.12.2 OK for: unrs-resolver@1.12.2 want: 1.12.2
935 silly placeDep ROOT @unrs/resolver-binding-linux-x64-musl@1.12.2 OK for: unrs-resolver@1.12.2 want: 1.12.2
936 silly placeDep ROOT @unrs/resolver-binding-openharmony-arm64@1.12.2 OK for: unrs-resolver@1.12.2 want: 1.12.2
937 silly placeDep ROOT @unrs/resolver-binding-wasm32-wasi@1.12.2 OK for: unrs-resolver@1.12.2 want: 1.12.2
938 silly placeDep ROOT @unrs/resolver-binding-win32-arm64-msvc@1.12.2 OK for: unrs-resolver@1.12.2 want: 1.12.2
939 silly placeDep ROOT @unrs/resolver-binding-win32-ia32-msvc@1.12.2 OK for: unrs-resolver@1.12.2 want: 1.12.2
940 silly placeDep ROOT @unrs/resolver-binding-win32-x64-msvc@1.12.2 OK for: unrs-resolver@1.12.2 want: 1.12.2
941 silly placeDep ROOT napi-postinstall@0.3.4 OK for: unrs-resolver@1.12.2 want: ^0.3.4
942 silly fetch manifest @napi-rs/wasm-runtime@^1.1.4
943 silly packumentCache full:https://registry.npmjs.org/@napi-rs%2fwasm-runtime cache-miss
944 silly fetch manifest @emnapi/core@1.10.0
945 silly packumentCache full:https://registry.npmjs.org/@emnapi%2fcore cache-miss
946 silly fetch manifest @emnapi/runtime@1.10.0
947 silly packumentCache full:https://registry.npmjs.org/@emnapi%2fruntime cache-miss
948 http cache https://registry.npmjs.org/@napi-rs%2fwasm-runtime 4ms (cache hit)
949 silly packumentCache full:https://registry.npmjs.org/@napi-rs%2fwasm-runtime set size:87806 disposed:false
950 http cache https://registry.npmjs.org/@emnapi%2fcore 4ms (cache hit)
951 silly packumentCache full:https://registry.npmjs.org/@emnapi%2fcore set size:124020 disposed:false
952 http cache https://registry.npmjs.org/@emnapi%2fruntime 4ms (cache hit)
953 silly packumentCache full:https://registry.npmjs.org/@emnapi%2fruntime set size:125040 disposed:false
954 silly placeDep ROOT @emnapi/core@1.10.0 OK for: @unrs/resolver-binding-wasm32-wasi@1.12.2 want: 1.10.0
955 silly placeDep ROOT @emnapi/runtime@1.10.0 OK for: @unrs/resolver-binding-wasm32-wasi@1.12.2 want: 1.10.0
956 silly placeDep ROOT @napi-rs/wasm-runtime@1.2.3 OK for: @unrs/resolver-binding-wasm32-wasi@1.12.2 want: ^1.1.4
957 silly fetch manifest @emnapi/wasi-threads@1.2.1
958 silly packumentCache full:https://registry.npmjs.org/@emnapi%2fwasi-threads cache-miss
959 silly fetch manifest @tybys/wasm-util@^0.10.3
960 silly packumentCache full:https://registry.npmjs.org/@tybys%2fwasm-util cache-miss
961 http cache https://registry.npmjs.org/@tybys%2fwasm-util 2ms (cache hit)
962 silly packumentCache full:https://registry.npmjs.org/@tybys%2fwasm-util set size:60108 disposed:false
963 http cache https://registry.npmjs.org/@emnapi%2fwasi-threads 2ms (cache hit)
964 silly packumentCache full:https://registry.npmjs.org/@emnapi%2fwasi-threads set size:27058 disposed:false
965 silly placeDep ROOT @emnapi/wasi-threads@1.2.1 OK for: @emnapi/core@1.10.0 want: 1.2.1
966 silly placeDep ROOT @tybys/wasm-util@0.10.3 OK for: @napi-rs/wasm-runtime@1.2.3 want: ^0.10.3
967 silly placeDep ROOT punycode@2.3.1 OK for: uri-js@4.4.1 want: ^2.1.0
968 silly placeDep node_modules/@typescript-eslint/typescript-estree brace-expansion@5.0.9 OK for: minimatch@10.2.6 want: ^5.0.8
969 silly fetch manifest balanced-match@^4.0.2
970 silly packumentCache full:https://registry.npmjs.org/balanced-match cache-hit
971 silly placeDep node_modules/@typescript-eslint/typescript-estree balanced-match@4.0.4 OK for: brace-expansion@5.0.9 want: ^4.0.2
972 silly reify mark retired [
972 silly reify   '/Users/rajatmittal/Documents/Codex/2026-08-23/he/MSA-BIT-Jaipur-v2/node_modules/next'
972 silly reify ]
973 silly reify mark retired [
973 silly reify   '/Users/rajatmittal/Documents/Codex/2026-08-23/he/MSA-BIT-Jaipur-v2/node_modules/react-dom'
973 silly reify ]
974 silly reify mark retired [
974 silly reify   '/Users/rajatmittal/Documents/Codex/2026-08-23/he/MSA-BIT-Jaipur-v2/node_modules/@img/sharp-libvips-darwin-arm64'
974 silly reify ]
975 silly reify mark retired [
975 silly reify   '/Users/rajatmittal/Documents/Codex/2026-08-23/he/MSA-BIT-Jaipur-v2/node_modules/acorn',
975 silly reify   '/Users/rajatmittal/Documents/Codex/2026-08-23/he/MSA-BIT-Jaipur-v2/node_modules/.bin/acorn'
975 silly reify ]
976 silly reify mark retired [
976 silly reify   '/Users/rajatmittal/Documents/Codex/2026-08-23/he/MSA-BIT-Jaipur-v2/node_modules/acorn-jsx'
976 silly reify ]
977 silly reify mark retired [
977 silly reify   '/Users/rajatmittal/Documents/Codex/2026-08-23/he/MSA-BIT-Jaipur-v2/node_modules/ajv'
977 silly reify ]
978 silly reify mark retired [
978 silly reify   '/Users/rajatmittal/Documents/Codex/2026-08-23/he/MSA-BIT-Jaipur-v2/node_modules/argparse'
978 silly reify ]
979 silly reify mark retired [
979 silly reify   '/Users/rajatmittal/Documents/Codex/2026-08-23/he/MSA-BIT-Jaipur-v2/node_modules/ansi-styles'
979 silly reify ]
980 silly reify mark retired [
980 silly reify   '/Users/rajatmittal/Documents/Codex/2026-08-23/he/MSA-BIT-Jaipur-v2/node_modules/array.prototype.findlast'
980 silly reify ]
981 silly reify mark retired [
981 silly reify   '/Users/rajatmittal/Documents/Codex/2026-08-23/he/MSA-BIT-Jaipur-v2/node_modules/aria-query'
981 silly reify ]
982 silly reify mark retired [
982 silly reify   '/Users/rajatmittal/Documents/Codex/2026-08-23/he/MSA-BIT-Jaipur-v2/node_modules/array.prototype.findlastindex'
982 silly reify ]
983 silly reify mark retired [
983 silly reify   '/Users/rajatmittal/Documents/Codex/2026-08-23/he/MSA-BIT-Jaipur-v2/node_modules/axe-core'
983 silly reify ]
984 silly reify mark retired [
984 silly reify   '/Users/rajatmittal/Documents/Codex/2026-08-23/he/MSA-BIT-Jaipur-v2/node_modules/array.prototype.tosorted'
984 silly reify ]
985 silly reify mark retired [
985 silly reify   '/Users/rajatmittal/Documents/Codex/2026-08-23/he/MSA-BIT-Jaipur-v2/node_modules/balanced-match'
985 silly reify ]
986 silly reify mark retired [
986 silly reify   '/Users/rajatmittal/Documents/Codex/2026-08-23/he/MSA-BIT-Jaipur-v2/node_modules/browserslist',
986 silly reify   '/Users/rajatmittal/Documents/Codex/2026-08-23/he/MSA-BIT-Jaipur-v2/node_modules/.bin/browserslist'
986 silly reify ]
987 silly reify mark retired [
987 silly reify   '/Users/rajatmittal/Documents/Codex/2026-08-23/he/MSA-BIT-Jaipur-v2/node_modules/brace-expansion'
987 silly reify ]
988 silly reify mark retired [
988 silly reify   '/Users/rajatmittal/Documents/Codex/2026-08-23/he/MSA-BIT-Jaipur-v2/node_modules/ast-types-flow'
988 silly reify ]
989 silly reify mark retired [
989 silly reify   '/Users/rajatmittal/Documents/Codex/2026-08-23/he/MSA-BIT-Jaipur-v2/node_modules/callsites'
989 silly reify ]
990 silly reify mark retired [
990 silly reify   '/Users/rajatmittal/Documents/Codex/2026-08-23/he/MSA-BIT-Jaipur-v2/node_modules/baseline-browser-mapping',
990 silly reify   '/Users/rajatmittal/Documents/Codex/2026-08-23/he/MSA-BIT-Jaipur-v2/node_modules/.bin/baseline-browser-mapping'
990 silly reify ]
991 silly reify mark retired [
991 silly reify   '/Users/rajatmittal/Documents/Codex/2026-08-23/he/MSA-BIT-Jaipur-v2/node_modules/chalk'
991 silly reify ]
992 silly reify mark retired [
992 silly reify   '/Users/rajatmittal/Documents/Codex/2026-08-23/he/MSA-BIT-Jaipur-v2/node_modules/color-convert'
992 silly reify ]
993 silly reify mark retired [
993 silly reify   '/Users/rajatmittal/Documents/Codex/2026-08-23/he/MSA-BIT-Jaipur-v2/node_modules/concat-map'
993 silly reify ]
994 silly reify mark retired [
994 silly reify   '/Users/rajatmittal/Documents/Codex/2026-08-23/he/MSA-BIT-Jaipur-v2/node_modules/color-name'
994 silly reify ]
995 silly reify mark retired [
995 silly reify   '/Users/rajatmittal/Documents/Codex/2026-08-23/he/MSA-BIT-Jaipur-v2/node_modules/axobject-query'
995 silly reify ]
996 silly reify mark retired [
996 silly reify   '/Users/rajatmittal/Documents/Codex/2026-08-23/he/MSA-BIT-Jaipur-v2/node_modules/damerau-levenshtein'
996 silly reify ]
997 silly reify mark retired [
997 silly reify   '/Users/rajatmittal/Documents/Codex/2026-08-23/he/MSA-BIT-Jaipur-v2/node_modules/emoji-regex'
997 silly reify ]
998 silly reify mark retired [
998 silly reify   '/Users/rajatmittal/Documents/Codex/2026-08-23/he/MSA-BIT-Jaipur-v2/node_modules/eslint',
998 silly reify   '/Users/rajatmittal/Documents/Codex/2026-08-23/he/MSA-BIT-Jaipur-v2/node_modules/.bin/eslint'
998 silly reify ]
999 silly reify mark retired [
999 silly reify   '/Users/rajatmittal/Documents/Codex/2026-08-23/he/MSA-BIT-Jaipur-v2/node_modules/eslint-config-next'
999 silly reify ]
1000 silly reify mark retired [
1000 silly reify   '/Users/rajatmittal/Documents/Codex/2026-08-23/he/MSA-BIT-Jaipur-v2/node_modules/es-iterator-helpers'
1000 silly reify ]
1001 silly reify mark retired [
1001 silly reify   '/Users/rajatmittal/Documents/Codex/2026-08-23/he/MSA-BIT-Jaipur-v2/node_modules/eslint-module-utils'
1001 silly reify ]
1002 silly reify mark retired [
1002 silly reify   '/Users/rajatmittal/Documents/Codex/2026-08-23/he/MSA-BIT-Jaipur-v2/node_modules/eslint-import-resolver-typescript'
1002 silly reify ]
1003 silly reify mark retired [
1003 silly reify   '/Users/rajatmittal/Documents/Codex/2026-08-23/he/MSA-BIT-Jaipur-v2/node_modules/eslint-plugin-import'
1003 silly reify ]
1004 silly reify mark retired [
1004 silly reify   '/Users/rajatmittal/Documents/Codex/2026-08-23/he/MSA-BIT-Jaipur-v2/node_modules/eslint-plugin-jsx-a11y'
1004 silly reify ]
1005 silly reify mark retired [
1005 silly reify   '/Users/rajatmittal/Documents/Codex/2026-08-23/he/MSA-BIT-Jaipur-v2/node_modules/eslint-plugin-react'
1005 silly reify ]
1006 silly reify mark retired [
1006 silly reify   '/Users/rajatmittal/Documents/Codex/2026-08-23/he/MSA-BIT-Jaipur-v2/node_modules/esrecurse'
1006 silly reify ]
1007 silly reify mark retired [
1007 silly reify   '/Users/rajatmittal/Documents/Codex/2026-08-23/he/MSA-BIT-Jaipur-v2/node_modules/eslint-scope'
1007 silly reify ]
1008 silly reify mark retired [
1008 silly reify   '/Users/rajatmittal/Documents/Codex/2026-08-23/he/MSA-BIT-Jaipur-v2/node_modules/espree'
1008 silly reify ]
1009 silly reify mark retired [
1009 silly reify   '/Users/rajatmittal/Documents/Codex/2026-08-23/he/MSA-BIT-Jaipur-v2/node_modules/eslint-visitor-keys'
1009 silly reify ]
1010 silly reify mark retired [
1010 silly reify   '/Users/rajatmittal/Documents/Codex/2026-08-23/he/MSA-BIT-Jaipur-v2/node_modules/fast-deep-equal'
1010 silly reify ]
1011 silly reify mark retired [
1011 silly reify   '/Users/rajatmittal/Documents/Codex/2026-08-23/he/MSA-BIT-Jaipur-v2/node_modules/fast-json-stable-stringify'
1011 silly reify ]
1012 silly reify mark retired [
1012 silly reify   '/Users/rajatmittal/Documents/Codex/2026-08-23/he/MSA-BIT-Jaipur-v2/node_modules/get-tsconfig'
1012 silly reify ]
1013 silly reify mark retired [
1013 silly reify   '/Users/rajatmittal/Documents/Codex/2026-08-23/he/MSA-BIT-Jaipur-v2/node_modules/gsap'
1013 silly reify ]
1014 silly reify mark retired [
1014 silly reify   '/Users/rajatmittal/Documents/Codex/2026-08-23/he/MSA-BIT-Jaipur-v2/node_modules/has-flag'
1014 silly reify ]
1015 silly reify mark retired [
1015 silly reify   '/Users/rajatmittal/Documents/Codex/2026-08-23/he/MSA-BIT-Jaipur-v2/node_modules/ignore'
1015 silly reify ]
1016 silly reify mark retired [
1016 silly reify   '/Users/rajatmittal/Documents/Codex/2026-08-23/he/MSA-BIT-Jaipur-v2/node_modules/import-fresh'
1016 silly reify ]
1017 silly reify mark retired [
1017 silly reify   '/Users/rajatmittal/Documents/Codex/2026-08-23/he/MSA-BIT-Jaipur-v2/node_modules/is-bun-module'
1017 silly reify ]
1018 silly reify mark retired [
1018 silly reify   '/Users/rajatmittal/Documents/Codex/2026-08-23/he/MSA-BIT-Jaipur-v2/node_modules/iterator.prototype'
1018 silly reify ]
1019 silly reify mark retired [
1019 silly reify   '/Users/rajatmittal/Documents/Codex/2026-08-23/he/MSA-BIT-Jaipur-v2/node_modules/jsesc',
1019 silly reify   '/Users/rajatmittal/Documents/Codex/2026-08-23/he/MSA-BIT-Jaipur-v2/node_modules/.bin/jsesc'
1019 silly reify ]
1020 silly reify mark retired [
1020 silly reify   '/Users/rajatmittal/Documents/Codex/2026-08-23/he/MSA-BIT-Jaipur-v2/node_modules/js-yaml',
1020 silly reify   '/Users/rajatmittal/Documents/Codex/2026-08-23/he/MSA-BIT-Jaipur-v2/node_modules/.bin/js-yaml'
1020 silly reify ]
1021 silly reify mark retired [
1021 silly reify   '/Users/rajatmittal/Documents/Codex/2026-08-23/he/MSA-BIT-Jaipur-v2/node_modules/json5',
1021 silly reify   '/Users/rajatmittal/Documents/Codex/2026-08-23/he/MSA-BIT-Jaipur-v2/node_modules/.bin/json5'
1021 silly reify ]
1022 silly reify mark retired [
1022 silly reify   '/Users/rajatmittal/Documents/Codex/2026-08-23/he/MSA-BIT-Jaipur-v2/node_modules/json-schema-traverse'
1022 silly reify ]
1023 silly reify mark retired [
1023 silly reify   '/Users/rajatmittal/Documents/Codex/2026-08-23/he/MSA-BIT-Jaipur-v2/node_modules/lenis'
1023 silly reify ]
1024 silly reify mark retired [
1024 silly reify   '/Users/rajatmittal/Documents/Codex/2026-08-23/he/MSA-BIT-Jaipur-v2/node_modules/language-subtag-registry'
1024 silly reify ]
1025 silly reify mark retired [
1025 silly reify   '/Users/rajatmittal/Documents/Codex/2026-08-23/he/MSA-BIT-Jaipur-v2/node_modules/language-tags'
1025 silly reify ]
1026 silly reify mark retired [
1026 silly reify   '/Users/rajatmittal/Documents/Codex/2026-08-23/he/MSA-BIT-Jaipur-v2/node_modules/lodash.merge'
1026 silly reify ]
1027 silly reify mark retired [
1027 silly reify   '/Users/rajatmittal/Documents/Codex/2026-08-23/he/MSA-BIT-Jaipur-v2/node_modules/loose-envify',
1027 silly reify   '/Users/rajatmittal/Documents/Codex/2026-08-23/he/MSA-BIT-Jaipur-v2/node_modules/.bin/loose-envify'
1027 silly reify ]
1028 silly reify mark retired [
1028 silly reify   '/Users/rajatmittal/Documents/Codex/2026-08-23/he/MSA-BIT-Jaipur-v2/node_modules/minimatch'
1028 silly reify ]
1029 silly reify mark retired [
1029 silly reify   '/Users/rajatmittal/Documents/Codex/2026-08-23/he/MSA-BIT-Jaipur-v2/node_modules/napi-postinstall',
1029 silly reify   '/Users/rajatmittal/Documents/Codex/2026-08-23/he/MSA-BIT-Jaipur-v2/node_modules/.bin/napi-postinstall'
1029 silly reify ]
1030 silly reify mark retired [
1030 silly reify   '/Users/rajatmittal/Documents/Codex/2026-08-23/he/MSA-BIT-Jaipur-v2/node_modules/nanoid',
1030 silly reify   '/Users/rajatmittal/Documents/Codex/2026-08-23/he/MSA-BIT-Jaipur-v2/node_modules/.bin/nanoid'
1030 silly reify ]
1031 silly reify mark retired [
1031 silly reify   '/Users/rajatmittal/Documents/Codex/2026-08-23/he/MSA-BIT-Jaipur-v2/node_modules/object-assign'
1031 silly reify ]
1032 silly reify mark retired [
1032 silly reify   '/Users/rajatmittal/Documents/Codex/2026-08-23/he/MSA-BIT-Jaipur-v2/node_modules/minimist'
1032 silly reify ]
1033 silly reify mark retired [
1033 silly reify   '/Users/rajatmittal/Documents/Codex/2026-08-23/he/MSA-BIT-Jaipur-v2/node_modules/object.groupby'
1033 silly reify ]
1034 silly reify mark retired [
1034 silly reify   '/Users/rajatmittal/Documents/Codex/2026-08-23/he/MSA-BIT-Jaipur-v2/node_modules/parent-module'
1034 silly reify ]
1035 silly reify mark retired [
1035 silly reify   '/Users/rajatmittal/Documents/Codex/2026-08-23/he/MSA-BIT-Jaipur-v2/node_modules/react'
1035 silly reify ]
1036 silly reify mark retired [
1036 silly reify   '/Users/rajatmittal/Documents/Codex/2026-08-23/he/MSA-BIT-Jaipur-v2/node_modules/punycode'
1036 silly reify ]
1037 silly reify mark retired [
1037 silly reify   '/Users/rajatmittal/Documents/Codex/2026-08-23/he/MSA-BIT-Jaipur-v2/node_modules/react-is'
1037 silly reify ]
1038 silly reify mark retired [
1038 silly reify   '/Users/rajatmittal/Documents/Codex/2026-08-23/he/MSA-BIT-Jaipur-v2/node_modules/prop-types'
1038 silly reify ]
1039 silly reify mark retired [
1039 silly reify   '/Users/rajatmittal/Documents/Codex/2026-08-23/he/MSA-BIT-Jaipur-v2/node_modules/resolve-pkg-maps'
1039 silly reify ]
1040 silly reify mark retired [
1040 silly reify   '/Users/rajatmittal/Documents/Codex/2026-08-23/he/MSA-BIT-Jaipur-v2/node_modules/resolve-from'
1040 silly reify ]
1041 silly reify mark retired [
1041 silly reify   '/Users/rajatmittal/Documents/Codex/2026-08-23/he/MSA-BIT-Jaipur-v2/node_modules/resolve',
1041 silly reify   '/Users/rajatmittal/Documents/Codex/2026-08-23/he/MSA-BIT-Jaipur-v2/node_modules/.bin/resolve'
1041 silly reify ]
1042 silly reify mark retired [
1042 silly reify   '/Users/rajatmittal/Documents/Codex/2026-08-23/he/MSA-BIT-Jaipur-v2/node_modules/sharp/node_modules/semver',
1042 silly reify   '/Users/rajatmittal/Documents/Codex/2026-08-23/he/MSA-BIT-Jaipur-v2/node_modules/sharp/node_modules/.bin/semver'
1042 silly reify ]
1043 silly reify mark retired [
1043 silly reify   '/Users/rajatmittal/Documents/Codex/2026-08-23/he/MSA-BIT-Jaipur-v2/node_modules/semver',
1043 silly reify   '/Users/rajatmittal/Documents/Codex/2026-08-23/he/MSA-BIT-Jaipur-v2/node_modules/.bin/semver'
1043 silly reify ]
1044 silly reify mark retired [
1044 silly reify   '/Users/rajatmittal/Documents/Codex/2026-08-23/he/MSA-BIT-Jaipur-v2/node_modules/stable-hash'
1044 silly reify ]
1045 silly reify mark retired [
1045 silly reify   '/Users/rajatmittal/Documents/Codex/2026-08-23/he/MSA-BIT-Jaipur-v2/node_modules/string.prototype.includes'
1045 silly reify ]
1046 silly reify mark retired [
1046 silly reify   '/Users/rajatmittal/Documents/Codex/2026-08-23/he/MSA-BIT-Jaipur-v2/node_modules/string.prototype.repeat'
1046 silly reify ]
1047 silly reify mark retired [
1047 silly reify   '/Users/rajatmittal/Documents/Codex/2026-08-23/he/MSA-BIT-Jaipur-v2/node_modules/string.prototype.matchall'
1047 silly reify ]
1048 silly reify mark retired [
1048 silly reify   '/Users/rajatmittal/Documents/Codex/2026-08-23/he/MSA-BIT-Jaipur-v2/node_modules/strip-json-comments'
1048 silly reify ]
1049 silly reify mark retired [
1049 silly reify   '/Users/rajatmittal/Documents/Codex/2026-08-23/he/MSA-BIT-Jaipur-v2/node_modules/tailwindcss'
1049 silly reify ]
1050 silly reify mark retired [
1050 silly reify   '/Users/rajatmittal/Documents/Codex/2026-08-23/he/MSA-BIT-Jaipur-v2/node_modules/supports-color'
1050 silly reify ]
1051 silly reify mark retired [
1051 silly reify   '/Users/rajatmittal/Documents/Codex/2026-08-23/he/MSA-BIT-Jaipur-v2/node_modules/tinyglobby'
1051 silly reify ]
1052 silly reify mark retired [
1052 silly reify   '/Users/rajatmittal/Documents/Codex/2026-08-23/he/MSA-BIT-Jaipur-v2/node_modules/ts-api-utils'
1052 silly reify ]
1053 silly reify mark retired [
1053 silly reify   '/Users/rajatmittal/Documents/Codex/2026-08-23/he/MSA-BIT-Jaipur-v2/node_modules/typescript',
1053 silly reify   '/Users/rajatmittal/Documents/Codex/2026-08-23/he/MSA-BIT-Jaipur-v2/node_modules/.bin/tsc',
1053 silly reify   '/Users/rajatmittal/Documents/Codex/2026-08-23/he/MSA-BIT-Jaipur-v2/node_modules/.bin/tsserver'
1053 silly reify ]
1054 silly reify mark retired [
1054 silly reify   '/Users/rajatmittal/Documents/Codex/2026-08-23/he/MSA-BIT-Jaipur-v2/node_modules/tsconfig-paths'
1054 silly reify ]
1055 silly reify mark retired [
1055 silly reify   '/Users/rajatmittal/Documents/Codex/2026-08-23/he/MSA-BIT-Jaipur-v2/node_modules/strip-bom'
1055 silly reify ]
1056 silly reify mark retired [
1056 silly reify   '/Users/rajatmittal/Documents/Codex/2026-08-23/he/MSA-BIT-Jaipur-v2/node_modules/update-browserslist-db',
1056 silly reify   '/Users/rajatmittal/Documents/Codex/2026-08-23/he/MSA-BIT-Jaipur-v2/node_modules/.bin/update-browserslist-db'
1056 silly reify ]
1057 silly reify mark retired [
1057 silly reify   '/Users/rajatmittal/Documents/Codex/2026-08-23/he/MSA-BIT-Jaipur-v2/node_modules/uri-js'
1057 silly reify ]
1058 silly reify mark retired [
1058 silly reify   '/Users/rajatmittal/Documents/Codex/2026-08-23/he/MSA-BIT-Jaipur-v2/node_modules/typescript-eslint'
1058 silly reify ]
1059 silly reify mark retired [
1059 silly reify   '/Users/rajatmittal/Documents/Codex/2026-08-23/he/MSA-BIT-Jaipur-v2/node_modules/which',
1059 silly reify   '/Users/rajatmittal/Documents/Codex/2026-08-23/he/MSA-BIT-Jaipur-v2/node_modules/.bin/node-which'
1059 silly reify ]
1060 silly reify mark retired [
1060 silly reify   '/Users/rajatmittal/Documents/Codex/2026-08-23/he/MSA-BIT-Jaipur-v2/node_modules/@babel/parser',
1060 silly reify   '/Users/rajatmittal/Documents/Codex/2026-08-23/he/MSA-BIT-Jaipur-v2/node_modules/.bin/parser'
1060 silly reify ]
1061 silly reify mark retired [
1061 silly reify   '/Users/rajatmittal/Documents/Codex/2026-08-23/he/MSA-BIT-Jaipur-v2/node_modules/@eslint/config-array'
1061 silly reify ]
1062 silly reify mark retired [
1062 silly reify   '/Users/rajatmittal/Documents/Codex/2026-08-23/he/MSA-BIT-Jaipur-v2/node_modules/@eslint/config-helpers'
1062 silly reify ]
1063 silly reify mark retired [
1063 silly reify   '/Users/rajatmittal/Documents/Codex/2026-08-23/he/MSA-BIT-Jaipur-v2/node_modules/@eslint/js'
1063 silly reify ]
1064 silly reify mark retired [
1064 silly reify   '/Users/rajatmittal/Documents/Codex/2026-08-23/he/MSA-BIT-Jaipur-v2/node_modules/@eslint/core'
1064 silly reify ]
1065 silly reify mark retired [
1065 silly reify   '/Users/rajatmittal/Documents/Codex/2026-08-23/he/MSA-BIT-Jaipur-v2/node_modules/@gsap/react'
1065 silly reify ]
1066 silly reify mark retired [
1066 silly reify   '/Users/rajatmittal/Documents/Codex/2026-08-23/he/MSA-BIT-Jaipur-v2/node_modules/@eslint/object-schema'
1066 silly reify ]
1067 silly reify mark retired [
1067 silly reify   '/Users/rajatmittal/Documents/Codex/2026-08-23/he/MSA-BIT-Jaipur-v2/node_modules/@eslint/eslintrc'
1067 silly reify ]
1068 silly reify mark retired [
1068 silly reify   '/Users/rajatmittal/Documents/Codex/2026-08-23/he/MSA-BIT-Jaipur-v2/node_modules/unrs-resolver'
1068 silly reify ]
1069 silly reify mark retired [
1069 silly reify   '/Users/rajatmittal/Documents/Codex/2026-08-23/he/MSA-BIT-Jaipur-v2/node_modules/@eslint/plugin-kit'
1069 silly reify ]
1070 silly reify mark retired [
1070 silly reify   '/Users/rajatmittal/Documents/Codex/2026-08-23/he/MSA-BIT-Jaipur-v2/node_modules/@nolyfill/is-core-module'
1070 silly reify ]
1071 silly reify mark retired [
1071 silly reify   '/Users/rajatmittal/Documents/Codex/2026-08-23/he/MSA-BIT-Jaipur-v2/node_modules/@types/react-dom'
1071 silly reify ]
1072 silly reify mark retired [
1072 silly reify   '/Users/rajatmittal/Documents/Codex/2026-08-23/he/MSA-BIT-Jaipur-v2/node_modules/@rtsao/scc'
1072 silly reify ]
1073 silly reify mark retired [
1073 silly reify   '/Users/rajatmittal/Documents/Codex/2026-08-23/he/MSA-BIT-Jaipur-v2/node_modules/@types/json-schema'
1073 silly reify ]
1074 silly reify mark retired [
1074 silly reify   '/Users/rajatmittal/Documents/Codex/2026-08-23/he/MSA-BIT-Jaipur-v2/node_modules/@types/json5'
1074 silly reify ]
1075 silly reify mark retired [
1075 silly reify   '/Users/rajatmittal/Documents/Codex/2026-08-23/he/MSA-BIT-Jaipur-v2/node_modules/@types/node'
1075 silly reify ]
1076 silly reify mark retired [
1076 silly reify   '/Users/rajatmittal/Documents/Codex/2026-08-23/he/MSA-BIT-Jaipur-v2/node_modules/@types/react'
1076 silly reify ]
1077 silly reify mark retired [
1077 silly reify   '/Users/rajatmittal/Documents/Codex/2026-08-23/he/MSA-BIT-Jaipur-v2/node_modules/@typescript-eslint/eslint-plugin'
1077 silly reify ]
1078 silly reify mark retired [
1078 silly reify   '/Users/rajatmittal/Documents/Codex/2026-08-23/he/MSA-BIT-Jaipur-v2/node_modules/@typescript-eslint/tsconfig-utils'
1078 silly reify ]
1079 silly reify mark retired [
1079 silly reify   '/Users/rajatmittal/Documents/Codex/2026-08-23/he/MSA-BIT-Jaipur-v2/node_modules/@types/estree'
1079 silly reify ]
1080 silly reify mark retired [
1080 silly reify   '/Users/rajatmittal/Documents/Codex/2026-08-23/he/MSA-BIT-Jaipur-v2/node_modules/@typescript-eslint/project-service'
1080 silly reify ]
1081 silly reify mark retired [
1081 silly reify   '/Users/rajatmittal/Documents/Codex/2026-08-23/he/MSA-BIT-Jaipur-v2/node_modules/@typescript-eslint/scope-manager'
1081 silly reify ]
1082 silly reify mark retired [
1082 silly reify   '/Users/rajatmittal/Documents/Codex/2026-08-23/he/MSA-BIT-Jaipur-v2/node_modules/@typescript-eslint/type-utils'
1082 silly reify ]
1083 silly reify mark retired [
1083 silly reify   '/Users/rajatmittal/Documents/Codex/2026-08-23/he/MSA-BIT-Jaipur-v2/node_modules/@typescript-eslint/types'
1083 silly reify ]
1084 silly reify mark retired [
1084 silly reify   '/Users/rajatmittal/Documents/Codex/2026-08-23/he/MSA-BIT-Jaipur-v2/node_modules/@typescript-eslint/typescript-estree'
1084 silly reify ]
1085 silly reify mark retired [
1085 silly reify   '/Users/rajatmittal/Documents/Codex/2026-08-23/he/MSA-BIT-Jaipur-v2/node_modules/@unrs/resolver-binding-darwin-arm64'
1085 silly reify ]
1086 silly reify mark retired [
1086 silly reify   '/Users/rajatmittal/Documents/Codex/2026-08-23/he/MSA-BIT-Jaipur-v2/node_modules/@typescript-eslint/parser'
1086 silly reify ]
1087 silly reify mark retired [
1087 silly reify   '/Users/rajatmittal/Documents/Codex/2026-08-23/he/MSA-BIT-Jaipur-v2/node_modules/@typescript-eslint/utils'
1087 silly reify ]
1088 silly reify mark retired [
1088 silly reify   '/Users/rajatmittal/Documents/Codex/2026-08-23/he/MSA-BIT-Jaipur-v2/node_modules/@typescript-eslint/visitor-keys'
1088 silly reify ]
1089 silly reify moves {
1089 silly reify   '/Users/rajatmittal/Documents/Codex/2026-08-23/he/MSA-BIT-Jaipur-v2/node_modules/next': '/Users/rajatmittal/Documents/Codex/2026-08-23/he/MSA-BIT-Jaipur-v2/node_modules/.next-drh6yNLU',
1089 silly reify   '/Users/rajatmittal/Documents/Codex/2026-08-23/he/MSA-BIT-Jaipur-v2/node_modules/react-dom': '/Users/rajatmittal/Documents/Codex/2026-08-23/he/MSA-BIT-Jaipur-v2/node_modules/.react-dom-kqEkIhoF',
1089 silly reify   '/Users/rajatmittal/Documents/Codex/2026-08-23/he/MSA-BIT-Jaipur-v2/node_modules/@img/sharp-libvips-darwin-arm64': '/Users/rajatmittal/Documents/Codex/2026-08-23/he/MSA-BIT-Jaipur-v2/node_modules/@img/.sharp-libvips-darwin-arm64-0CB7ukhR',
1089 silly reify   '/Users/rajatmittal/Documents/Codex/2026-08-23/he/MSA-BIT-Jaipur-v2/node_modules/acorn': '/Users/rajatmittal/Documents/Codex/2026-08-23/he/MSA-BIT-Jaipur-v2/node_modules/.acorn-hihYS01X',
1089 silly reify   '/Users/rajatmittal/Documents/Codex/2026-08-23/he/MSA-BIT-Jaipur-v2/node_modules/.bin/acorn': '/Users/rajatmittal/Documents/Codex/2026-08-23/he/MSA-BIT-Jaipur-v2/node_modules/.bin/.acorn-CmaPMZCy',
1089 silly reify   '/Users/rajatmittal/Documents/Codex/2026-08-23/he/MSA-BIT-Jaipur-v2/node_modules/acorn-jsx': '/Users/rajatmittal/Documents/Codex/2026-08-23/he/MSA-BIT-Jaipur-v2/node_modules/.acorn-jsx-vmDJ5fll',
1089 silly reify   '/Users/rajatmittal/Documents/Codex/2026-08-23/he/MSA-BIT-Jaipur-v2/node_modules/ajv': '/Users/rajatmittal/Documents/Codex/2026-08-23/he/MSA-BIT-Jaipur-v2/node_modules/.ajv-NHdImXep',
1089 silly reify   '/Users/rajatmittal/Documents/Codex/2026-08-23/he/MSA-BIT-Jaipur-v2/node_modules/argparse': '/Users/rajatmittal/Documents/Codex/2026-08-23/he/MSA-BIT-Jaipur-v2/node_modules/.argparse-uWrpccnb',
1089 silly reify   '/Users/rajatmittal/Documents/Codex/2026-08-23/he/MSA-BIT-Jaipur-v2/node_modules/ansi-styles': '/Users/rajatmittal/Documents/Codex/2026-08-23/he/MSA-BIT-Jaipur-v2/node_modules/.ansi-styles-7obc1uF7',
1089 silly reify   '/Users/rajatmittal/Documents/Codex/2026-08-23/he/MSA-BIT-Jaipur-v2/node_modules/array.prototype.findlast': '/Users/rajatmittal/Documents/Codex/2026-08-23/he/MSA-BIT-Jaipur-v2/node_modules/.array.prototype.findlast-AGYiLff3',
1089 silly reify   '/Users/rajatmittal/Documents/Codex/2026-08-23/he/MSA-BIT-Jaipur-v2/node_modules/aria-query': '/Users/rajatmittal/Documents/Codex/2026-08-23/he/MSA-BIT-Jaipur-v2/node_modules/.aria-query-bqCsjiKB',
1089 silly reify   '/Users/rajatmittal/Documents/Codex/2026-08-23/he/MSA-BIT-Jaipur-v2/node_modules/array.prototype.findlastindex': '/Users/rajatmittal/Documents/Codex/2026-08-23/he/MSA-BIT-Jaipur-v2/node_modules/.array.prototype.findlastindex-fUDkUcA4',
1089 silly reify   '/Users/rajatmittal/Documents/Codex/2026-08-23/he/MSA-BIT-Jaipur-v2/node_modules/axe-core': '/Users/rajatmittal/Documents/Codex/2026-08-23/he/MSA-BIT-Jaipur-v2/node_modules/.axe-core-rtQRc7kz',
1089 silly reify   '/Users/rajatmittal/Documents/Codex/2026-08-23/he/MSA-BIT-Jaipur-v2/node_modules/array.prototype.tosorted': '/Users/rajatmittal/Documents/Codex/2026-08-23/he/MSA-BIT-Jaipur-v2/node_modules/.array.prototype.tosorted-0ltiDHar',
1089 silly reify   '/Users/rajatmittal/Documents/Codex/2026-08-23/he/MSA-BIT-Jaipur-v2/node_modules/balanced-match': '/Users/rajatmittal/Documents/Codex/2026-08-23/he/MSA-BIT-Jaipur-v2/node_modules/.balanced-match-2Oogp79r',
1089 silly reify   '/Users/rajatmittal/Documents/Codex/2026-08-23/he/MSA-BIT-Jaipur-v2/node_modules/browserslist': '/Users/rajatmittal/Documents/Codex/2026-08-23/he/MSA-BIT-Jaipur-v2/node_modules/.browserslist-RVo2Wfqn',
1089 silly reify   '/Users/rajatmittal/Documents/Codex/2026-08-23/he/MSA-BIT-Jaipur-v2/node_modules/.bin/browserslist': '/Users/rajatmittal/Documents/Codex/2026-08-23/he/MSA-BIT-Jaipur-v2/node_modules/.bin/.browserslist-FKalFxyS',
1089 silly reify   '/Users/rajatmittal/Documents/Codex/2026-08-23/he/MSA-BIT-Jaipur-v2/node_modules/brace-expansion': '/Users/rajatmittal/Documents/Codex/2026-08-23/he/MSA-BIT-Jaipur-v2/node_modules/.brace-expansion-hgEWiSg7',
1089 silly reify   '/Users/rajatmittal/Documents/Codex/2026-08-23/he/MSA-BIT-Jaipur-v2/node_modules/ast-types-flow': '/Users/rajatmittal/Documents/Codex/2026-08-23/he/MSA-BIT-Jaipur-v2/node_modules/.ast-types-flow-koF2PXdr',
1089 silly reify   '/Users/rajatmittal/Documents/Codex/2026-08-23/he/MSA-BIT-Jaipur-v2/node_modules/callsites': '/Users/rajatmittal/Documents/Codex/2026-08-23/he/MSA-BIT-Jaipur-v2/node_modules/.callsites-HDFn6uGi',
1089 silly reify   '/Users/rajatmittal/Documents/Codex/2026-08-23/he/MSA-BIT-Jaipur-v2/node_modules/baseline-browser-mapping': '/Users/rajatmittal/Documents/Codex/2026-08-23/he/MSA-BIT-Jaipur-v2/node_modules/.baseline-browser-mapping-krqIH3bi',
1089 silly reify   '/Users/rajatmittal/Documents/Codex/2026-08-23/he/MSA-BIT-Jaipur-v2/node_modules/.bin/baseline-browser-mapping': '/Users/rajatmittal/Documents/Codex/2026-08-23/he/MSA-BIT-Jaipur-v2/node_modules/.bin/.baseline-browser-mapping-NGnzknRz',
1089 silly reify   '/Users/rajatmittal/Documents/Codex/2026-08-23/he/MSA-BIT-Jaipur-v2/node_modules/chalk': '/Users/rajatmittal/Documents/Codex/2026-08-23/he/MSA-BIT-Jaipur-v2/node_modules/.chalk-5hNaaNzo',
1089 silly reify   '/Users/rajatmittal/Documents/Codex/2026-08-23/he/MSA-BIT-Jaipur-v2/node_modules/color-convert': '/Users/rajatmittal/Documents/Codex/2026-08-23/he/MSA-BIT-Jaipur-v2/node_modules/.color-convert-aqaj1E3C',
1089 silly reify   '/Users/rajatmittal/Documents/Codex/2026-08-23/he/MSA-BIT-Jaipur-v2/node_modules/concat-map': '/Users/rajatmittal/Documents/Codex/2026-08-23/he/MSA-BIT-Jaipur-v2/node_modules/.concat-map-wovSPpvf',
1089 silly reify   '/Users/rajatmittal/Documents/Codex/2026-08-23/he/MSA-BIT-Jaipur-v2/node_modules/color-name': '/Users/rajatmittal/Documents/Codex/2026-08-23/he/MSA-BIT-Jaipur-v2/node_modules/.color-name-GWp2sJKv',
1089 silly reify   '/Users/rajatmittal/Documents/Codex/2026-08-23/he/MSA-BIT-Jaipur-v2/node_modules/axobject-query': '/Users/rajatmittal/Documents/Codex/2026-08-23/he/MSA-BIT-Jaipur-v2/node_modules/.axobject-query-236U20NK',
1089 silly reify   '/Users/rajatmittal/Documents/Codex/2026-08-23/he/MSA-BIT-Jaipur-v2/node_modules/damerau-levenshtein': '/Users/rajatmittal/Documents/Codex/2026-08-23/he/MSA-BIT-Jaipur-v2/node_modules/.damerau-levenshtein-5SEBbHtg',
1089 silly reify   '/Users/rajatmittal/Documents/Codex/2026-08-23/he/MSA-BIT-Jaipur-v2/node_modules/emoji-regex': '/Users/rajatmittal/Documents/Codex/2026-08-23/he/MSA-BIT-Jaipur-v2/node_modules/.emoji-regex-AJuaomhh',
1089 silly reify   '/Users/rajatmittal/Documents/Codex/2026-08-23/he/MSA-BIT-Jaipur-v2/node_modules/eslint': '/Users/rajatmittal/Documents/Codex/2026-08-23/he/MSA-BIT-Jaipur-v2/node_modules/.eslint-yqqBkqSj',
1089 silly reify   '/Users/rajatmittal/Documents/Codex/2026-08-23/he/MSA-BIT-Jaipur-v2/node_modules/.bin/eslint': '/Users/rajatmittal/Documents/Codex/2026-08-23/he/MSA-BIT-Jaipur-v2/node_modules/.bin/.eslint-txtHieeR',
1089 silly reify   '/Users/rajatmittal/Documents/Codex/2026-08-23/he/MSA-BIT-Jaipur-v2/node_modules/eslint-config-next': '/Users/rajatmittal/Documents/Codex/2026-08-23/he/MSA-BIT-Jaipur-v2/node_modules/.eslint-config-next-i0GqsNio',
1089 silly reify   '/Users/rajatmittal/Documents/Codex/2026-08-23/he/MSA-BIT-Jaipur-v2/node_modules/es-iterator-helpers': '/Users/rajatmittal/Documents/Codex/2026-08-23/he/MSA-BIT-Jaipur-v2/node_modules/.es-iterator-helpers-VFRMeNue',
1089 silly reify   '/Users/rajatmittal/Documents/Codex/2026-08-23/he/MSA-BIT-Jaipur-v2/node_modules/eslint-module-utils': '/Users/rajatmittal/Documents/Codex/2026-08-23/he/MSA-BIT-Jaipur-v2/node_modules/.eslint-module-utils-7dZLyL7M',
1089 silly reify   '/Users/rajatmittal/Documents/Codex/2026-08-23/he/MSA-BIT-Jaipur-v2/node_modules/eslint-import-resolver-typescript': '/Users/rajatmittal/Documents/Codex/2026-08-23/he/MSA-BIT-Jaipur-v2/node_modules/.eslint-import-resolver-typescript-XXneRv9T',
1089 silly reify   '/Users/rajatmittal/Documents/Codex/2026-08-23/he/MSA-BIT-Jaipur-v2/node_modules/eslint-plugin-import': '/Users/rajatmittal/Documents/Codex/2026-08-23/he/MSA-BIT-Jaipur-v2/node_modules/.eslint-plugin-import-3iWVlIDT',
1089 silly reify   '/Users/rajatmittal/Documents/Codex/2026-08-23/he/MSA-BIT-Jaipur-v2/node_modules/eslint-plugin-jsx-a11y': '/Users/rajatmittal/Documents/Codex/2026-08-23/he/MSA-BIT-Jaipur-v2/node_modules/.eslint-plugin-jsx-a11y-ao8ignYY',
1089 silly reify   '/Users/rajatmittal/Documents/Codex/2026-08-23/he/MSA-BIT-Jaipur-v2/node_modules/eslint-plugin-react': '/Users/rajatmittal/Documents/Codex/2026-08-23/he/MSA-BIT-Jaipur-v2/node_modules/.eslint-plugin-react-4a9TazUp',
1089 silly reify   '/Users/rajatmittal/Documents/Codex/2026-08-23/he/MSA-BIT-Jaipur-v2/node_modules/esrecurse': '/Users/rajatmittal/Documents/Codex/2026-08-23/he/MSA-BIT-Jaipur-v2/node_modules/.esrecurse-FDbQsDPz',
1089 silly reify   '/Users/rajatmittal/Documents/Codex/2026-08-23/he/MSA-BIT-Jaipur-v2/node_modules/eslint-scope': '/Users/rajatmittal/Documents/Codex/2026-08-23/he/MSA-BIT-Jaipur-v2/node_modules/.eslint-scope-epZXK0Yc',
1089 silly reify   '/Users/rajatmittal/Documents/Codex/2026-08-23/he/MSA-BIT-Jaipur-v2/node_modules/espree': '/Users/rajatmittal/Documents/Codex/2026-08-23/he/MSA-BIT-Jaipur-v2/node_modules/.espree-pMd08S9c',
1089 silly reify   '/Users/rajatmittal/Documents/Codex/2026-08-23/he/MSA-BIT-Jaipur-v2/node_modules/eslint-visitor-keys': '/Users/rajatmittal/Documents/Codex/2026-08-23/he/MSA-BIT-Jaipur-v2/node_modules/.eslint-visitor-keys-ERGWiIx5',
1089 silly reify   '/Users/rajatmittal/Documents/Codex/2026-08-23/he/MSA-BIT-Jaipur-v2/node_modules/fast-deep-equal': '/Users/rajatmittal/Documents/Codex/2026-08-23/he/MSA-BIT-Jaipur-v2/node_modules/.fast-deep-equal-ZBTFQJdu',
1089 silly reify   '/Users/rajatmittal/Documents/Codex/2026-08-23/he/MSA-BIT-Jaipur-v2/node_modules/fast-json-stable-stringify': '/Users/rajatmittal/Documents/Codex/2026-08-23/he/MSA-BIT-Jaipur-v2/node_modules/.fast-json-stable-stringify-wMTzZ9nc',
1089 silly reify   '/Users/rajatmittal/Documents/Codex/2026-08-23/he/MSA-BIT-Jaipur-v2/node_modules/get-tsconfig': '/Users/rajatmittal/Documents/Codex/2026-08-23/he/MSA-BIT-Jaipur-v2/node_modules/.get-tsconfig-sltLBiJ7',
1089 silly reify   '/Users/rajatmittal/Documents/Codex/2026-08-23/he/MSA-BIT-Jaipur-v2/node_modules/gsap': '/Users/rajatmittal/Documents/Codex/2026-08-23/he/MSA-BIT-Jaipur-v2/node_modules/.gsap-eDe7Wr6I',
1089 silly reify   '/Users/rajatmittal/Documents/Codex/2026-08-23/he/MSA-BIT-Jaipur-v2/node_modules/has-flag': '/Users/rajatmittal/Documents/Codex/2026-08-23/he/MSA-BIT-Jaipur-v2/node_modules/.has-flag-2QU2HVa8',
1089 silly reify   '/Users/rajatmittal/Documents/Codex/2026-08-23/he/MSA-BIT-Jaipur-v2/node_modules/ignore': '/Users/rajatmittal/Documents/Codex/2026-08-23/he/MSA-BIT-Jaipur-v2/node_modules/.ignore-PflBQuRJ',
1089 silly reify   '/Users/rajatmittal/Documents/Codex/2026-08-23/he/MSA-BIT-Jaipur-v2/node_modules/import-fresh': '/Users/rajatmittal/Documents/Codex/2026-08-23/he/MSA-BIT-Jaipur-v2/node_modules/.import-fresh-js4XsHeQ',
1089 silly reify   '/Users/rajatmittal/Documents/Codex/2026-08-23/he/MSA-BIT-Jaipur-v2/node_modules/is-bun-module': '/Users/rajatmittal/Documents/Codex/2026-08-23/he/MSA-BIT-Jaipur-v2/node_modules/.is-bun-module-pg3qVePk',
1089 silly reify   '/Users/rajatmittal/Documents/Codex/2026-08-23/he/MSA-BIT-Jaipur-v2/node_modules/iterator.prototype': '/Users/rajatmittal/Documents/Codex/2026-08-23/he/MSA-BIT-Jaipur-v2/node_modules/.iterator.prototype-l2JbGW12',
1089 silly reify   '/Users/rajatmittal/Documents/Codex/2026-08-23/he/MSA-BIT-Jaipur-v2/node_modules/jsesc': '/Users/rajatmittal/Documents/Codex/2026-08-23/he/MSA-BIT-Jaipur-v2/node_modules/.jsesc-weTPAh5F',
1089 silly reify   '/Users/rajatmittal/Documents/Codex/2026-08-23/he/MSA-BIT-Jaipur-v2/node_modules/.bin/jsesc': '/Users/rajatmittal/Documents/Codex/2026-08-23/he/MSA-BIT-Jaipur-v2/node_modules/.bin/.jsesc-82QgYeXF',
1089 silly reify   '/Users/rajatmittal/Documents/Codex/2026-08-23/he/MSA-BIT-Jaipur-v2/node_modules/js-yaml': '/Users/rajatmittal/Documents/Codex/2026-08-23/he/MSA-BIT-Jaipur-v2/node_modules/.js-yaml-C1Fqg8x2',
1089 silly reify   '/Users/rajatmittal/Documents/Codex/2026-08-23/he/MSA-BIT-Jaipur-v2/node_modules/.bin/js-yaml': '/Users/rajatmittal/Documents/Codex/2026-08-23/he/MSA-BIT-Jaipur-v2/node_modules/.bin/.js-yaml-Toq6ZWF7',
1089 silly reify   '/Users/rajatmittal/Documents/Codex/2026-08-23/he/MSA-BIT-Jaipur-v2/node_modules/json5': '/Users/rajatmittal/Documents/Codex/2026-08-23/he/MSA-BIT-Jaipur-v2/node_modules/.json5-hohNH3pz',
1089 silly reify   '/Users/rajatmittal/Documents/Codex/2026-08-23/he/MSA-BIT-Jaipur-v2/node_modules/.bin/json5': '/Users/rajatmittal/Documents/Codex/2026-08-23/he/MSA-BIT-Jaipur-v2/node_modules/.bin/.json5-blXwPiuC',
1089 silly reify   '/Users/rajatmittal/Documents/Codex/2026-08-23/he/MSA-BIT-Jaipur-v2/node_modules/json-schema-traverse': '/Users/rajatmittal/Documents/Codex/2026-08-23/he/MSA-BIT-Jaipur-v2/node_modules/.json-schema-traverse-Kmewqitr',
1089 silly reify   '/Users/rajatmittal/Documents/Codex/2026-08-23/he/MSA-BIT-Jaipur-v2/node_modules/lenis': '/Users/rajatmittal/Documents/Codex/2026-08-23/he/MSA-BIT-Jaipur-v2/node_modules/.lenis-xpKe28ev',
1089 silly reify   '/Users/rajatmittal/Documents/Codex/2026-08-23/he/MSA-BIT-Jaipur-v2/node_modules/language-subtag-registry': '/Users/rajatmittal/Documents/Codex/2026-08-23/he/MSA-BIT-Jaipur-v2/node_modules/.language-subtag-registry-QsWLqyR5',
1089 silly reify   '/Users/rajatmittal/Documents/Codex/2026-08-23/he/MSA-BIT-Jaipur-v2/node_modules/language-tags': '/Users/rajatmittal/Documents/Codex/2026-08-23/he/MSA-BIT-Jaipur-v2/node_modules/.language-tags-TXLbsr3f',
1089 silly reify   '/Users/rajatmittal/Documents/Codex/2026-08-23/he/MSA-BIT-Jaipur-v2/node_modules/lodash.merge': '/Users/rajatmittal/Documents/Codex/2026-08-23/he/MSA-BIT-Jaipur-v2/node_modules/.lodash.merge-QtZXWev3',
1089 silly reify   '/Users/rajatmittal/Documents/Codex/2026-08-23/he/MSA-BIT-Jaipur-v2/node_modules/loose-envify': '/Users/rajatmittal/Documents/Codex/2026-08-23/he/MSA-BIT-Jaipur-v2/node_modules/.loose-envify-lpybyfgM',
1089 silly reify   '/Users/rajatmittal/Documents/Codex/2026-08-23/he/MSA-BIT-Jaipur-v2/node_modules/.bin/loose-envify': '/Users/rajatmittal/Documents/Codex/2026-08-23/he/MSA-BIT-Jaipur-v2/node_modules/.bin/.loose-envify-laeBYUQ8',
1089 silly reify   '/Users/rajatmittal/Documents/Codex/2026-08-23/he/MSA-BIT-Jaipur-v2/node_modules/minimatch': '/Users/rajatmittal/Documents/Codex/2026-08-23/he/MSA-BIT-Jaipur-v2/node_modules/.minimatch-EqQXVFW0',
1089 silly reify   '/Users/rajatmittal/Documents/Codex/2026-08-23/he/MSA-BIT-Jaipur-v2/node_modules/napi-postinstall': '/Users/rajatmittal/Documents/Codex/2026-08-23/he/MSA-BIT-Jaipur-v2/node_modules/.napi-postinstall-4MjtSsQO',
1089 silly reify   '/Users/rajatmittal/Documents/Codex/2026-08-23/he/MSA-BIT-Jaipur-v2/node_modules/.bin/napi-postinstall': '/Users/rajatmittal/Documents/Codex/2026-08-23/he/MSA-BIT-Jaipur-v2/node_modules/.bin/.napi-postinstall-vO2U2RpA',
1089 silly reify   '/Users/rajatmittal/Documents/Codex/2026-08-23/he/MSA-BIT-Jaipur-v2/node_modules/nanoid': '/Users/rajatmittal/Documents/Codex/2026-08-23/he/MSA-BIT-Jaipur-v2/node_modules/.nanoid-ERhatPmu',
1089 silly reify   '/Users/rajatmittal/Documents/Codex/2026-08-23/he/MSA-BIT-Jaipur-v2/node_modules/.bin/nanoid': '/Users/rajatmittal/Documents/Codex/2026-08-23/he/MSA-BIT-Jaipur-v2/node_modules/.bin/.nanoid-FaqsYn6t',
1089 silly reify   '/Users/rajatmittal/Documents/Codex/2026-08-23/he/MSA-BIT-Jaipur-v2/node_modules/object-assign': '/Users/rajatmittal/Documents/Codex/2026-08-23/he/MSA-BIT-Jaipur-v2/node_modules/.object-assign-86FULq9F',
1089 silly reify   '/Users/rajatmittal/Documents/Codex/2026-08-23/he/MSA-BIT-Jaipur-v2/node_modules/minimist': '/Users/rajatmittal/Documents/Codex/2026-08-23/he/MSA-BIT-Jaipur-v2/node_modules/.minimist-IUC68V3r',
1089 silly reify   '/Users/rajatmittal/Documents/Codex/2026-08-23/he/MSA-BIT-Jaipur-v2/node_modules/object.groupby': '/Users/rajatmittal/Documents/Codex/2026-08-23/he/MSA-BIT-Jaipur-v2/node_modules/.object.groupby-qhoS7c5n',
1089 silly reify   '/Users/rajatmittal/Documents/Codex/2026-08-23/he/MSA-BIT-Jaipur-v2/node_modules/parent-module': '/Users/rajatmittal/Documents/Codex/2026-08-23/he/MSA-BIT-Jaipur-v2/node_modules/.parent-module-6fUZzeUC',
1089 silly reify   '/Users/rajatmittal/Documents/Codex/2026-08-23/he/MSA-BIT-Jaipur-v2/node_modules/react': '/Users/rajatmittal/Documents/Codex/2026-08-23/he/MSA-BIT-Jaipur-v2/node_modules/.react-tZhKu3Er',
1089 silly reify   '/Users/rajatmittal/Documents/Codex/2026-08-23/he/MSA-BIT-Jaipur-v2/node_modules/punycode': '/Users/rajatmittal/Documents/Codex/2026-08-23/he/MSA-BIT-Jaipur-v2/node_modules/.punycode-d2cJdkpR',
1089 silly reify   '/Users/rajatmittal/Documents/Codex/2026-08-23/he/MSA-BIT-Jaipur-v2/node_modules/react-is': '/Users/rajatmittal/Documents/Codex/2026-08-23/he/MSA-BIT-Jaipur-v2/node_modules/.react-is-Gn8AXoE0',
1089 silly reify   '/Users/rajatmittal/Documents/Codex/2026-08-23/he/MSA-BIT-Jaipur-v2/node_modules/prop-types': '/Users/rajatmittal/Documents/Codex/2026-08-23/he/MSA-BIT-Jaipur-v2/node_modules/.prop-types-QOTbQLkE',
1089 silly reify   '/Users/rajatmittal/Documents/Codex/2026-08-23/he/MSA-BIT-Jaipur-v2/node_modules/resolve-pkg-maps': '/Users/rajatmittal/Documents/Codex/2026-08-23/he/MSA-BIT-Jaipur-v2/node_modules/.resolve-pkg-maps-EQa96MhX',
1089 silly reify   '/Users/rajatmittal/Documents/Codex/2026-08-23/he/MSA-BIT-Jaipur-v2/node_modules/resolve-from': '/Users/rajatmittal/Documents/Codex/2026-08-23/he/MSA-BIT-Jaipur-v2/node_modules/.resolve-from-8Pz5li9a',
1089 silly reify   '/Users/rajatmittal/Documents/Codex/2026-08-23/he/MSA-BIT-Jaipur-v2/node_modules/resolve': '/Users/rajatmittal/Documents/Codex/2026-08-23/he/MSA-BIT-Jaipur-v2/node_modules/.resolve-0lGhj8gx',
1089 silly reify   '/Users/rajatmittal/Documents/Codex/2026-08-23/he/MSA-BIT-Jaipur-v2/node_modules/.bin/resolve': '/Users/rajatmittal/Documents/Codex/2026-08-23/he/MSA-BIT-Jaipur-v2/node_modules/.bin/.resolve-lsGOwXfp',
1089 silly reify   '/Users/rajatmittal/Documents/Codex/2026-08-23/he/MSA-BIT-Jaipur-v2/node_modules/sharp/node_modules/semver': '/Users/rajatmittal/Documents/Codex/2026-08-23/he/MSA-BIT-Jaipur-v2/node_modules/sharp/node_modules/.semver-GKqYSShu',
1089 silly reify   '/Users/rajatmittal/Documents/Codex/2026-08-23/he/MSA-BIT-Jaipur-v2/node_modules/sharp/node_modules/.bin/semver': '/Users/rajatmittal/Documents/Codex/2026-08-23/he/MSA-BIT-Jaipur-v2/node_modules/sharp/node_modules/.bin/.semver-IGTv9hv7',
1089 silly reify   '/Users/rajatmittal/Documents/Codex/2026-08-23/he/MSA-BIT-Jaipur-v2/node_modules/semver': '/Users/rajatmittal/Documents/Codex/2026-08-23/he/MSA-BIT-Jaipur-v2/node_modules/.semver-xc5SAFr8',
1089 silly reify   '/Users/rajatmittal/Documents/Codex/2026-08-23/he/MSA-BIT-Jaipur-v2/node_modules/.bin/semver': '/Users/rajatmittal/Documents/Codex/2026-08-23/he/MSA-BIT-Jaipur-v2/node_modules/.bin/.semver-vlAvrQTK',
1089 silly reify   '/Users/rajatmittal/Documents/Codex/2026-08-23/he/MSA-BIT-Jaipur-v2/node_modules/stable-hash': '/Users/rajatmittal/Documents/Codex/2026-08-23/he/MSA-BIT-Jaipur-v2/node_modules/.stable-hash-xsmCLSAx',
1089 silly reify   '/Users/rajatmittal/Documents/Codex/2026-08-23/he/MSA-BIT-Jaipur-v2/node_modules/string.prototype.includes': '/Users/rajatmittal/Documents/Codex/2026-08-23/he/MSA-BIT-Jaipur-v2/node_modules/.string.prototype.includes-sEnJr1kB',
1089 silly reify   '/Users/rajatmittal/Documents/Codex/2026-08-23/he/MSA-BIT-Jaipur-v2/node_modules/string.prototype.repeat': '/Users/rajatmittal/Documents/Codex/2026-08-23/he/MSA-BIT-Jaipur-v2/node_modules/.string.prototype.repeat-SgCQFuLg',
1089 silly reify   '/Users/rajatmittal/Documents/Codex/2026-08-23/he/MSA-BIT-Jaipur-v2/node_modules/string.prototype.matchall': '/Users/rajatmittal/Documents/Codex/2026-08-23/he/MSA-BIT-Jaipur-v2/node_modules/.string.prototype.matchall-MfcWdP4m',
1089 silly reify   '/Users/rajatmittal/Documents/Codex/2026-08-23/he/MSA-BIT-Jaipur-v2/node_modules/strip-json-comments': '/Users/rajatmittal/Documents/Codex/2026-08-23/he/MSA-BIT-Jaipur-v2/node_modules/.strip-json-comments-B3rCN6KC',
1089 silly reify   '/Users/rajatmittal/Documents/Codex/2026-08-23/he/MSA-BIT-Jaipur-v2/node_modules/tailwindcss': '/Users/rajatmittal/Documents/Codex/2026-08-23/he/MSA-BIT-Jaipur-v2/node_modules/.tailwindcss-BYgz2hOx',
1089 silly reify   '/Users/rajatmittal/Documents/Codex/2026-08-23/he/MSA-BIT-Jaipur-v2/node_modules/supports-color': '/Users/rajatmittal/Documents/Codex/2026-08-23/he/MSA-BIT-Jaipur-v2/node_modules/.supports-color-8sBE0U74',
1089 silly reify   '/Users/rajatmittal/Documents/Codex/2026-08-23/he/MSA-BIT-Jaipur-v2/node_modules/tinyglobby': '/Users/rajatmittal/Documents/Codex/2026-08-23/he/MSA-BIT-Jaipur-v2/node_modules/.tinyglobby-UAJe0V2P',
1089 silly reify   '/Users/rajatmittal/Documents/Codex/2026-08-23/he/MSA-BIT-Jaipur-v2/node_modules/ts-api-utils': '/Users/rajatmittal/Documents/Codex/2026-08-23/he/MSA-BIT-Jaipur-v2/node_modules/.ts-api-utils-Xm3B7svk',
1089 silly reify   '/Users/rajatmittal/Documents/Codex/2026-08-23/he/MSA-BIT-Jaipur-v2/node_modules/typescript': '/Users/rajatmittal/Documents/Codex/2026-08-23/he/MSA-BIT-Jaipur-v2/node_modules/.typescript-ZSinZFBH',
1089 silly reify   '/Users/rajatmittal/Documents/Codex/2026-08-23/he/MSA-BIT-Jaipur-v2/node_modules/.bin/tsc': '/Users/rajatmittal/Documents/Codex/2026-08-23/he/MSA-BIT-Jaipur-v2/node_modules/.bin/.tsc-sZfXWQEg',
1089 silly reify   '/Users/rajatmittal/Documents/Codex/2026-08-23/he/MSA-BIT-Jaipur-v2/node_modules/.bin/tsserver': '/Users/rajatmittal/Documents/Codex/2026-08-23/he/MSA-BIT-Jaipur-v2/node_modules/.bin/.tsserver-wsq1LIg1',
1089 silly reify   '/Users/rajatmittal/Documents/Codex/2026-08-23/he/MSA-BIT-Jaipur-v2/node_modules/tsconfig-paths': '/Users/rajatmittal/Documents/Codex/2026-08-23/he/MSA-BIT-Jaipur-v2/node_modules/.tsconfig-paths-VYwRNSQF',
1089 silly reify   '/Users/rajatmittal/Documents/Codex/2026-08-23/he/MSA-BIT-Jaipur-v2/node_modules/strip-bom': '/Users/rajatmittal/Documents/Codex/2026-08-23/he/MSA-BIT-Jaipur-v2/node_modules/.strip-bom-uj8e1aSM',
1089 silly reify   '/Users/rajatmittal/Documents/Codex/2026-08-23/he/MSA-BIT-Jaipur-v2/node_modules/update-browserslist-db': '/Users/rajatmittal/Documents/Codex/2026-08-23/he/MSA-BIT-Jaipur-v2/node_modules/.update-browserslist-db-7jR4qi0a',
1089 silly reify   '/Users/rajatmittal/Documents/Codex/2026-08-23/he/MSA-BIT-Jaipur-v2/node_modules/.bin/update-browserslist-db': '/Users/rajatmittal/Documents/Codex/2026-08-23/he/MSA-BIT-Jaipur-v2/node_modules/.bin/.update-browserslist-db-oQnivt48',
1089 silly reify   '/Users/rajatmittal/Documents/Codex/2026-08-23/he/MSA-BIT-Jaipur-v2/node_modules/uri-js': '/Users/rajatmittal/Documents/Codex/2026-08-23/he/MSA-BIT-Jaipur-v2/node_modules/.uri-js-CZB4RScP',
1089 silly reify   '/Users/rajatmittal/Documents/Codex/2026-08-23/he/MSA-BIT-Jaipur-v2/node_modules/typescript-eslint': '/Users/rajatmittal/Documents/Codex/2026-08-23/he/MSA-BIT-Jaipur-v2/node_modules/.typescript-eslint-c7XLHzvi',
1089 silly reify   '/Users/rajatmittal/Documents/Codex/2026-08-23/he/MSA-BIT-Jaipur-v2/node_modules/which': '/Users/rajatmittal/Documents/Codex/2026-08-23/he/MSA-BIT-Jaipur-v2/node_modules/.which-aRqyppfO',
1089 silly reify   '/Users/rajatmittal/Documents/Codex/2026-08-23/he/MSA-BIT-Jaipur-v2/node_modules/.bin/node-which': '/Users/rajatmittal/Documents/Codex/2026-08-23/he/MSA-BIT-Jaipur-v2/node_modules/.bin/.node-which-jb5hL9gJ',
1089 silly reify   '/Users/rajatmittal/Documents/Codex/2026-08-23/he/MSA-BIT-Jaipur-v2/node_modules/@babel/parser': '/Users/rajatmittal/Documents/Codex/2026-08-23/he/MSA-BIT-Jaipur-v2/node_modules/@babel/.parser-c5h3q0L6',
1089 silly reify   '/Users/rajatmittal/Documents/Codex/2026-08-23/he/MSA-BIT-Jaipur-v2/node_modules/.bin/parser': '/Users/rajatmittal/Documents/Codex/2026-08-23/he/MSA-BIT-Jaipur-v2/node_modules/.bin/.parser-5rqcEiQu',
1089 silly reify   '/Users/rajatmittal/Documents/Codex/2026-08-23/he/MSA-BIT-Jaipur-v2/node_modules/@eslint/config-array': '/Users/rajatmittal/Documents/Codex/2026-08-23/he/MSA-BIT-Jaipur-v2/node_modules/@eslint/.config-array-DjOJToc9',
1089 silly reify   '/Users/rajatmittal/Documents/Codex/2026-08-23/he/MSA-BIT-Jaipur-v2/node_modules/@eslint/config-helpers': '/Users/rajatmittal/Documents/Codex/2026-08-23/he/MSA-BIT-Jaipur-v2/node_modules/@eslint/.config-helpers-H8ejGEuy',
1089 silly reify   '/Users/rajatmittal/Documents/Codex/2026-08-23/he/MSA-BIT-Jaipur-v2/node_modules/@eslint/js': '/Users/rajatmittal/Documents/Codex/2026-08-23/he/MSA-BIT-Jaipur-v2/node_modules/@eslint/.js-9LwtmCng',
1089 silly reify   '/Users/rajatmittal/Documents/Codex/2026-08-23/he/MSA-BIT-Jaipur-v2/node_modules/@eslint/core': '/Users/rajatmittal/Documents/Codex/2026-08-23/he/MSA-BIT-Jaipur-v2/node_modules/@eslint/.core-gPM9Ozcv',
1089 silly reify   '/Users/rajatmittal/Documents/Codex/2026-08-23/he/MSA-BIT-Jaipur-v2/node_modules/@gsap/react': '/Users/rajatmittal/Documents/Codex/2026-08-23/he/MSA-BIT-Jaipur-v2/node_modules/@gsap/.react-OFs49Xxm',
1089 silly reify   '/Users/rajatmittal/Documents/Codex/2026-08-23/he/MSA-BIT-Jaipur-v2/node_modules/@eslint/object-schema': '/Users/rajatmittal/Documents/Codex/2026-08-23/he/MSA-BIT-Jaipur-v2/node_modules/@eslint/.object-schema-GypqU3A1',
1089 silly reify   '/Users/rajatmittal/Documents/Codex/2026-08-23/he/MSA-BIT-Jaipur-v2/node_modules/@eslint/eslintrc': '/Users/rajatmittal/Documents/Codex/2026-08-23/he/MSA-BIT-Jaipur-v2/node_modules/@eslint/.eslintrc-b6OHAw8A',
1089 silly reify   '/Users/rajatmittal/Documents/Codex/2026-08-23/he/MSA-BIT-Jaipur-v2/node_modules/unrs-resolver': '/Users/rajatmittal/Documents/Codex/2026-08-23/he/MSA-BIT-Jaipur-v2/node_modules/.unrs-resolver-uFmMXR3S',
1089 silly reify   '/Users/rajatmittal/Documents/Codex/2026-08-23/he/MSA-BIT-Jaipur-v2/node_modules/@eslint/plugin-kit': '/Users/rajatmittal/Documents/Codex/2026-08-23/he/MSA-BIT-Jaipur-v2/node_modules/@eslint/.plugin-kit-94MQbjkY',
1089 silly reify   '/Users/rajatmittal/Documents/Codex/2026-08-23/he/MSA-BIT-Jaipur-v2/node_modules/@nolyfill/is-core-module': '/Users/rajatmittal/Documents/Codex/2026-08-23/he/MSA-BIT-Jaipur-v2/node_modules/@nolyfill/.is-core-module-UTsAkBYK',
1089 silly reify   '/Users/rajatmittal/Documents/Codex/2026-08-23/he/MSA-BIT-Jaipur-v2/node_modules/@types/react-dom': '/Users/rajatmittal/Documents/Codex/2026-08-23/he/MSA-BIT-Jaipur-v2/node_modules/@types/.react-dom-Eg2Pkr2k',
1089 silly reify   '/Users/rajatmittal/Documents/Codex/2026-08-23/he/MSA-BIT-Jaipur-v2/node_modules/@rtsao/scc': '/Users/rajatmittal/Documents/Codex/2026-08-23/he/MSA-BIT-Jaipur-v2/node_modules/@rtsao/.scc-XDdzO7jM',
1089 silly reify   '/Users/rajatmittal/Documents/Codex/2026-08-23/he/MSA-BIT-Jaipur-v2/node_modules/@types/json-schema': '/Users/rajatmittal/Documents/Codex/2026-08-23/he/MSA-BIT-Jaipur-v2/node_modules/@types/.json-schema-1Sb7ntlL',
1089 silly reify   '/Users/rajatmittal/Documents/Codex/2026-08-23/he/MSA-BIT-Jaipur-v2/node_modules/@types/json5': '/Users/rajatmittal/Documents/Codex/2026-08-23/he/MSA-BIT-Jaipur-v2/node_modules/@types/.json5-rX3HKoF3',
1089 silly reify   '/Users/rajatmittal/Documents/Codex/2026-08-23/he/MSA-BIT-Jaipur-v2/node_modules/@types/node': '/Users/rajatmittal/Documents/Codex/2026-08-23/he/MSA-BIT-Jaipur-v2/node_modules/@types/.node-kXuzKExb',
1089 silly reify   '/Users/rajatmittal/Documents/Codex/2026-08-23/he/MSA-BIT-Jaipur-v2/node_modules/@types/react': '/Users/rajatmittal/Documents/Codex/2026-08-23/he/MSA-BIT-Jaipur-v2/node_modules/@types/.react-UWFo6p0r',
1089 silly reify   '/Users/rajatmittal/Documents/Codex/2026-08-23/he/MSA-BIT-Jaipur-v2/node_modules/@typescript-eslint/eslint-plugin': '/Users/rajatmittal/Documents/Codex/2026-08-23/he/MSA-BIT-Jaipur-v2/node_modules/@typescript-eslint/.eslint-plugin-bmYTHTjI',
1089 silly reify   '/Users/rajatmittal/Documents/Codex/2026-08-23/he/MSA-BIT-Jaipur-v2/node_modules/@typescript-eslint/tsconfig-utils': '/Users/rajatmittal/Documents/Codex/2026-08-23/he/MSA-BIT-Jaipur-v2/node_modules/@typescript-eslint/.tsconfig-utils-f06iPJhv',
1089 silly reify   '/Users/rajatmittal/Documents/Codex/2026-08-23/he/MSA-BIT-Jaipur-v2/node_modules/@types/estree': '/Users/rajatmittal/Documents/Codex/2026-08-23/he/MSA-BIT-Jaipur-v2/node_modules/@types/.estree-MoZiOi9S',
1089 silly reify   '/Users/rajatmittal/Documents/Codex/2026-08-23/he/MSA-BIT-Jaipur-v2/node_modules/@typescript-eslint/project-service': '/Users/rajatmittal/Documents/Codex/2026-08-23/he/MSA-BIT-Jaipur-v2/node_modules/@typescript-eslint/.project-service-XlqdGl0x',
1089 silly reify   '/Users/rajatmittal/Documents/Codex/2026-08-23/he/MSA-BIT-Jaipur-v2/node_modules/@typescript-eslint/scope-manager': '/Users/rajatmittal/Documents/Codex/2026-08-23/he/MSA-BIT-Jaipur-v2/node_modules/@typescript-eslint/.scope-manager-qEWpRLYA',
1089 silly reify   '/Users/rajatmittal/Documents/Codex/2026-08-23/he/MSA-BIT-Jaipur-v2/node_modules/@typescript-eslint/type-utils': '/Users/rajatmittal/Documents/Codex/2026-08-23/he/MSA-BIT-Jaipur-v2/node_modules/@typescript-eslint/.type-utils-YP4A0Znk',
1089 silly reify   '/Users/rajatmittal/Documents/Codex/2026-08-23/he/MSA-BIT-Jaipur-v2/node_modules/@typescript-eslint/types': '/Users/rajatmittal/Documents/Codex/2026-08-23/he/MSA-BIT-Jaipur-v2/node_modules/@typescript-eslint/.types-UWnQ9gMZ',
1089 silly reify   '/Users/rajatmittal/Documents/Codex/2026-08-23/he/MSA-BIT-Jaipur-v2/node_modules/@typescript-eslint/typescript-estree': '/Users/rajatmittal/Documents/Codex/2026-08-23/he/MSA-BIT-Jaipur-v2/node_modules/@typescript-eslint/.typescript-estree-mdoUY9I8',
1089 silly reify   '/Users/rajatmittal/Documents/Codex/2026-08-23/he/MSA-BIT-Jaipur-v2/node_modules/@unrs/resolver-binding-darwin-arm64': '/Users/rajatmittal/Documents/Codex/2026-08-23/he/MSA-BIT-Jaipur-v2/node_modules/@unrs/.resolver-binding-darwin-arm64-BJSMq3LS',
1089 silly reify   '/Users/rajatmittal/Documents/Codex/2026-08-23/he/MSA-BIT-Jaipur-v2/node_modules/@typescript-eslint/parser': '/Users/rajatmittal/Documents/Codex/2026-08-23/he/MSA-BIT-Jaipur-v2/node_modules/@typescript-eslint/.parser-MUKozsUP',
1089 silly reify   '/Users/rajatmittal/Documents/Codex/2026-08-23/he/MSA-BIT-Jaipur-v2/node_modules/@typescript-eslint/utils': '/Users/rajatmittal/Documents/Codex/2026-08-23/he/MSA-BIT-Jaipur-v2/node_modules/@typescript-eslint/.utils-KuMlzbqa',
1089 silly reify   '/Users/rajatmittal/Documents/Codex/2026-08-23/he/MSA-BIT-Jaipur-v2/node_modules/@typescript-eslint/visitor-keys': '/Users/rajatmittal/Documents/Codex/2026-08-23/he/MSA-BIT-Jaipur-v2/node_modules/@typescript-eslint/.visitor-keys-qHilyYx1'
1089 silly reify }
1090 silly audit bulk request {
1090 silly audit   'array-buffer-byte-length': [ '1.0.2' ],
1090 silly audit   'array.prototype.flat': [ '1.3.3' ],
1090 silly audit   'array.prototype.flatmap': [ '1.3.3' ],
1090 silly audit   'array-includes': [ '3.1.9' ],
1090 silly audit   'arraybuffer.prototype.slice': [ '1.0.4' ],
1090 silly audit   'async-function': [ '1.0.0' ],
1090 silly audit   'available-typed-arrays': [ '1.0.7' ],
1090 silly audit   braces: [ '3.0.3' ],
1090 silly audit   browserslist: [ '4.28.8' ],
1090 silly audit   'call-bind': [ '1.0.9' ],
1090 silly audit   'call-bind-apply-helpers': [ '1.0.2' ],
1090 silly audit   'call-bound': [ '1.0.4' ],
1090 silly audit   'client-only': [ '0.0.1' ],
1090 silly audit   'caniuse-lite': [ '1.0.30001809' ],
1090 silly audit   'baseline-browser-mapping': [ '2.11.18' ],
1090 silly audit   'cross-spawn': [ '7.0.6' ],
1090 silly audit   'convert-source-map': [ '2.0.0' ],
1090 silly audit   debug: [ '4.4.3', '3.2.7' ],
1090 silly audit   'data-view-byte-offset': [ '1.0.1' ],
1090 silly audit   csstype: [ '3.2.3' ],
1090 silly audit   'data-view-buffer': [ '1.0.2' ],
1090 silly audit   'define-data-property': [ '1.1.4' ],
1090 silly audit   'deep-is': [ '0.1.4' ],
1090 silly audit   'define-properties': [ '1.2.1' ],
1090 silly audit   doctrine: [ '2.1.0' ],
1090 silly audit   'dunder-proto': [ '1.0.1' ],
1090 silly audit   'electron-to-chromium': [ '1.5.412' ],
1090 silly audit   'es-abstract': [ '1.24.2' ],
1090 silly audit   'es-define-property': [ '1.0.1' ],
1090 silly audit   'data-view-byte-length': [ '1.0.2' ],
1090 silly audit   'detect-libc': [ '2.1.2' ],
1090 silly audit   'es-set-tostringtag': [ '2.1.0' ],
1090 silly audit   'es-errors': [ '1.3.0' ],
1090 silly audit   'es-to-primitive': [ '1.3.4' ],
1090 silly audit   escalade: [ '3.2.0' ],
1090 silly audit   'escape-string-regexp': [ '4.0.0' ],
1090 silly audit   'es-abstract-get': [ '1.0.0' ],
1090 silly audit   'eslint-import-resolver-node': [ '0.3.10' ],
1090 silly audit   'es-shim-unscopables': [ '1.1.0' ],
1090 silly audit   'eslint-visitor-keys': [ '3.4.3', '4.2.1', '5.0.1' ],
1090 silly audit   'eslint-plugin-react-hooks': [ '7.1.1' ],
1090 silly audit   esquery: [ '1.7.0' ],
1090 silly audit   estraverse: [ '5.3.0' ],
1090 silly audit   'fast-glob': [ '3.3.1' ],
1090 silly audit   'glob-parent': [ '5.1.2', '6.0.2' ],
1090 silly audit   'fast-levenshtein': [ '2.0.6' ],
1090 silly audit   esutils: [ '2.0.3' ],
1090 silly audit   'file-entry-cache': [ '8.0.0' ],
1090 silly audit   fastq: [ '1.20.1' ],
1090 silly audit   'find-up': [ '5.0.0' ],
1090 silly audit   'fill-range': [ '7.1.1' ],
1090 silly audit   'flat-cache': [ '4.0.1' ],
1090 silly audit   'for-each': [ '0.3.5' ],
1090 silly audit   flatted: [ '3.4.4' ],
1090 silly audit   'function-bind': [ '1.1.2' ],
1090 silly audit   'function.prototype.name': [ '1.2.0' ],
1090 silly audit   'generator-function': [ '2.0.1' ],
1090 silly audit   'functions-have-names': [ '1.2.3' ],
1090 silly audit   'get-intrinsic': [ '1.3.0' ],
1090 silly audit   'get-proto': [ '1.0.1' ],
1090 silly audit   gensync: [ '1.0.0-beta.2' ],
1090 silly audit   globals: [ '16.4.0', '14.0.0' ],
1090 silly audit   'get-symbol-description': [ '1.1.0' ],
1090 silly audit   globalthis: [ '1.0.4' ],
1090 silly audit   'es-object-atoms': [ '1.1.2' ],
1090 silly audit   'has-bigints': [ '1.1.0' ],
1090 silly audit   'has-property-descriptors': [ '1.0.2' ],
1090 silly audit   'has-tostringtag': [ '1.0.2' ],
1090 silly audit   'has-symbols': [ '1.1.0' ],
1090 silly audit   hasown: [ '2.0.4' ],
1090 silly audit   gopd: [ '1.2.0' ],
1090 silly audit   'has-proto': [ '1.2.0' ],
1090 silly audit   'hermes-parser': [ '0.25.1' ],
1090 silly audit   'hermes-estree': [ '0.25.1' ],
1090 silly audit   'is-array-buffer': [ '3.0.5' ],
1090 silly audit   imurmurhash: [ '0.1.4' ],
1090 silly audit   'is-async-function': [ '2.1.1' ],
1090 silly audit   'is-boolean-object': [ '1.2.2' ],
1090 silly audit   'internal-slot': [ '1.1.0' ],
1090 silly audit   'is-bigint': [ '1.1.0' ],
1090 silly audit   semver: [ '6.3.1', '7.8.5' ],
1090 silly audit   'is-data-view': [ '1.0.2' ],
1090 silly audit   'is-core-module': [ '2.16.2' ],
1090 silly audit   'is-document.all': [ '1.0.0' ],
1090 silly audit   'is-extglob': [ '2.1.1' ],
1090 silly audit   'is-date-object': [ '1.1.0' ],
1090 silly audit   'is-glob': [ '4.0.3' ],
1090 silly audit   'is-map': [ '2.0.3' ],
1090 silly audit   'is-generator-function': [ '1.1.2' ],
1090 silly audit   'is-finalizationregistry': [ '1.1.1' ],
1090 silly audit   'is-number': [ '7.0.0' ],
1090 silly audit   'is-number-object': [ '1.1.1' ],
1090 silly audit   'is-callable': [ '1.2.7' ],
1090 silly audit   'is-set': [ '2.0.3' ],
1090 silly audit   'is-regex': [ '1.2.1' ],
1090 silly audit   'is-symbol': [ '1.1.1' ],
1090 silly audit   'is-string': [ '1.1.1' ],
1090 silly audit   'is-weakref': [ '1.1.1' ],
1090 silly audit   'is-weakmap': [ '2.0.2' ],
1090 silly audit   'is-weakset': [ '2.0.4' ],
1090 silly audit   isexe: [ '2.0.0' ],
1090 silly audit   'is-typed-array': [ '1.1.15' ],
1090 silly audit   isarray: [ '2.0.5' ],
1090 silly audit   'js-tokens': [ '4.0.0' ],
1090 silly audit   'json-buffer': [ '3.0.1' ],
1090 silly audit   'json-stable-stringify-without-jsonify': [ '1.0.1' ],
1090 silly audit   json5: [ '2.2.3', '1.0.2' ],
1090 silly audit   'jsx-ast-utils': [ '3.3.5' ],
1090 silly audit   keyv: [ '4.5.4' ],
1090 silly audit   'is-negative-zero': [ '2.0.3' ],
1090 silly audit   jsesc: [ '3.1.0' ],
1090 silly audit   'is-shared-array-buffer': [ '1.0.4' ],
1090 silly audit   levn: [ '0.4.1' ],
1090 silly audit   'lru-cache': [ '5.1.1' ],
1090 silly audit   'math-intrinsics': [ '1.1.0' ],
1090 silly audit   merge2: [ '1.4.1' ],
1090 silly audit   micromatch: [ '4.0.8' ],
1090 silly audit   ms: [ '2.1.3' ],
1090 silly audit   nanoid: [ '3.3.18' ],
1090 silly audit   'node-exports-info': [ '1.6.2' ],
1090 silly audit   'natural-compare': [ '1.4.0' ],
1090 silly audit   'node-releases': [ '2.0.53' ],
1090 silly audit   'object-inspect': [ '1.13.4' ],
1090 silly audit   'object-keys': [ '1.1.1' ],
1090 silly audit   'object.entries': [ '1.1.9' ],
1090 silly audit   'object.fromentries': [ '2.0.8' ],
1090 silly audit   'object.assign': [ '4.1.7' ],
1090 silly audit   'object.values': [ '1.2.1' ],
1090 silly audit   optionator: [ '0.9.4' ],
1090 silly audit   'p-limit': [ '3.1.0' ],
1090 silly audit   'own-keys': [ '1.0.2' ],
1090 silly audit   'p-locate': [ '5.0.0' ],
1090 silly audit   'path-key': [ '3.1.1' ],
1090 silly audit   'possible-typed-array-names': [ '1.1.0' ],
1090 silly audit   picocolors: [ '1.1.1' ],
1090 silly audit   picomatch: [ '2.3.2', '4.0.5' ],
1090 silly audit   'path-exists': [ '4.0.0' ],
1090 silly audit   postcss: [ '8.5.23' ],
1090 silly audit   'prelude-ls': [ '1.2.1' ],
1090 silly audit   'path-parse': [ '1.0.7' ],
1090 silly audit   'queue-microtask': [ '1.2.3' ],
1090 silly audit   'regexp.prototype.flags': [ '1.5.4' ],
1090 silly audit   'reflect.getprototypeof': [ '1.0.10' ],
1090 silly audit   resolve: [ '2.0.0-next.7' ],
1090 silly audit   'locate-path': [ '6.0.0' ],
1090 silly audit   reusify: [ '1.1.0' ],
1090 silly audit   'safe-push-apply': [ '1.0.0' ],
1090 silly audit   scheduler: [ '0.27.0' ],
1090 silly audit   'safe-regex-test': [ '1.1.0' ],
1090 silly audit   'run-parallel': [ '1.2.0' ],
1090 silly audit   'set-function-name': [ '2.0.2' ],
1090 silly audit   'set-proto': [ '1.0.0' ],
1090 silly audit   'shebang-command': [ '2.0.0' ],
1090 silly audit   'set-function-length': [ '1.2.2' ],
1090 silly audit   'shebang-regex': [ '3.0.0' ],
1090 silly audit   sharp: [ '0.35.3' ],
1090 silly audit   'side-channel-list': [ '1.0.1' ],
1090 silly audit   'side-channel': [ '1.1.1' ],
1090 silly audit   'side-channel-weakmap': [ '1.0.2' ],
1090 silly audit   'side-channel-map': [ '1.0.1' ],
1090 silly audit   'source-map-js': [ '1.2.1' ],
1090 silly audit   'stop-iteration-iterator': [ '1.1.0' ],
1090 silly audit   'safe-array-concat': [ '1.1.4' ],
1090 silly audit   'string.prototype.trimend': [ '1.0.10' ],
1090 silly audit   'string.prototype.trim': [ '1.2.11' ],
1090 silly audit   'styled-jsx': [ '5.1.6' ],
1090 silly audit   'string.prototype.trimstart': [ '1.0.8' ],
1090 silly audit   'supports-preserve-symlinks-flag': [ '1.0.0' ],
1090 silly audit   tslib: [ '2.8.1' ],
1090 silly audit   'to-regex-range': [ '5.0.1' ],
1090 silly audit   'type-check': [ '0.4.0' ],
1090 silly audit   'typed-array-byte-length': [ '1.0.3' ],
1090 silly audit   'typed-array-length': [ '1.0.8' ],
1090 silly audit   'typed-array-buffer': [ '1.0.3' ],
1090 silly audit   'typed-array-byte-offset': [ '1.0.4' ],
1090 silly audit   'unbox-primitive': [ '1.1.0' ],
1090 silly audit   'undici-types': [ '8.3.0' ],
1090 silly audit   'which-builtin-type': [ '1.2.1' ],
1090 silly audit   'update-browserslist-db': [ '1.3.1' ],
1090 silly audit   'which-typed-array': [ '1.1.22' ],
1090 silly audit   'which-boxed-primitive': [ '1.1.1' ],
1090 silly audit   'which-collection': [ '1.0.2' ],
1090 silly audit   which: [ '2.0.2' ],
1090 silly audit   'word-wrap': [ '1.2.5' ],
1090 silly audit   yallist: [ '3.1.1' ],
1090 silly audit   zod: [ '4.4.3' ],
1090 silly audit   'zod-validation-error': [ '4.0.2' ],
1090 silly audit   'yocto-queue': [ '0.1.0' ],
1090 silly audit   '@babel/code-frame': [ '7.29.7' ],
1090 silly audit   '@babel/generator': [ '7.29.8' ],
1090 silly audit   '@babel/compat-data': [ '7.29.7' ],
1090 silly audit   '@babel/helper-compilation-targets': [ '7.29.7' ],
1090 silly audit   '@babel/core': [ '7.29.7' ],
1090 silly audit   '@babel/helper-globals': [ '7.29.7' ],
1090 silly audit   '@babel/helper-module-imports': [ '7.29.7' ],
1090 silly audit   '@babel/helper-validator-identifier': [ '7.29.7' ],
1090 silly audit   '@babel/helper-string-parser': [ '7.29.7' ],
1090 silly audit   '@babel/helper-module-transforms': [ '7.29.7' ],
1090 silly audit   '@babel/helper-validator-option': [ '7.29.7' ],
1090 silly audit   '@babel/parser': [ '7.29.8' ],
1090 silly audit   '@babel/helpers': [ '7.29.7' ],
1090 silly audit   '@babel/types': [ '7.29.8' ],
1090 silly audit   '@babel/template': [ '7.29.7' ],
1090 silly audit   '@babel/traverse': [ '7.29.8' ],
1090 silly audit   '@eslint-community/regexpp': [ '4.12.2' ],
1090 silly audit   '@eslint-community/eslint-utils': [ '4.10.1', '4.9.1' ],
1090 silly audit   '@humanfs/core': [ '0.19.2' ],
1090 silly audit   '@humanfs/node': [ '0.16.8' ],
1090 silly audit   '@humanfs/types': [ '0.15.0' ],
1090 silly audit   '@humanwhocodes/module-importer': [ '1.0.1' ],
1090 silly audit   '@img/colour': [ '1.1.0' ],
1090 silly audit   '@humanwhocodes/retry': [ '0.4.3' ],
1090 silly audit   '@img/sharp-libvips-darwin-arm64': [ '1.3.2' ],
1090 silly audit   '@jridgewell/remapping': [ '2.3.5' ],
1090 silly audit   '@jridgewell/gen-mapping': [ '0.3.13' ],
1090 silly audit   '@jridgewell/sourcemap-codec': [ '1.5.5' ],
1090 silly audit   '@jridgewell/resolve-uri': [ '3.1.2' ],
1090 silly audit   '@jridgewell/trace-mapping': [ '0.3.31' ],
1090 silly audit   '@next/env': [ '16.3.2' ],
1090 silly audit   '@next/swc-darwin-arm64': [ '16.3.2' ],
1090 silly audit   '@next/eslint-plugin-next': [ '16.3.2' ],
1090 silly audit   '@nodelib/fs.scandir': [ '2.1.5' ],
1090 silly audit   '@nodelib/fs.walk': [ '1.2.8' ],
1090 silly audit   '@img/sharp-darwin-arm64': [ '0.35.3' ],
1090 silly audit   '@nodelib/fs.stat': [ '2.0.5' ],
1090 silly audit   '@swc/helpers': [ '0.5.23' ],
1090 silly audit   '@gsap/react': [ '2.1.2' ],
1090 silly audit   '@types/node': [ '26.2.0' ],
1090 silly audit   '@types/react': [ '19.2.18' ],
1090 silly audit   '@types/react-dom': [ '19.2.4' ],
1090 silly audit   'eslint-config-next': [ '16.3.2' ],
1090 silly audit   gsap: [ '3.15.0' ],
1090 silly audit   lenis: [ '1.3.26' ],
1090 silly audit   next: [ '16.3.2' ],
1090 silly audit   'react-dom': [ '19.2.8' ],
1090 silly audit   react: [ '19.2.8' ],
1090 silly audit   tailwindcss: [ '4.3.3' ],
1090 silly audit   ajv: [ '6.15.0' ],
1090 silly audit   'fast-deep-equal': [ '3.1.3' ],
1090 silly audit   ignore: [ '5.3.2', '7.0.6' ],
1090 silly audit   'fast-json-stable-stringify': [ '2.1.0' ],
1090 silly audit   'json-schema-traverse': [ '0.4.1' ],
1090 silly audit   'uri-js': [ '4.4.1' ],
1090 silly audit   'eslint-import-resolver-typescript': [ '3.10.1' ],
1090 silly audit   'eslint-plugin-import': [ '2.32.0' ],
1090 silly audit   eslint: [ '9.39.5' ],
1090 silly audit   'eslint-plugin-jsx-a11y': [ '6.10.2' ],
1090 silly audit   'eslint-plugin-react': [ '7.37.5' ],
1090 silly audit   'typescript-eslint': [ '8.67.0' ],
1090 silly audit   typescript: [ '6.0.3' ],
1090 silly audit   '@eslint/config-array': [ '0.21.2' ],
1090 silly audit   '@eslint/config-helpers': [ '0.4.2' ],
1090 silly audit   '@eslint/core': [ '0.17.0' ],
1090 silly audit   '@eslint/eslintrc': [ '3.3.6' ],
1090 silly audit   '@eslint/js': [ '9.39.5' ],
1090 silly audit   '@eslint/plugin-kit': [ '0.4.1' ],
1090 silly audit   '@types/estree': [ '1.0.9' ],
1090 silly audit   chalk: [ '4.1.2' ],
1090 silly audit   'eslint-scope': [ '8.4.0' ],
1090 silly audit   espree: [ '10.4.0' ],
1090 silly audit   'lodash.merge': [ '4.6.2' ],
1090 silly audit   minimatch: [ '3.1.5', '10.2.6' ],
1090 silly audit   '@eslint/object-schema': [ '2.1.7' ],
1090 silly audit   '@types/json-schema': [ '7.0.15' ],
1090 silly audit   'import-fresh': [ '3.3.1' ],
1090 silly audit   'js-yaml': [ '4.3.1' ],
1090 silly audit   'strip-json-comments': [ '3.1.1' ],
1090 silly audit   'ansi-styles': [ '4.3.0' ],
1090 silly audit   'supports-color': [ '7.2.0' ],
1090 silly audit   'color-convert': [ '2.0.1' ],
1090 silly audit   'color-name': [ '1.1.4' ],
1090 silly audit   '@nolyfill/is-core-module': [ '1.0.39' ],
1090 silly audit   'get-tsconfig': [ '4.14.3' ],
1090 silly audit   'is-bun-module': [ '2.0.0' ],
1090 silly audit   'stable-hash': [ '0.0.5' ],
1090 silly audit   tinyglobby: [ '0.2.17' ],
1090 silly audit   'unrs-resolver': [ '1.12.2' ],
1090 silly audit   '@rtsao/scc': [ '1.1.0' ],
1090 silly audit   'array.prototype.findlastindex': [ '1.2.6' ],
1090 silly audit   'eslint-module-utils': [ '2.14.0' ],
1090 silly audit   'object.groupby': [ '1.0.3' ],
1090 silly audit   'tsconfig-paths': [ '3.15.0' ],
1090 silly audit   'aria-query': [ '5.3.2' ],
1090 silly audit   'ast-types-flow': [ '0.0.8' ],
1090 silly audit   'axe-core': [ '4.13.0' ],
1090 silly audit   'axobject-query': [ '4.1.0' ],
1090 silly audit   'damerau-levenshtein': [ '1.0.8' ],
1090 silly audit   'emoji-regex': [ '9.2.2' ],
1090 silly audit   'language-tags': [ '1.0.9' ],
1090 silly audit   'string.prototype.includes': [ '2.0.1' ],
1090 silly audit   'array.prototype.findlast': [ '1.2.5' ],
1090 silly audit   'array.prototype.tosorted': [ '1.1.4' ],
1090 silly audit   'es-iterator-helpers': [ '1.4.0' ],
1090 silly audit   'prop-types': [ '15.8.1' ],
1090 silly audit   'string.prototype.matchall': [ '4.0.12' ],
1090 silly audit   'string.prototype.repeat': [ '1.0.0' ],
1090 silly audit   'iterator.prototype': [ '1.1.5' ],
1090 silly audit   esrecurse: [ '4.3.0' ],
1090 silly audit   acorn: [ '8.18.0' ],
1090 silly audit   'acorn-jsx': [ '5.3.2' ],
1090 silly audit   'resolve-pkg-maps': [ '1.0.0' ],
1090 silly audit   'parent-module': [ '1.0.1' ],
1090 silly audit   'resolve-from': [ '4.0.0' ],
1090 silly audit   argparse: [ '2.0.1' ],
1090 silly audit   'language-subtag-registry': [ '0.3.23' ],
1090 silly audit   'brace-expansion': [ '1.1.18', '5.0.9' ],
1090 silly audit   'balanced-match': [ '1.0.2', '4.0.4' ],
1090 silly audit   'concat-map': [ '0.0.1' ],
1090 silly audit   '@next/swc-darwin-x64': [ '16.3.2' ],
1090 silly audit   '@next/swc-linux-arm64-gnu': [ '16.3.2' ],
1090 silly audit   '@next/swc-linux-arm64-musl': [ '16.3.2' ],
1090 silly audit   '@next/swc-linux-x64-gnu': [ '16.3.2' ],
1090 silly audit   '@next/swc-linux-x64-musl': [ '16.3.2' ],
1090 silly audit   '@next/swc-win32-arm64-msvc': [ '16.3.2' ],
1090 silly audit   '@next/swc-win32-x64-msvc': [ '16.3.2' ],
1090 silly audit   callsites: [ '3.1.0' ],
1090 silly audit   'loose-envify': [ '1.4.0' ],
1090 silly audit   'object-assign': [ '4.1.1' ],
1090 silly audit   'react-is': [ '16.13.1' ],
1090 silly audit   'has-flag': [ '4.0.0' ],
1090 silly audit   fdir: [ '6.5.0' ],
1090 silly audit   '@types/json5': [ '0.0.29' ],
1090 silly audit   minimist: [ '1.2.8' ],
1090 silly audit   'strip-bom': [ '3.0.0' ],
1090 silly audit   '@typescript-eslint/eslint-plugin': [ '8.67.0' ],
1090 silly audit   '@typescript-eslint/parser': [ '8.67.0' ],
1090 silly audit   '@typescript-eslint/typescript-estree': [ '8.67.0' ],
1090 silly audit   '@typescript-eslint/utils': [ '8.67.0' ],
1090 silly audit   '@typescript-eslint/scope-manager': [ '8.67.0' ],
1090 silly audit   '@typescript-eslint/type-utils': [ '8.67.0' ],
1090 silly audit   '@typescript-eslint/visitor-keys': [ '8.67.0' ],
1090 silly audit   'ts-api-utils': [ '2.5.0' ],
1090 silly audit   '@typescript-eslint/types': [ '8.67.0' ],
1090 silly audit   '@typescript-eslint/project-service': [ '8.67.0' ],
1090 silly audit   '@typescript-eslint/tsconfig-utils': [ '8.67.0' ],
1090 silly audit   '@unrs/resolver-binding-android-arm-eabi': [ '1.12.2' ],
1090 silly audit   '@unrs/resolver-binding-android-arm64': [ '1.12.2' ],
1090 silly audit   '@unrs/resolver-binding-darwin-arm64': [ '1.12.2' ],
1090 silly audit   '@unrs/resolver-binding-darwin-x64': [ '1.12.2' ],
1090 silly audit   '@unrs/resolver-binding-freebsd-x64': [ '1.12.2' ],
1090 silly audit   '@unrs/resolver-binding-linux-arm-gnueabihf': [ '1.12.2' ],
1090 silly audit   '@unrs/resolver-binding-linux-arm-musleabihf': [ '1.12.2' ],
1090 silly audit   '@unrs/resolver-binding-linux-arm64-gnu': [ '1.12.2' ],
1090 silly audit   '@unrs/resolver-binding-linux-arm64-musl': [ '1.12.2' ],
1090 silly audit   '@unrs/resolver-binding-linux-loong64-gnu': [ '1.12.2' ],
1090 silly audit   '@unrs/resolver-binding-linux-loong64-musl': [ '1.12.2' ],
1090 silly audit   '@unrs/resolver-binding-linux-ppc64-gnu': [ '1.12.2' ],
1090 silly audit   '@unrs/resolver-binding-linux-riscv64-gnu': [ '1.12.2' ],
1090 silly audit   '@unrs/resolver-binding-linux-riscv64-musl': [ '1.12.2' ],
1090 silly audit   '@unrs/resolver-binding-linux-s390x-gnu': [ '1.12.2' ],
1090 silly audit   '@unrs/resolver-binding-linux-x64-gnu': [ '1.12.2' ],
1090 silly audit   '@unrs/resolver-binding-linux-x64-musl': [ '1.12.2' ],
1090 silly audit   '@unrs/resolver-binding-openharmony-arm64': [ '1.12.2' ],
1090 silly audit   '@unrs/resolver-binding-wasm32-wasi': [ '1.12.2' ],
1090 silly audit   '@unrs/resolver-binding-win32-arm64-msvc': [ '1.12.2' ],
1090 silly audit   '@unrs/resolver-binding-win32-ia32-msvc': [ '1.12.2' ],
1090 silly audit   '@unrs/resolver-binding-win32-x64-msvc': [ '1.12.2' ],
1090 silly audit   'napi-postinstall': [ '0.3.4' ],
1090 silly audit   '@emnapi/core': [ '1.10.0' ],
1090 silly audit   '@emnapi/runtime': [ '1.10.0' ],
1090 silly audit   '@napi-rs/wasm-runtime': [ '1.2.3' ],
1090 silly audit   '@emnapi/wasi-threads': [ '1.2.1' ],
1090 silly audit   '@tybys/wasm-util': [ '0.10.3' ],
1090 silly audit   punycode: [ '2.3.1' ]
1090 silly audit }
1091 http cache @typescript-eslint/visitor-keys@https://registry.npmjs.org/@typescript-eslint/visitor-keys/-/visitor-keys-8.67.0.tgz 0ms (cache hit)
1092 http cache @unrs/resolver-binding-darwin-arm64@https://registry.npmjs.org/@unrs/resolver-binding-darwin-arm64/-/resolver-binding-darwin-arm64-1.12.2.tgz 0ms (cache hit)
1093 http cache @typescript-eslint/parser@https://registry.npmjs.org/@typescript-eslint/parser/-/parser-8.67.0.tgz 0ms (cache hit)
1094 http cache @typescript-eslint/type-utils@https://registry.npmjs.org/@typescript-eslint/type-utils/-/type-utils-8.67.0.tgz 0ms (cache hit)
1095 http cache @typescript-eslint/typescript-estree@https://registry.npmjs.org/@typescript-eslint/typescript-estree/-/typescript-estree-8.67.0.tgz 0ms (cache hit)
1096 http cache @typescript-eslint/types@https://registry.npmjs.org/@typescript-eslint/types/-/types-8.67.0.tgz 0ms (cache hit)
1097 http cache @typescript-eslint/utils@https://registry.npmjs.org/@typescript-eslint/utils/-/utils-8.67.0.tgz 0ms (cache hit)
1098 http cache @typescript-eslint/scope-manager@https://registry.npmjs.org/@typescript-eslint/scope-manager/-/scope-manager-8.67.0.tgz 0ms (cache hit)
1099 http cache @typescript-eslint/tsconfig-utils@https://registry.npmjs.org/@typescript-eslint/tsconfig-utils/-/tsconfig-utils-8.67.0.tgz 0ms (cache hit)
1100 http cache @types/estree@https://registry.npmjs.org/@types/estree/-/estree-1.0.9.tgz 0ms (cache hit)
1101 http cache @types/node@https://registry.npmjs.org/@types/node/-/node-26.2.0.tgz 0ms (cache hit)
1102 http cache @types/react@https://registry.npmjs.org/@types/react/-/react-19.2.18.tgz 0ms (cache hit)
1103 http cache @typescript-eslint/project-service@https://registry.npmjs.org/@typescript-eslint/project-service/-/project-service-8.67.0.tgz 0ms (cache hit)
1104 http cache @types/json5@https://registry.npmjs.org/@types/json5/-/json5-0.0.29.tgz 0ms (cache hit)
1105 http cache @rtsao/scc@https://registry.npmjs.org/@rtsao/scc/-/scc-1.1.0.tgz 0ms (cache hit)
1106 http cache @typescript-eslint/eslint-plugin@https://registry.npmjs.org/@typescript-eslint/eslint-plugin/-/eslint-plugin-8.67.0.tgz 0ms (cache hit)
1107 http cache @types/json-schema@https://registry.npmjs.org/@types/json-schema/-/json-schema-7.0.15.tgz 0ms (cache hit)
1108 http cache @eslint/plugin-kit@https://registry.npmjs.org/@eslint/plugin-kit/-/plugin-kit-0.4.1.tgz 0ms (cache hit)
1109 http cache unrs-resolver@https://registry.npmjs.org/unrs-resolver/-/unrs-resolver-1.12.2.tgz 0ms (cache hit)
1110 http cache @eslint/object-schema@https://registry.npmjs.org/@eslint/object-schema/-/object-schema-2.1.7.tgz 0ms (cache hit)
1111 http cache @nolyfill/is-core-module@https://registry.npmjs.org/@nolyfill/is-core-module/-/is-core-module-1.0.39.tgz 0ms (cache hit)
1112 http cache @eslint/eslintrc@https://registry.npmjs.org/@eslint/eslintrc/-/eslintrc-3.3.6.tgz 0ms (cache hit)
1113 http cache @gsap/react@https://registry.npmjs.org/@gsap/react/-/react-2.1.2.tgz 0ms (cache hit)
1114 http cache @eslint/core@https://registry.npmjs.org/@eslint/core/-/core-0.17.0.tgz 0ms (cache hit)
1115 http cache @types/react-dom@https://registry.npmjs.org/@types/react-dom/-/react-dom-19.2.4.tgz 0ms (cache hit)
1116 http cache @eslint/config-helpers@https://registry.npmjs.org/@eslint/config-helpers/-/config-helpers-0.4.2.tgz 0ms (cache hit)
1117 http cache @eslint/js@https://registry.npmjs.org/@eslint/js/-/js-9.39.5.tgz 0ms (cache hit)
1118 http cache @eslint/config-array@https://registry.npmjs.org/@eslint/config-array/-/config-array-0.21.2.tgz 0ms (cache hit)
1119 http cache typescript-eslint@https://registry.npmjs.org/typescript-eslint/-/typescript-eslint-8.67.0.tgz 0ms (cache hit)
1120 silly packumentCache corgi:https://registry.npmjs.org/update-browserslist-db cache-miss
1121 silly packumentCache corgi:https://registry.npmjs.org/@babel%2fparser cache-miss
1122 http cache uri-js@https://registry.npmjs.org/uri-js/-/uri-js-4.4.1.tgz 0ms (cache hit)
1123 http cache typescript@https://registry.npmjs.org/typescript/-/typescript-6.0.3.tgz 0ms (cache hit)
1124 silly packumentCache corgi:https://registry.npmjs.org/which cache-miss
1125 http cache tsconfig-paths@https://registry.npmjs.org/tsconfig-paths/-/tsconfig-paths-3.15.0.tgz 0ms (cache hit)
1126 http cache ts-api-utils@https://registry.npmjs.org/ts-api-utils/-/ts-api-utils-2.5.0.tgz 0ms (cache hit)
1127 http cache tinyglobby@https://registry.npmjs.org/tinyglobby/-/tinyglobby-0.2.17.tgz 0ms (cache hit)
1128 http cache tailwindcss@https://registry.npmjs.org/tailwindcss/-/tailwindcss-4.3.3.tgz 0ms (cache hit)
1129 http cache strip-json-comments@https://registry.npmjs.org/strip-json-comments/-/strip-json-comments-3.1.1.tgz 0ms (cache hit)
1130 http cache string.prototype.matchall@https://registry.npmjs.org/string.prototype.matchall/-/string.prototype.matchall-4.0.12.tgz 0ms (cache hit)
1131 http cache supports-color@https://registry.npmjs.org/supports-color/-/supports-color-7.2.0.tgz 0ms (cache hit)
1132 http cache string.prototype.repeat@https://registry.npmjs.org/string.prototype.repeat/-/string.prototype.repeat-1.0.0.tgz 0ms (cache hit)
1133 http cache stable-hash@https://registry.npmjs.org/stable-hash/-/stable-hash-0.0.5.tgz 0ms (cache hit)
1134 silly packumentCache corgi:https://registry.npmjs.org/semver cache-miss
1135 silly packumentCache corgi:https://registry.npmjs.org/resolve cache-miss
1136 http cache string.prototype.includes@https://registry.npmjs.org/string.prototype.includes/-/string.prototype.includes-2.0.1.tgz 0ms (cache hit)
1137 http cache prop-types@https://registry.npmjs.org/prop-types/-/prop-types-15.8.1.tgz 0ms (cache hit)
1138 http cache strip-bom@https://registry.npmjs.org/strip-bom/-/strip-bom-3.0.0.tgz 0ms (cache hit)
1139 http cache parent-module@https://registry.npmjs.org/parent-module/-/parent-module-1.0.1.tgz 0ms (cache hit)
1140 http cache resolve-pkg-maps@https://registry.npmjs.org/resolve-pkg-maps/-/resolve-pkg-maps-1.0.0.tgz 0ms (cache hit)
1141 http cache punycode@https://registry.npmjs.org/punycode/-/punycode-2.3.1.tgz 0ms (cache hit)
1142 http cache react-is@https://registry.npmjs.org/react-is/-/react-is-16.13.1.tgz 0ms (cache hit)
1143 http cache react@https://registry.npmjs.org/react/-/react-19.2.8.tgz 0ms (cache hit)
1144 http cache object.groupby@https://registry.npmjs.org/object.groupby/-/object.groupby-1.0.3.tgz 0ms (cache hit)
1145 silly packumentCache corgi:https://registry.npmjs.org/nanoid cache-miss
1146 http cache object-assign@https://registry.npmjs.org/object-assign/-/object-assign-4.1.1.tgz 0ms (cache hit)
1147 http cache lodash.merge@https://registry.npmjs.org/lodash.merge/-/lodash.merge-4.6.2.tgz 0ms (cache hit)
1148 http cache napi-postinstall@https://registry.npmjs.org/napi-postinstall/-/napi-postinstall-0.3.4.tgz 0ms (cache hit)
1149 http cache language-tags@https://registry.npmjs.org/language-tags/-/language-tags-1.0.9.tgz 0ms (cache hit)
1150 http cache language-subtag-registry@https://registry.npmjs.org/language-subtag-registry/-/language-subtag-registry-0.3.23.tgz 0ms (cache hit)
1151 http cache loose-envify@https://registry.npmjs.org/loose-envify/-/loose-envify-1.4.0.tgz 0ms (cache hit)
1152 http cache lenis@https://registry.npmjs.org/lenis/-/lenis-1.3.26.tgz 0ms (cache hit)
1153 silly packumentCache corgi:https://registry.npmjs.org/json5 cache-miss
1154 http cache js-yaml@https://registry.npmjs.org/js-yaml/-/js-yaml-4.3.1.tgz 0ms (cache hit)
1155 http cache json-schema-traverse@https://registry.npmjs.org/json-schema-traverse/-/json-schema-traverse-0.4.1.tgz 0ms (cache hit)
1156 http cache resolve-from@https://registry.npmjs.org/resolve-from/-/resolve-from-4.0.0.tgz 0ms (cache hit)
1157 http cache iterator.prototype@https://registry.npmjs.org/iterator.prototype/-/iterator.prototype-1.1.5.tgz 0ms (cache hit)
1158 http cache minimatch@https://registry.npmjs.org/minimatch/-/minimatch-3.1.5.tgz 0ms (cache hit)
1159 silly packumentCache corgi:https://registry.npmjs.org/jsesc cache-miss
1160 http cache has-flag@https://registry.npmjs.org/has-flag/-/has-flag-4.0.0.tgz 0ms (cache hit)
1161 http cache minimist@https://registry.npmjs.org/minimist/-/minimist-1.2.8.tgz 0ms (cache hit)
1162 http cache gsap@https://registry.npmjs.org/gsap/-/gsap-3.15.0.tgz 0ms (cache hit)
1163 http cache import-fresh@https://registry.npmjs.org/import-fresh/-/import-fresh-3.3.1.tgz 0ms (cache hit)
1164 http cache get-tsconfig@https://registry.npmjs.org/get-tsconfig/-/get-tsconfig-4.14.3.tgz 0ms (cache hit)
1165 http cache is-bun-module@https://registry.npmjs.org/is-bun-module/-/is-bun-module-2.0.0.tgz 0ms (cache hit)
1166 http cache ignore@https://registry.npmjs.org/ignore/-/ignore-5.3.2.tgz 0ms (cache hit)
1167 http cache fast-deep-equal@https://registry.npmjs.org/fast-deep-equal/-/fast-deep-equal-3.1.3.tgz 0ms (cache hit)
1168 http cache eslint-scope@https://registry.npmjs.org/eslint-scope/-/eslint-scope-8.4.0.tgz 0ms (cache hit)
1169 http cache eslint-plugin-react@https://registry.npmjs.org/eslint-plugin-react/-/eslint-plugin-react-7.37.5.tgz 0ms (cache hit)
1170 http cache eslint-visitor-keys@https://registry.npmjs.org/eslint-visitor-keys/-/eslint-visitor-keys-4.2.1.tgz 0ms (cache hit)
1171 http cache esrecurse@https://registry.npmjs.org/esrecurse/-/esrecurse-4.3.0.tgz 0ms (cache hit)
1172 http cache eslint-plugin-jsx-a11y@https://registry.npmjs.org/eslint-plugin-jsx-a11y/-/eslint-plugin-jsx-a11y-6.10.2.tgz 0ms (cache hit)
1173 http cache espree@https://registry.npmjs.org/espree/-/espree-10.4.0.tgz 0ms (cache hit)
1174 http cache eslint-config-next@https://registry.npmjs.org/eslint-config-next/-/eslint-config-next-16.3.2.tgz 0ms (cache hit)
1175 http cache fast-json-stable-stringify@https://registry.npmjs.org/fast-json-stable-stringify/-/fast-json-stable-stringify-2.1.0.tgz 0ms (cache hit)
1176 http cache eslint-import-resolver-typescript@https://registry.npmjs.org/eslint-import-resolver-typescript/-/eslint-import-resolver-typescript-3.10.1.tgz 0ms (cache hit)
1177 http cache eslint-module-utils@https://registry.npmjs.org/eslint-module-utils/-/eslint-module-utils-2.14.0.tgz 0ms (cache hit)
1178 http cache eslint-plugin-import@https://registry.npmjs.org/eslint-plugin-import/-/eslint-plugin-import-2.32.0.tgz 0ms (cache hit)
1179 http cache es-iterator-helpers@https://registry.npmjs.org/es-iterator-helpers/-/es-iterator-helpers-1.4.0.tgz 0ms (cache hit)
1180 http cache emoji-regex@https://registry.npmjs.org/emoji-regex/-/emoji-regex-9.2.2.tgz 0ms (cache hit)
1181 http cache damerau-levenshtein@https://registry.npmjs.org/damerau-levenshtein/-/damerau-levenshtein-1.0.8.tgz 0ms (cache hit)
1182 http cache chalk@https://registry.npmjs.org/chalk/-/chalk-4.1.2.tgz 0ms (cache hit)
1183 http cache axobject-query@https://registry.npmjs.org/axobject-query/-/axobject-query-4.1.0.tgz 0ms (cache hit)
1184 http cache color-convert@https://registry.npmjs.org/color-convert/-/color-convert-2.0.1.tgz 0ms (cache hit)
1185 http cache color-name@https://registry.npmjs.org/color-name/-/color-name-1.1.4.tgz 0ms (cache hit)
1186 http cache brace-expansion@https://registry.npmjs.org/brace-expansion/-/brace-expansion-1.1.18.tgz 0ms (cache hit)
1187 silly packumentCache corgi:https://registry.npmjs.org/baseline-browser-mapping cache-miss
1188 http cache ast-types-flow@https://registry.npmjs.org/ast-types-flow/-/ast-types-flow-0.0.8.tgz 0ms (cache hit)
1189 http cache concat-map@https://registry.npmjs.org/concat-map/-/concat-map-0.0.1.tgz 0ms (cache hit)
1190 http cache eslint@https://registry.npmjs.org/eslint/-/eslint-9.39.5.tgz 0ms (cache hit)
1191 http cache axe-core@https://registry.npmjs.org/axe-core/-/axe-core-4.13.0.tgz 0ms (cache hit)
1192 http cache array.prototype.tosorted@https://registry.npmjs.org/array.prototype.tosorted/-/array.prototype.tosorted-1.1.4.tgz 0ms (cache hit)
1193 silly packumentCache corgi:https://registry.npmjs.org/browserslist cache-miss
1194 http cache balanced-match@https://registry.npmjs.org/balanced-match/-/balanced-match-1.0.2.tgz 0ms (cache hit)
1195 http cache array.prototype.findlast@https://registry.npmjs.org/array.prototype.findlast/-/array.prototype.findlast-1.2.5.tgz 0ms (cache hit)
1196 http cache aria-query@https://registry.npmjs.org/aria-query/-/aria-query-5.3.2.tgz 0ms (cache hit)
1197 http cache ansi-styles@https://registry.npmjs.org/ansi-styles/-/ansi-styles-4.3.0.tgz 0ms (cache hit)
1198 http cache array.prototype.findlastindex@https://registry.npmjs.org/array.prototype.findlastindex/-/array.prototype.findlastindex-1.2.6.tgz 0ms (cache hit)
1199 http cache argparse@https://registry.npmjs.org/argparse/-/argparse-2.0.1.tgz 0ms (cache hit)
1200 http cache acorn-jsx@https://registry.npmjs.org/acorn-jsx/-/acorn-jsx-5.3.2.tgz 0ms (cache hit)
1201 http cache ajv@https://registry.npmjs.org/ajv/-/ajv-6.15.0.tgz 0ms (cache hit)
1202 http cache acorn@https://registry.npmjs.org/acorn/-/acorn-8.18.0.tgz 0ms (cache hit)
1203 silly packumentCache corgi:https://registry.npmjs.org/@img%2fsharp-libvips-darwin-arm64 cache-miss
1204 http cache react-dom@https://registry.npmjs.org/react-dom/-/react-dom-19.2.8.tgz 0ms (cache hit)
1205 http cache semver@https://registry.npmjs.org/semver/-/semver-7.8.5.tgz 0ms (cache hit)
1206 http cache balanced-match@https://registry.npmjs.org/balanced-match/-/balanced-match-4.0.4.tgz 0ms (cache hit)
1207 http cache eslint-visitor-keys@https://registry.npmjs.org/eslint-visitor-keys/-/eslint-visitor-keys-5.0.1.tgz 0ms (cache hit)
1208 http cache brace-expansion@https://registry.npmjs.org/brace-expansion/-/brace-expansion-5.0.9.tgz 0ms (cache hit)
1209 http cache globals@https://registry.npmjs.org/globals/-/globals-14.0.0.tgz 0ms (cache hit)
1210 http cache json5@https://registry.npmjs.org/json5/-/json5-1.0.2.tgz 0ms (cache hit)
1211 http cache minimatch@https://registry.npmjs.org/minimatch/-/minimatch-10.2.6.tgz 0ms (cache hit)
1212 http cache ignore@https://registry.npmjs.org/ignore/-/ignore-7.0.6.tgz 0ms (cache hit)
1213 silly packumentCache corgi:https://registry.npmjs.org/semver cache-miss
1214 http cache picomatch@https://registry.npmjs.org/picomatch/-/picomatch-4.0.5.tgz 0ms (cache hit)
1215 http cache fdir@https://registry.npmjs.org/fdir/-/fdir-6.5.0.tgz 0ms (cache hit)
1216 http cache callsites@https://registry.npmjs.org/callsites/-/callsites-3.1.0.tgz 0ms (cache hit)
1217 http cache semver@https://registry.npmjs.org/semver/-/semver-7.8.5.tgz 0ms (cache hit)
1218 http cache debug@https://registry.npmjs.org/debug/-/debug-3.2.7.tgz 0ms (cache hit)
1219 http cache debug@https://registry.npmjs.org/debug/-/debug-3.2.7.tgz 0ms (cache hit)
1220 silly tarball no local data for react-dom@https://registry.npmjs.org/react-dom/-/react-dom-19.2.8.tgz. Extracting by manifest.
1221 http cache next@https://registry.npmjs.org/next/-/next-16.3.2.tgz 0ms (cache hit)
1222 silly tarball no local data for next@https://registry.npmjs.org/next/-/next-16.3.2.tgz. Extracting by manifest.
1223 warn deprecated eslint@9.39.5: This version is no longer supported. Please see https://eslint.org/version-support for other options.
1224 http fetch GET 200 https://registry.npmjs.org/resolve 680ms (cache miss)
1225 silly packumentCache corgi:https://registry.npmjs.org/resolve set size:undefined disposed:false
1226 http cache https://registry.npmjs.org/resolve/-/resolve-2.0.0-next.7.tgz 4ms (cache hit)
1227 http fetch GET 200 https://registry.npmjs.org/which 824ms (cache miss)
1228 silly packumentCache corgi:https://registry.npmjs.org/which set size:undefined disposed:false
1229 http cache https://registry.npmjs.org/which/-/which-2.0.2.tgz 2ms (cache hit)
1230 http fetch GET 200 https://registry.npmjs.org/baseline-browser-mapping 922ms (cache miss)
1231 silly packumentCache corgi:https://registry.npmjs.org/baseline-browser-mapping set size:undefined disposed:false
1232 http cache https://registry.npmjs.org/baseline-browser-mapping/-/baseline-browser-mapping-2.11.18.tgz 3ms (cache hit)
1233 http fetch GET 200 https://registry.npmjs.org/@babel%2fparser 1072ms (cache miss)
1234 silly packumentCache corgi:https://registry.npmjs.org/@babel%2fparser set size:undefined disposed:false
1235 http fetch GET 200 https://registry.npmjs.org/browserslist 1074ms (cache miss)
1236 silly packumentCache corgi:https://registry.npmjs.org/browserslist set size:undefined disposed:false
1237 http cache https://registry.npmjs.org/browserslist/-/browserslist-4.28.8.tgz 2ms (cache hit)
1238 http fetch GET 200 https://registry.npmjs.org/json5 1086ms (cache miss)
1239 silly packumentCache corgi:https://registry.npmjs.org/json5 set size:undefined disposed:false
1240 http cache https://registry.npmjs.org/json5/-/json5-2.2.3.tgz 2ms (cache hit)
1241 http fetch GET 200 https://registry.npmjs.org/@babel/parser/-/parser-7.29.8.tgz 43ms (cache revalidated)
1242 http fetch GET 200 https://registry.npmjs.org/nanoid 1134ms (cache miss)
1243 silly packumentCache corgi:https://registry.npmjs.org/nanoid set size:undefined disposed:false
1244 http cache https://registry.npmjs.org/nanoid/-/nanoid-3.3.18.tgz 2ms (cache hit)
1245 http fetch GET 200 https://registry.npmjs.org/semver 1289ms (cache miss)
1246 silly packumentCache corgi:https://registry.npmjs.org/semver set size:undefined disposed:false
1247 http cache https://registry.npmjs.org/semver/-/semver-6.3.1.tgz 2ms (cache hit)
1248 http fetch GET 200 https://registry.npmjs.org/update-browserslist-db 1481ms (cache miss)
1249 silly packumentCache corgi:https://registry.npmjs.org/update-browserslist-db set size:undefined disposed:false
1250 http cache https://registry.npmjs.org/update-browserslist-db/-/update-browserslist-db-1.3.1.tgz 2ms (cache hit)
1251 http fetch GET 200 https://registry.npmjs.org/jsesc 1511ms (cache miss)
1252 silly packumentCache corgi:https://registry.npmjs.org/jsesc set size:undefined disposed:false
1253 http cache https://registry.npmjs.org/jsesc/-/jsesc-3.1.0.tgz 1ms (cache hit)
1254 http fetch GET 200 https://registry.npmjs.org/@img%2fsharp-libvips-darwin-arm64 1525ms (cache miss)
1255 silly packumentCache corgi:https://registry.npmjs.org/@img%2fsharp-libvips-darwin-arm64 set size:undefined disposed:false
1256 http fetch GET 200 https://registry.npmjs.org/@img/sharp-libvips-darwin-arm64/-/sharp-libvips-darwin-arm64-1.3.2.tgz 106ms (cache revalidated)
1257 http fetch GET 200 https://registry.npmjs.org/semver 1910ms (cache miss)
1258 silly packumentCache corgi:https://registry.npmjs.org/semver set size:undefined disposed:false
1259 http cache https://registry.npmjs.org/semver/-/semver-7.8.5.tgz 4ms (cache hit)
1260 http fetch POST 200 https://registry.npmjs.org/-/npm/v1/security/advisories/bulk 2051ms
1261 silly audit report {}
1262 http fetch GET 200 https://registry.npmjs.org/react-dom/-/react-dom-19.2.8.tgz 2602ms (cache miss)
1263 http fetch GET 200 https://registry.npmjs.org/next/-/next-16.3.2.tgz 29169ms (cache miss)
1264 info run unrs-resolver@1.12.2 postinstall node_modules/unrs-resolver node postinstall.js
1265 info run unrs-resolver@1.12.2 postinstall { code: 0, signal: null }
1266 silly CHANGE node_modules/@typescript-eslint/visitor-keys
1267 silly CHANGE node_modules/@typescript-eslint/visitor-keys/node_modules/eslint-visitor-keys
1268 silly CHANGE node_modules/@typescript-eslint/utils
1269 silly CHANGE node_modules/@typescript-eslint/parser
1270 silly CHANGE node_modules/@unrs/resolver-binding-darwin-arm64
1271 silly CHANGE node_modules/@typescript-eslint/typescript-estree
1272 silly CHANGE node_modules/@typescript-eslint/typescript-estree/node_modules/brace-expansion
1273 silly CHANGE node_modules/@typescript-eslint/typescript-estree/node_modules/semver
1274 silly CHANGE node_modules/@typescript-eslint/typescript-estree/node_modules/balanced-match
1275 silly CHANGE node_modules/@typescript-eslint/typescript-estree/node_modules/minimatch
1276 silly CHANGE node_modules/@typescript-eslint/types
1277 silly CHANGE node_modules/@typescript-eslint/type-utils
1278 silly CHANGE node_modules/@typescript-eslint/scope-manager
1279 silly CHANGE node_modules/@typescript-eslint/project-service
1280 silly CHANGE node_modules/@types/estree
1281 silly CHANGE node_modules/@typescript-eslint/tsconfig-utils
1282 silly CHANGE node_modules/@typescript-eslint/eslint-plugin
1283 silly CHANGE node_modules/@typescript-eslint/eslint-plugin/node_modules/ignore
1284 silly CHANGE node_modules/@types/react
1285 silly CHANGE node_modules/@types/node
1286 silly CHANGE node_modules/@types/json5
1287 silly CHANGE node_modules/@types/json-schema
1288 silly CHANGE node_modules/@rtsao/scc
1289 silly CHANGE node_modules/@types/react-dom
1290 silly CHANGE node_modules/@nolyfill/is-core-module
1291 silly CHANGE node_modules/@eslint/plugin-kit
1292 silly CHANGE node_modules/unrs-resolver
1293 silly CHANGE node_modules/@eslint/eslintrc
1294 silly CHANGE node_modules/@eslint/eslintrc/node_modules/globals
1295 silly CHANGE node_modules/@eslint/object-schema
1296 silly CHANGE node_modules/@gsap/react
1297 silly CHANGE node_modules/@eslint/core
1298 silly CHANGE node_modules/@eslint/js
1299 silly CHANGE node_modules/@eslint/config-helpers
1300 silly CHANGE node_modules/@eslint/config-array
1301 silly CHANGE node_modules/@babel/parser
1302 silly CHANGE node_modules/which
1303 silly CHANGE node_modules/typescript-eslint
1304 silly CHANGE node_modules/uri-js
1305 silly CHANGE node_modules/update-browserslist-db
1306 silly CHANGE node_modules/strip-bom
1307 silly CHANGE node_modules/tsconfig-paths
1308 silly CHANGE node_modules/tsconfig-paths/node_modules/json5
1309 silly CHANGE node_modules/typescript
1310 silly CHANGE node_modules/ts-api-utils
1311 silly CHANGE node_modules/tinyglobby
1312 silly CHANGE node_modules/tinyglobby/node_modules/picomatch
1313 silly CHANGE node_modules/tinyglobby/node_modules/fdir
1314 silly CHANGE node_modules/supports-color
1315 silly CHANGE node_modules/tailwindcss
1316 silly CHANGE node_modules/strip-json-comments
1317 silly CHANGE node_modules/string.prototype.matchall
1318 silly CHANGE node_modules/string.prototype.repeat
1319 silly CHANGE node_modules/string.prototype.includes
1320 silly CHANGE node_modules/stable-hash
1321 silly CHANGE node_modules/semver
1322 silly CHANGE node_modules/sharp/node_modules/semver
1323 silly CHANGE node_modules/resolve
1324 silly CHANGE node_modules/resolve-from
1325 silly CHANGE node_modules/resolve-pkg-maps
1326 silly CHANGE node_modules/prop-types
1327 silly CHANGE node_modules/react-is
1328 silly CHANGE node_modules/punycode
1329 silly CHANGE node_modules/react
1330 silly CHANGE node_modules/parent-module
1331 silly CHANGE node_modules/object.groupby
1332 silly CHANGE node_modules/minimist
1333 silly CHANGE node_modules/object-assign
1334 silly CHANGE node_modules/nanoid
1335 silly CHANGE node_modules/napi-postinstall
1336 silly CHANGE node_modules/minimatch
1337 silly CHANGE node_modules/loose-envify
1338 silly CHANGE node_modules/lodash.merge
1339 silly CHANGE node_modules/language-tags
1340 silly CHANGE node_modules/language-subtag-registry
1341 silly CHANGE node_modules/lenis
1342 silly CHANGE node_modules/json-schema-traverse
1343 silly CHANGE node_modules/json5
1344 silly CHANGE node_modules/js-yaml
1345 silly CHANGE node_modules/jsesc
1346 silly CHANGE node_modules/iterator.prototype
1347 silly CHANGE node_modules/is-bun-module
1348 silly CHANGE node_modules/is-bun-module/node_modules/semver
1349 silly CHANGE node_modules/import-fresh
1350 silly CHANGE node_modules/ignore
1351 silly CHANGE node_modules/has-flag
1352 silly CHANGE node_modules/gsap
1353 silly CHANGE node_modules/get-tsconfig
1354 silly CHANGE node_modules/fast-json-stable-stringify
1355 silly CHANGE node_modules/fast-deep-equal
1356 silly CHANGE node_modules/eslint-visitor-keys
1357 silly CHANGE node_modules/espree
1358 silly CHANGE node_modules/eslint-scope
1359 silly CHANGE node_modules/esrecurse
1360 silly CHANGE node_modules/eslint-plugin-react
1361 silly CHANGE node_modules/eslint-plugin-jsx-a11y
1362 silly CHANGE node_modules/eslint-plugin-import
1363 silly CHANGE node_modules/eslint-plugin-import/node_modules/debug
1364 silly CHANGE node_modules/eslint-import-resolver-typescript
1365 silly CHANGE node_modules/eslint-module-utils
1366 silly CHANGE node_modules/eslint-module-utils/node_modules/debug
1367 silly CHANGE node_modules/es-iterator-helpers
1368 silly CHANGE node_modules/eslint-config-next
1369 silly CHANGE node_modules/eslint
1370 silly CHANGE node_modules/emoji-regex
1371 silly CHANGE node_modules/damerau-levenshtein
1372 silly CHANGE node_modules/axobject-query
1373 silly CHANGE node_modules/color-name
1374 silly CHANGE node_modules/concat-map
1375 silly CHANGE node_modules/color-convert
1376 silly CHANGE node_modules/chalk
1377 silly CHANGE node_modules/baseline-browser-mapping
1378 silly CHANGE node_modules/callsites
1379 silly CHANGE node_modules/ast-types-flow
1380 silly CHANGE node_modules/brace-expansion
1381 silly CHANGE node_modules/browserslist
1382 silly CHANGE node_modules/balanced-match
1383 silly CHANGE node_modules/array.prototype.tosorted
1384 silly CHANGE node_modules/axe-core
1385 silly CHANGE node_modules/array.prototype.findlastindex
1386 silly CHANGE node_modules/aria-query
1387 silly CHANGE node_modules/array.prototype.findlast
1388 silly CHANGE node_modules/ansi-styles
1389 silly CHANGE node_modules/argparse
1390 silly CHANGE node_modules/ajv
1391 silly CHANGE node_modules/acorn-jsx
1392 silly CHANGE node_modules/acorn
1393 silly CHANGE node_modules/@img/sharp-libvips-darwin-arm64
1394 silly CHANGE node_modules/react-dom
1395 silly CHANGE node_modules/next
1396 warn allow-scripts 1 package has install scripts not yet covered by allowScripts:
1396 warn allow-scripts   unrs-resolver@1.12.2 (postinstall: node postinstall.js)
1396 warn allow-scripts
1396 warn allow-scripts Run `npm approve-scripts --allow-scripts-pending` to review, or `npm approve-scripts <pkg>` to allow.
1397 verbose cwd /Users/rajatmittal/Documents/Codex/2026-08-23/he/MSA-BIT-Jaipur-v2
1398 verbose os Darwin 25.5.0
1399 verbose node v26.4.0
1400 verbose npm  v11.17.0
1401 verbose exit 0
1402 info ok
